Conversation: BOA3015

https://search.corpuskiparla.it/corpus/conversations/BOA3015.html

#Text=no mi trovo molto bene			
no	ADV	no	O
mi	CLI	mi	O
trovo	VER:fin	trovare	O
molto	ADV	molto	O
bene	ADV	bene	O
			
#Text=ehm questo è il terzo anno che sono a bologna			
ehm	ADJ	<unknown>	O
questo	PRO:demo	questo	O
è	VER:fin	essere	O
il	ART	il	O
terzo	ADJ	terzo	O
anno	NOUN	anno	O
che	CHE	che	O
sono	VER:fin	essere	O
a	PRE	a	O
bologna	ADJ	<unknown>	O
			
#Text=e è molto è molto interessante come la vedo ora dopo dopo appunto due anni che ci sto			
e	CON	e	O
è	VER:fin	essere	O
molto	ADV	molto	O
è	VER:fin	essere	O
molto	ADV	molto	O
interessante	ADJ	interessante	O
come	WH	come	O
la	CLI	la	O
vedo	VER:fin	vedere	O
ora	ADV	ora	O
dopo	ADV	dopo	O
dopo	PRE	dopo	O
appunto	ADV	appunto	O
due	DET:num	due	O
anni	NOUN	anno	O
che	CHE	che	O
ci	CLI	ci	O
sto	VER:fin	stare	O
			
#Text=perché quando sono arrivata insomma io vengo da un posto dalla svizzera italiana da nomepaese			
perché	WH	perché	O
quando	WH	quando	O
sono	AUX:fin	essere	O
arrivata	VER:ppast	arrivare	O
insomma	ADV	insomma	O
io	PRO:pers	io	O
vengo	VER:fin	venire	O
da	PRE	da	O
un	ART	un	O
posto	NOUN	posto	O
dalla	ARTPRE	dalla	O
svizzera	NOUN	svizzera	O
italiana	ADJ	italiano	O
da	PRE	da	O
nomepaese	NOUN	<unknown>	O		
			
#Text=che è un posto piccolo e quindi arrivare in questa città così goliardica insomma all' inizio è stato un un boom incredibile			
che	CHE	che	O
è	VER:fin	essere	O
un	ART	un	O
posto	NOUN	posto	O
piccolo	ADJ	piccolo	O
e	CON	e	O
quindi	ADV	quindi	O
arrivare	VER:infi	arrivare	O
in	PRE	in	O
questa	DET:demo	questo	O
città	NOUN	città	O
così	ADV	così	O
goliardica	ADJ	goliardico	O
insomma	ADV	insomma	O
all'	ARTPRE	all'	O
inizio	NOUN	inizio	O
è	AUX:fin	essere	O
stato	VER:ppast	essere|stare	O
un	ART	un	O
un	ART	un	O
boom	NOUN	boom	O
incredibile	ADJ	incredibile	O
			
#Text=mi sono trovata travolta nella vita mondana bolognese			
mi	CLI	mi	O
sono	AUX:fin	essere	O
trovata	VER:ppast	trovare	O
travolta	VER:ppast	travolgere	O
nella	ARTPRE	nella	O
vita	NOUN	vita	O
mondana	ADJ	mondano	O
bolognese	ADJ	bolognese	O
			
#Text=di studenti infatti è così che ti ho conosciuto subito praticamente			
di	PRE	di	O
studenti	NOUN	studente	O
infatti	ADV	infatti	O
è	VER:fin	essere	O
così	ADV	così	O
che	CHE	che	O
ti	CLI	ti	O
ho	AUX:fin	avere	O
conosciuto	VER:ppast	conoscere	O
subito	ADV	subito	O
praticamente	ADV:mente	praticamente	O
			
#Text=beh neanche in situazioni troppo deliranti dai			
beh	NOCAT	beh	O
neanche	ADV	neanche	O
in	PRE	in	O
situazioni	NOUN	situazione	O
troppo	ADV	troppo	O
deliranti	VER:ppre	delirare	O
dai	ARTPRE	dal	O
			
#Text=no no assolutamente no que			
no	ADV	no	O
no	ADV	no	O
assolutamente	ADV:mente	assolutamente	O
no	ADV	no	O
que	VER:fin	<unknown>	O
			
#Text=mondane sì però			
mondane	ADJ	mondano	O
sì	ADV	sì	O
però	ADV	però	O
			
#Text=no no no quello no			
no	ADV	no	O
no	ADV	no	O
no	ADV	no	O
quello	PRO:demo	quello	O
no	ADV	no	O
			
#Text=però appunto eh il primo anno è stato così un un un un anno molto di m molto divertimento con molto divertimento insomma molte uscite			
però	ADV	però	O
appunto	ADV	appunto	O
eh	NOCAT	eh	O
il	ART	il	O
primo	ADJ	primo	O
anno	NOUN	anno	O
è	AUX:fin	essere	O
stato	VER:ppast	essere|stare	O
così	ADV	così	O
un	ART	un	O
un	ART	un	O
un	ART	un	O
un	ART	un	O
anno	NOUN	anno	O
molto	ADV	molto	O
di	PRE	di	O
m	VER:fin	<unknown>	O
molto	ADV	molto	O
divertimento	NOUN	divertimento	O
con	PRE	con	O
molto	ADV	molto	O
divertimento	NOUN	divertimento	O
insomma	ADV	insomma	O
molte	DET:indef	molto	O
uscite	NOUN	uscita	O
			
#Text=e e adesso dopo invece appunto due anni son sto molto di più in casa vivo la città in modo diverso per esempio giro molto di meno			
e	CON	e	O
e	CON	e	O
adesso	ADV	adesso	O
dopo	PRE	dopo	O
invece	ADV	invece	O
appunto	ADV	appunto	O
due	DET:num	due	O
anni	NOUN	anno	O
son	VER:fin	essere	O
sto	VER:fin	stare	O
molto	ADV	molto	O
di	PRE	di	O
più	ADV	più	O
in	PRE	in	O
casa	NOUN	casa	O
vivo	ADJ	vivo	O
la	ART	la	O
città	NOUN	città	O
in	PRE	in	O
modo	NOUN	modo	O
diverso	ADJ	diverso	O
per	PRE	per	B
esempio	NOUN	esempio	I
giro	NOUN	giro	O
molto	ADV	molto	O
di	PRE	di	O
meno	ADV	meno	O
			
#Text=sto sempre nei nei soliti posti per esempio qua a santa cristina perche vengo a studiare vengo a lezione qua c' è i m i miei corsi sono qui			
sto	VER:fin	stare	O
sempre	ADV	sempre	O
nei	ARTPRE	nel	O
nei	ARTPRE	nel	O
soliti	ADJ	solito	O
posti	NOUN	posto	O
per	PRE	per	B
esempio	NOUN	esempio	I
qua	ADV	qua	O
a	PRE	a	O
santa	NOUN	santa	O
cristina	VER:fin	<unknown>	O
perche	WH	perché	O
vengo	VER:fin	venire	O
a	PRE	a	O
studiare	VER:infi	studiare	O
vengo	VER:fin	venire	O
a	PRE	a	O
lezione	NOUN	lezione	O
qua	ADV	qua	O
c'	CLI	c'	O
è	VER:fin	essere	O
i	ART	il	O
m	VER:fin	<unknown>	O
i	ART	il	O
miei	DET:poss	mio	O
corsi	NOUN	corso	O
sono	VER:fin	essere	O
qui	ADV	qui	O
			
#Text=e quindi eh vi eh come dire vivo i posti in modo più intimo beh			
e	CON	e	O
quindi	ADV	quindi	O
eh	NOCAT	eh	O
vi	CLI	vi	O
eh	NOCAT	eh	O
come	WH	come	O
dire	VER:infi	dire	O
vivo	ADJ	vivo	O
i	ART	il	O
posti	NOUN	posto	O
in	PRE	in	O
modo	NOUN	modo	O
più	ADV	più	O
intimo	ADJ	intimo	O
beh	NOCAT	beh	O
			
#Text=ma che posto è questo lo sai			
ma	CON	ma	O
che	CHE	che	O
posto	NOUN	posto	O
è	VER:fin	essere	O
questo	PRO:demo	questo	O
lo	ART	il	O
sai	NOUN	saio	O
			
#Text=eh beh penso che questo fosse un eh un monastero un conve non sono sicura non vorrei dirti una stupidata però c' è la chiesa			
eh	NOCAT	eh	O
beh	NOCAT	beh	O
penso	VER:fin	pensare	O
che	CHE	che	O
questo	PRO:demo	questo	O
fosse	VER:fin	essere	O
un	ART	un	O
eh	NOCAT	eh	O
un	ART	un	O
monastero	NOUN	monastero	O
un	ART	un	O
conve	NOUN	<unknown>	O
non	NEG	non	O
sono	VER:fin	essere	O
sicura	ADJ	sicuro	O
non	NEG	non	O
vorrei	VER2:fin	volere	O
dirti	VER:infi:cli	dire	O
una	ART	una	O
stupidata	NOUN	stupidata	O
però	ADV	però	O
c'	CLI	c'	O
è	VER:fin	essere	O
la	ART	la	O
chiesa	NOUN	chiesa	O
			
#Text=qua c' è una corte quindi			
qua	ADV	qua	O
c'	CLI	c'	O
è	VER:fin	essere	O
una	ART	una	O
corte	NOUN	corte	O
quindi	ADV	quindi	O
			
#Text=ah beh in effetti			
ah	NOCAT	ah	O
beh	NOCAT	beh	O
in	PRE	in	B
effetti	NOUN	effetto	I
			
#Text=ehm e niente questo posto tra l' altro eh la prima volta in cui ci son venuta io studiavo anco s m facevo ancora il liceo			
ehm	ADJ	<unknown>	O
e	CON	e	O
niente	ADV	niente	O
questo	DET:demo	questo	O
posto	NOUN	posto	O
tra	PRE	tra	B
l'	ART	l'	I
altro	PRO:indef	altro	I
eh	NOCAT	eh	O
la	ART	la	O
prima	ADJ	primo	O
volta	NOUN	volta	O
in	PRE	in	O
cui	WH	cui	O
ci	CLI	ci	O
son	AUX:fin	essere	O
venuta	VER:ppast	venire	O
io	PRO:pers	io	O
studiavo	VER:fin	studiare	O
anco	ADJ	<unknown>	O
s	VER:fin	<unknown>	O
m	ADJ	<unknown>	O
facevo	VER:fin	fare	O
ancora	ADV	ancora	O
il	ART	il	O
liceo	NOUN	liceo	O
			
#Text=sto penso era ultimo anno del lice ed ero venuta a trovare simone ti ricordi simone ehm			
sto	VER:fin	stare	O
penso	VER:fin	pensare	O
era	VER:fin	essere	O
ultimo	ADJ	ultimo	O
anno	NOUN	anno	O
del	ARTPRE	del	O
lice	VER:fin	licere	O
ed	CON	ed	O
ero	AUX:fin	essere	O
venuta	VER:ppast	venire	O
a	PRE	a	O
trovare	VER:infi	trovare	O
simone	NOUN	<unknown>	O
ti	CLI	ti	O
ricordi	VER:fin	ricordare	O
simone	NOUN	<unknown>	O
ehm	ADJ	<unknown>	O
			
#Text=mhmh			
mhmh	VER:fin	<unknown>	O
			
#Text=e lui appunto faceva scienze politiche quindi veniva qua a lezione poi a studiare			
e	CON	e	O
lui	PRO:pers	lui	O
appunto	ADV	appunto	O
faceva	VER:fin	fare	O
scienze	NOUN	scienza	O
politiche	ADJ	politico	O
quindi	ADV	quindi	O
veniva	AUX:fin	venire	O
qua	ADV	qua	O
a	PRE	a	O
lezione	NOUN	lezione	O
poi	ADV	poi	O
a	PRE	a	O
studiare	VER:infi	studiare	O
			
#Text=e siamo venuti a studiare e non nella libreri nella biblioteca quella aperta a tutti ma nella fondazione federico zeri			
e	CON	e	O
siamo	AUX:fin	essere	O
venuti	VER:ppast	venire	O
a	PRE	a	O
studiare	VER:infi	studiare	O
e	CON	e	O
non	NEG	non	O
nella	ARTPRE	nella	O
libreri	NOUN	<unknown>	O
nella	ARTPRE	nella	O
biblioteca	NOUN	biblioteca	O
quella	PRO:demo	quella	O
aperta	ADJ	aperto	O
a	PRE	a	O
tutti	DET:indef	tutto	O
ma	CON	ma	O
nella	ARTPRE	nella	O
fondazione	NOUN	fondazione	O
federico	ADJ	<unknown>	O
zeri	NOUN	zero	O
			
#Text=che è qua sopra			
che	CHE	che	O
è	VER:fin	essere	O
qua	ADV	qua	O
sopra	ADV	sopra	O
			
#Text=ed è bellissima è una fondazione			
ed	CON	ed	O
è	VER:fin	essere	O
bellissima	ADJ	bello	O
è	VER:fin	essere	O
una	ART	una	O
fondazione	NOUN	fondazione	O
			
#Text=appunto di questo di questo storico dell' arte			
appunto	ADV	appunto	O
di	PRE	di	O
questo	PRO:demo	questo	O
di	PRE	di	O
questo	DET:demo	questo	O
storico	NOUN	storico	B
dell'	ARTPRE	dell'	I
arte	NOUN	arte	I
			
#Text=federico zeri			
federico	ADJ	<unknown>	O
zeri	NOUN	zero	O
			
#Text=e c' è tutta la sua collezione di libri all' interno che è vastissima			
e	CON	e	O
c'	CLI	c'	O
è	VER:fin	essere	O
tutta	DET:indef	tutto	O
la	ART	la	O
sua	DET:poss	suo	O
collezione	NOUN	collezione	O
di	PRE	di	O
libri	NOUN	libro	O
all'	ARTPRE	all'	B
interno	NOUN	interno	I
che	CHE	che	O
è	VER:fin	essere	O
vastissima	ADJ	vasto	O
			
#Text=ed è un luogo molto molto tranquillo molto ehm insomma pacifico			
ed	CON	ed	O
è	VER:fin	essere	O
un	ART	un	O
luogo	NOUN	luogo	O
molto	ADV	molto	O
molto	ADV	molto	O
tranquillo	ADJ	tranquillo	O
molto	ADV	molto	O
ehm	ADJ	<unknown>	O
insomma	ADV	insomma	O
pacifico	NOUN	pacifico	O
			
#Text=mam mi ricordo che mi avevi contattato per eh per scambiar c' è perché cercavi un inquilino una roba del genere			
mam	ADJ	<unknown>	O
mi	CLI	mi	O
ricordo	VER:fin	ricordare	O
che	CHE	che	O
mi	CLI	mi	O
avevi	AUX:fin	avere	O
contattato	VER:ppast	contattare	O
per	PRE	per	O
eh	NOCAT	eh	O
per	PRE	per	O
scambiar	VER:infi	scambiare	O
c'	CLI	c'	O
è	VER:fin	essere	O
perché	WH	perché	O
cercavi	VER:fin	cercare	O
un	ART	un	O
inquilino	NOUN	inquilino	O
una	ART	una	O
roba	NOUN	roba	O
del	ARTPRE	del	B
genere	NOUN	genere	I
			
#Text=in ca no guarda c' è stato è stato una una storia incredibile			
in	PRE	in	O
ca	VER:fin	<unknown>	O
no	ADV	no	O
guarda	VER:fin	guardare	O
c'	CLI	c'	O
è	AUX:fin	essere	O
stato	VER:ppast	essere|stare	O
è	AUX:fin	essere	O
stato	VER:ppast	essere|stare	O
una	ART	una	O
una	ART	una	O
storia	NOUN	storia	O
incredibile	ADJ	incredibile	O
			
#Text=ieri ho saputo che mi che mi rinnovano il contratto perché quella casa cioè io ci vivo da da quando sono arrivata a bologna no			
ieri	ADV	ieri	O
ho	AUX:fin	avere	O
saputo	VER:ppast	sapere	O
che	CHE	che	O
mi	CLI	mi	O
che	CHE	che	O
mi	CLI	mi	O
rinnovano	VER:fin	rinnovare	O
il	ART	il	O
contratto	NOUN	contratto	O
perché	WH	perché	O
quella	PRO:demo	quella	O
casa	NOUN	casa	O
cioè	ADV	cioè	O
io	PRO:pers	io	O
ci	CLI	ci	O
vivo	VER:fin	vivere	O
da	PRE	da	O
da	PRE	da	O
quando	WH	quando	O
sono	AUX:fin	essere	O
arrivata	VER:ppast	arrivare	O
a	PRE	a	O
bologna	ADJ	<unknown>	O
no	ADV	no	O
			
#Text=adesso e cioè le coinquili cioè le proprietarie ci avevano detto che a dicembre il trentun dicembre avremmo dovuto uscire			
adesso	ADV	adesso	O
e	CON	e	O
cioè	ADV	cioè	O
le	CLI	le	O
coinquili	VER:fin	<unknown>	O
cioè	ADV	cioè	O
le	ART	la	O
proprietarie	NOUN	proprietaria	O
ci	CLI	ci	O
avevano	AUX:fin	avere	O
detto	VER:ppast	dire	O
che	CHE	che	O
a	PRE	a	O
dicembre	NOUN	dicembre	O
il	ART	il	O
trentun	ADJ	<unknown>	O
dicembre	NOUN	dicembre	O
avremmo	AUX:fin	avere	O
dovuto	VER:ppast	dovere	O
uscire	VER:infi	uscire	O
			
#Text=perché ehm eh volevano vendere			
perché	WH	perché	O
ehm	ADJ	<unknown>	O
eh	NOCAT	eh	O
volevano	VER2:fin	volere	O
vendere	VER:infi	vendere	O
			
#Text=e quindi adesso io fino appunto una settimana fa ho cercato casa disperatamente			
e	CON	e	O
quindi	ADV	quindi	O
adesso	ADV	adesso	O
io	PRO:pers	io	O
fino	PRE	fino	O
appunto	ADV	appunto	O
una	ART	una	O
settimana	NOUN	settimana	O
fa	ADV	fa	O
ho	AUX:fin	avere	O
cercato	VER:ppast	cercare	O
casa	NOUN	casa	O
disperatamente	ADV:mente	disperatamente	O
			
#Text=non si trova niente cioè tutto carissimo adesso a bologna ma fuori di testa le singole io cerco una singola			
non	NEG	non	O
si	CLI	si	O
trova	VER:fin	trovare	O
niente	PRO:indef	niente	O
cioè	ADV	cioè	O
tutto	PRO:indef	tutto	O
carissimo	ADJ	caro	O
adesso	ADV	adesso	O
a	PRE	a	O
bologna	ADJ	<unknown>	O
ma	CON	ma	O
fuori	ADV	fuori	B
di	PRE	di	I
testa	NOUN	testa	I
le	ART	la	O
singole	ADJ	singolo	O
io	PRO:pers	io	O
cerco	VER:fin	cercare	O
una	ART	una	O
singola	ADJ	singolo	O
			
#Text=quest' anno c' è stata			
quest'	DET:demo	questo	O
anno	NOUN	anno	O
c'	CLI	c'	O
è	AUX:fin	essere	O
stata	VER:ppast	essere|stare	O
			
#Text=no no è incredi cioè le singole costano quattrocento euro			
no	ADV	no	O
no	ADV	no	O
è	VER:fin	essere	O
incredi	VER:fin	<unknown>	O
cioè	ADV	cioè	O
le	ART	la	O
singole	ADJ	singolo	O
costano	VER:fin	costare	O
quattrocento	DET:num	quattrocento	O
euro	NOUN	euro	O
			
#Text=se le trovi costano così costano quello			
se	CON	se	O
le	CLI	le	O
trovi	VER:fin	trovare	O
costano	VER:fin	costare	O
così	ADV	così	O
costano	VER:fin	costare	O
quello	PRO:demo	quello	O
			
#Text=e poi ehm niente è che io ho chiesto alla pa alla segretaria delle mie padrone di casa			
e	CON	e	O
poi	ADV	poi	O
ehm	ADJ	<unknown>	O
niente	ADV	niente	O
è	VER:fin	essere	O
che	CHE	che	O
io	PRO:pers	io	O
ho	AUX:fin	avere	O
chiesto	VER:ppast	chiedere	O
alla	ARTPRE	alla	O
pa	NOUN	<unknown>	O
alla	ARTPRE	alla	O
segretaria	NOUN	segretaria	O
delle	ARTPRE	della	O
mie	DET:poss	mio	O
padrone	NOUN	padrona|padrone	B
di	PRE	di	I
casa	NOUN	casa	I
			
#Text=se per caso queste qua erano interessate ad affittarci			
se	CON	se	O
per	PRE	per	B
caso	NOUN	caso	I
queste	PRO:demo	queste	O
qua	ADV	qua	O
erano	AUX:fin	essere	O
interessate	VER:ppast	interessare	O
ad	PRE	ad	O
affittarci	VER:infi:cli	<unknown>	O
			
#Text=ancora un po' di mesi l' appartamento nel caso in cui non avessero trovato un acquierente			
ancora	ADV	ancora	O
un	ART	un	O
po'	PRO:indef	po'	O
di	PRE	di	O
mesi	NOUN	mese	O
l'	ART	l'	O
appartamento	NOUN	appartamento	O
nel	ARTPRE	nel	O
caso	NOUN	caso	O
in	PRE	in	O
cui	WH	cui	O
non	NEG	non	O
avessero	AUX:fin	avere	O
trovato	VER:ppast	trovare	O
un	ART	un	O
acquierente	ADJ	<unknown>	O
			
#Text=e è saltato fuori che loro ci rinnovano il contratto			
e	CON	e	O
è	AUX:fin	essere	B
saltato	VER:ppast	saltare	I
fuori	ADV	fuori	I
che	CHE	che	O
loro	PRO:pers	loro	O
ci	CLI	ci	O
rinnovano	VER:fin	rinnovare	O
il	ART	il	O
contratto	NOUN	contratto	O
			
#Text=però questo me l' hanno detto ieri difatti io sono rilassatissima in questo momento			
però	ADV	però	O
questo	PRO:demo	questo	O
me	PRO:pers	me	O
l'	CLI	l'	O
hanno	AUX:fin	avere	O
detto	VER:ppast	dire	O
ieri	ADV	ieri	O
difatti	ADJ	<unknown>	O
io	PRO:pers	io	O
sono	AUX:fin	essere	O
rilassatissima	VER:ppast	<unknown>	O
in	PRE	in	O
questo	DET:demo	questo	O
momento	NOUN	momento	O
			
#Text=ci sta			
ci	CLI	ci	O
sta	VER:fin	stare	O
			
#Text=e quando ti ho chiamato			
e	CON	e	O
quando	WH	quando	O
ti	CLI	ti	O
ho	AUX:fin	avere	O
chiamato	VER:ppast	chiamare	O
			
#Text=è perché allora non mi ricordo neanche com' è è stato un casino			
è	VER:fin	essere	O
perché	WH	perché	O
allora	ADV	allora	O
non	NEG	non	O
mi	CLI	mi	O
ricordo	VER:fin	ricordare	O
neanche	ADV	neanche	O
com'	WH	come	O
è	VER:fin	essere	O
è	AUX:fin	essere	O
stato	VER:ppast	essere|stare	O
un	ART	un	O
casino	NOUN	casino	O
			
#Text=allora eh abbiamo saputo che vendevano			
allora	ADV	allora	O
eh	NOCAT	eh	O
abbiamo	AUX:fin	avere	O
saputo	VER:ppast	sapere	O
che	CHE	che	O
vendevano	VER:fin	vendere	O
			
#Text=che avrebbero venduto l' abbiam saputo tipo a giugno no ci hanno detto fra sei mesi ve ne dovete andare			
che	CHE	che	O
avrebbero	AUX:fin	avere	O
venduto	VER:ppast	vendere	O
l'	ART	l'	O
abbiam	NOUN	<unknown>	O
saputo	VER:ppast	sapere	O
tipo	NOUN	tipo	O
a	PRE	a	O
giugno	NOUN	giugno	O
no	ADV	no	O
ci	CLI	ci	O
hanno	AUX:fin	avere	O
detto	VER:ppast	dire	O
fra	PRE	fra	O
sei	DET:num	sei	O
mesi	NOUN	mese	O
ve	CLI	ve	O
ne	CLI	ne	O
dovete	VER2:fin	dovere	O
andare	VER:infi	andare	O
			
#Text=e una delle mie coinquiline aveva già eh era già entrata in contratto			
e	CON	e	O
una	ART	una	O
delle	ARTPRE	della	O
mie	DET:poss	mio	O
coinquiline	NOUN	<unknown>	O
aveva	AUX:fin	avere	O
già	ADV	già	O
eh	NOCAT	eh	O
era	AUX:fin	essere	O
già	ADV	già	O
entrata	VER:ppast	entrare	O
in	PRE	in	O
contratto	NOUN	contratto	O
			
#Text=in un' altra casa perché se ne voleva andare a viversi a vivere col ra col suo ragazzo			
in	PRE	in	O
un'	ART	un'	O
altra	DET:indef	altro	O
casa	NOUN	casa	O
perché	WH	perché	O
se	CLI	se	O
ne	CLI	ne	O
voleva	VER2:fin	volere	O
andare	VER:infi	andare	O
a	PRE	a	O
viversi	VER:infi:cli	<unknown>	O
a	PRE	a	O
vivere	VER:infi	vivere	O
col	ARTPRE	col	O
ra	NOUN	<unknown>	O
col	ARTPRE	col	O
suo	DET:poss	suo	O
ragazzo	NOUN	ragazzo	O
			
#Text=e quindi siamo rimaste io e la mia altra coinquilina a dover cercare una persona che fosse interessata a starci solo per sei mesi			
e	CON	e	O
quindi	ADV	quindi	O
siamo	AUX:fin	essere	O
rimaste	VER:ppast	rimanere	O
io	PRO:pers	io	O
e	CON	e	O
la	ART	la	O
mia	DET:poss	mio	O
altra	DET:indef	altro	O
coinquilina	NOUN	<unknown>	O
a	PRE	a	O
dover	VER2:infi	dovere	O
cercare	VER:infi	cercare	O
una	ART	una	O
persona	NOUN	persona	O
che	CHE	che	O
fosse	AUX:fin	essere	O
interessata	VER:ppast	interessare	O
a	PRE	a	O
starci	VER:infi:cli	stare	O
solo	ADV	solo	O
per	PRE	per	O
sei	DET:num	sei	O
mesi	NOUN	mese	O
			
#Text=mh			
mh	VER:fin	<unknown>	O
			
#Text=e quindi per questo mi sembra			
e	CON	e	O
quindi	ADV	quindi	O
per	PRE	per	O
questo	PRO:demo	questo	O
mi	CLI	mi	O
sembra	VER:fin	sembrare	O
			
#Text=sì e			
sì	ADV	sì	O
e	CON	e	O
			
#Text=ma dopo forse la mia coinquilina se ne voleva andare non so adesso guarda ne abbiam passate di tutti i colori in questa casa			
ma	CON	ma	O
dopo	ADV	dopo	O
forse	ADV	forse	O
la	ART	la	O
mia	DET:poss	mio	O
coinquilina	NOUN	<unknown>	O
se	CON	se	O
ne	CLI	ne	O
voleva	VER2:fin	volere	O
andare	VER:infi	andare	O
non	NEG	non	O
so	VER:fin	sapere	O
adesso	ADV	adesso	O
guarda	VER:fin	guardare	O
ne	CLI	ne	B
abbiam	VER:fin	<unknown>	I
passate	ADJ	passato	I
di	PRE	di	I
tutti	DET:indef	tutto	I
i	ART	il	I
colori	NOUN	colore	I
in	PRE	in	O
questa	DET:demo	questo	O
casa	NOUN	casa	O
			
#Text=alla fine dopo la mia coinquilina che è in doppia			
alla	ARTPRE	alla	B
fine	NOUN	fine	I
dopo	PRE	dopo	O
la	ART	la	O
mia	DET:poss	mio	O
coinquilina	NOUN	<unknown>	O
che	CHE	che	O
è	VER:fin	essere	O
in	PRE	in	O
doppia	ADJ	doppio	O
			
#Text=che con cui io ero in doppia			
che	CHE	che	O
con	PRE	con	O
cui	WH	cui	O
io	PRO:pers	io	O
ero	VER:fin	essere	O
in	PRE	in	O
doppia	ADJ	doppio	O
			
#Text=ha trovato una ha chiamato una sua amica			
ha	AUX:fin	avere	O
trovato	VER:ppast	trovare	O
una	ART	una	O
ha	AUX:fin	avere	O
chiamato	VER:ppast	chiamare	O
una	ART	una	O
sua	DET:poss	suo	O
amica	NOUN	amica	O
			
#Text=che adesso è dentro con noi io sto in singola			
che	CHE	che	O
adesso	ADV	adesso	O
è	VER:fin	essere	O
dentro	ADV	dentro	O
con	PRE	con	O
noi	PRO:pers	noi	O
io	PRO:pers	io	O
sto	VER:fin	stare	O
in	PRE	in	O
singola	ADJ	singolo	O
			
#Text=ma tutte ragazze			
ma	CON	ma	O
tutte	DET:indef	tutto	O
ragazze	NOUN	ragazza	O
			
#Text=tutte ragazze			
tutte	DET:indef	tutto	O
ragazze	NOUN	ragazza	O
			
#Text=da sempre			
da	PRE	da	O
sempre	ADV	sempre	O
			
#Text=sì le mie coinquiline non sono molto			
sì	ADV	sì	O
le	ART	la	O
mie	DET:poss	mio	O
coinquiline	NOUN	<unknown>	O
non	NEG	non	O
sono	VER:fin	essere	O
molto	ADV	molto	O
			
#Text=non volevano vivere con degli uomini			
non	NEG	non	O
volevano	VER2:fin	volere	O
vivere	VER:infi	vivere	O
con	PRE	con	O
degli	ARTPRE	del	O
uomini	NOUN	uomo	O
			
#Text=magari neanche tu dai no no immagino sì			
magari	ADV	magari	O
neanche	ADV	neanche	O
tu	PRO:pers	tu	O
dai	ARTPRE	dal	O
no	ADV	no	O
no	ADV	no	O
immagino	VER:fin	immaginare	O
sì	ADV	sì	O
			
#Text=no io c' è più che altro è che sai eh in doppia cioè volevo stare in singola			
no	ADV	no	O
io	PRO:pers	io	O
c'	CLI	c'	O
è	VER:fin	essere	O
più	ADV	più	B
che	CHE	che	I
altro	PRO:indef	altro	I
è	VER:fin	essere	O
che	CHE	che	O
sai	VER:fin	sapere	O
eh	NOCAT	eh	O
in	PRE	in	O
doppia	ADJ	doppio	O
cioè	ADV	cioè	O
volevo	VER2:fin	volere	O
stare	VER:infi	stare	O
in	PRE	in	O
singola	ADJ	singolo	O
			
#Text=e comunque poi in dopp chi avrebbe dovuto stare in doppia era l' altra mia coinquilina non è che potevo obbligarla a stare con un uomo			
e	CON	e	O
comunque	WH	comunque	O
poi	ADV	poi	O
in	PRE	in	O
dopp	NOUN	<unknown>	O
chi	WH	chi	O
avrebbe	AUX:fin	avere	O
dovuto	VER:ppast	dovere	O
stare	VER:infi	stare	O
in	PRE	in	O
doppia	ADJ	doppio	O
era	VER:fin	essere	O
l'	ART	l'	O
altra	DET:indef	altro	O
mia	DET:poss	mio	O
coinquilina	NOUN	<unknown>	O
non	NEG	non	O
è	VER:fin	essere	O
che	CHE	che	O
potevo	VER2:fin	potere	O
obbligarla	VER:infi:cli	obbligare	O
a	PRE	a	O
stare	VER:infi	stare	O
con	PRE	con	O
un	ART	un	O
uomo	NOUN	uomo	O
			
#Text=no vabbé sì in effetti in una situazione di doppia			
no	ADV	no	O
vabbé	VER:fin	<unknown>	O
sì	ADV	sì	O
in	PRE	in	B
effetti	NOUN	effetto	I
in	PRE	in	O
una	ART	una	O
situazione	NOUN	situazione	O
di	PRE	di	O
doppia	ADJ	doppio	O
			
#Text=ha senso			
ha	AUX:fin	avere	B
senso	NOUN	senso	I
			
#Text=però si è risolto tutto ieri quindi eh			
però	ADV	però	O
si	CLI	si	O
è	AUX:fin	essere	O
risolto	VER:ppast	risolvere	O
tutto	PRO:indef	tutto	O
ieri	ADV	ieri	O
quindi	ADV	quindi	O
eh	NOCAT	eh	O
			
#Text=e e sei al quindi terzo anno e ti vai a laureare al dams			
e	CON	e	O
e	CON	e	O
sei	DET:num	sei	O
al	ARTPRE	al	O
quindi	ADV	quindi	O
terzo	ADJ	terzo	O
anno	NOUN	anno	O
e	CON	e	O
ti	CLI	ti	O
vai	VER:fin	andare	O
a	PRE	a	O
laureare	VER:infi	laureare	O
al	ARTPRE	al	O
dams	NOUN	<unknown>	O
			
#Text=e niente			
e	CON	e	O
niente	ADV	niente	O
			
#Text=sì sì sì sì sì e poi non so e non so bologna adesso comincia un po' a stufarmi non so come dire cioè mi mi piace sempre moltissimo			
sì	ADV	sì	O
sì	ADV	sì	O
sì	ADV	sì	O
sì	ADV	sì	O
sì	ADV	sì	O
e	CON	e	O
poi	ADV	poi	O
non	NEG	non	O
so	VER:fin	sapere	O
e	CON	e	O
non	NEG	non	O
so	VER:fin	sapere	O
bologna	ADJ	<unknown>	O
adesso	ADV	adesso	O
comincia	VER:fin	cominciare	O
un	ART	un	O
po'	PRO:indef	po'	O
a	PRE	a	O
stufarmi	VER:infi:cli	<unknown>	O
non	NEG	non	O
so	VER:fin	sapere	O
come	WH	come	O
dire	VER:infi	dire	O
cioè	ADV	cioè	O
mi	CLI	mi	O
mi	CLI	mi	O
piace	VER:fin	piacere	O
sempre	ADV	sempre	O
moltissimo	ADJ	molto	O
			
#Text=però mm ma eh penso sia normale insomma alla nostra età voler fare esperienze in posti nuovi			
però	ADV	però	O
mm	ADJ	<unknown>	O
ma	CON	ma	O
eh	NOCAT	eh	O
penso	VER:fin	pensare	O
sia	CON	sia	O
normale	ADJ	normale	O
insomma	ADV	insomma	O
alla	ARTPRE	alla	O
nostra	DET:poss	nostro	O
età	NOUN	età	O
voler	VER2:infi	volere	O
fare	VER:infi	fare	O
esperienze	NOUN	esperienza	O
in	PRE	in	O
posti	NOUN	posto	O
nuovi	ADJ	nuovo	O
			
#Text=io guarda son son stato in in in erasmus son tornato e avevo proprio voglia di starci percui secondo me anche tu se te ne vai ritorni			
io	PRO:pers	io	O
guarda	VER:fin	guardare	O
son	VER:fin	essere	O
son	AUX:fin	essere	O
stato	VER:ppast	essere|stare	O
in	PRE	in	O
in	PRE	in	O
in	PRE	in	O
erasmus	NOUN	<unknown>	O
son	AUX:fin	essere	O
tornato	VER:ppast	tornare	O
e	CON	e	O
avevo	VER:fin	avere	O
proprio	ADV	proprio	O
voglia	NOUN	voglia	O
di	PRE	di	O
starci	VER:infi:cli	stare	O
percui	VER:fin	<unknown>	O
secondo	PRE	secondo	O
me	PRO:pers	me	O
anche	ADV	anche	O
tu	PRO:pers	tu	O
se	CON	se	O
te	PRO:pers	te	O
ne	CLI	ne	O
vai	VER:fin	andare	O
ritorni	NOUN	ritorno	O
			
#Text=mh vabbé			
mh	ADJ	<unknown>	O
vabbé	VER:fin	<unknown>	O
			
#Text=sì sì sì			
sì	ADV	sì	O
sì	ADV	sì	O
sì	ADV	sì	O
			
#Text=cioè va beh tornare a bologna è sempre bello			
cioè	ADV	cioè	O
va	VER:fin	andare	B
beh	NOCAT	beh	I
tornare	VER:infi	tornare	O
a	PRE	a	O
bologna	ADJ	<unknown>	O
è	VER:fin	essere	O
sempre	ADV	sempre	O
bello	ADJ	bello	O
			
#Text=penso di sì			
penso	VER:fin	pensare	O
di	PRE	di	O
sì	ADV	sì	O
			
#Text=sì quello sicuramente ma in verità già mi piange il cuore all' idea di andarmene			
sì	ADV	sì	O
quello	PRO:demo	quello	O
sicuramente	ADV:mente	sicuramente	O
ma	CON	ma	O
in	PRE	in	B
verità	NOUN	verità	I
già	ADV	già	O
mi	CLI	mi	B
piange	VER:fin	piangere	I
il	ART	il	I
cuore	NOUN	cuore	I
all'	ARTPRE	all'	O
idea	NOUN	idea	O
di	PRE	di	O
andarmene	VER:infi:cli	andare	O
			
#Text=perché non so è una città in cui un po' mi son ho trovato me stessa perché arrivavo da così dal dal liceo			
perché	WH	perché	O
non	NEG	non	O
so	VER:fin	sapere	O
è	VER:fin	essere	O
una	ART	una	O
città	NOUN	città	O
in	PRE	in	O
cui	WH	cui	O
un	ART	un	B
po'	PRO:indef	po'	I
mi	CLI	mi	O
son	VER:fin	essere	O
ho	AUX:fin	avere	O
trovato	VER:ppast	trovare	O
me	PRO:pers	me	O
stessa	ADJ	stesso	O
perché	WH	perché	O
arrivavo	VER:fin	arrivare	O
da	PRE	da	O
così	ADV	così	O
dal	ARTPRE	dal	O
dal	ARTPRE	dal	O
liceo	NOUN	liceo	O
			
#Text=e e in questi e in questi due anni che ho passato qua insomma sono cambiata tantissimo c' è son sempre io però			
e	CON	e	O
e	CON	e	O
in	PRE	in	O
questi	DET:demo	questo	O
e	CON	e	O
in	PRE	in	O
questi	DET:demo	questo	O
due	DET:num	due	O
anni	NOUN	anno	O
che	CHE	che	O
ho	AUX:fin	avere	O
passato	VER:ppast	passare	O
qua	ADV	qua	O
insomma	ADV	insomma	O
sono	AUX:fin	essere	O
cambiata	VER:ppast	cambiare	O
tantissimo	ADJ	tanto	O
c'	CLI	c'	O
è	VER:fin	essere	O
son	VER:fin	essere	O
sempre	ADV	sempre	O
io	PRO:pers	io	O
però	ADV	però	O
			
#Text=ho scoperto il mh ho fatto conoscenza con delle persone che che sono importantissime adesso nella mia vita e			
ho	AUX:fin	avere	O
scoperto	VER:ppast	scoprire	O
il	ART	il	O
mh	NOUN	<unknown>	O
ho	AUX:fin	avere	B
fatto	VER:ppast	fare	I
conoscenza	NOUN	conoscenza	I
con	PRE	con	O
delle	ARTPRE	della	O
persone	NOUN	persona	O
che	CHE	che	O
che	CHE	che	O
sono	VER:fin	essere	O
importantissime	ADJ	importante	O
adesso	ADV	adesso	O
nella	ARTPRE	nella	O
mia	DET:poss	mio	O
vita	NOUN	vita	O
e	CON	e	O
			
#Text=mah eh penso che succeda un po' a tutti no gli studenti che vanno a vivere fuori casa			
mah	NOCAT	mah	O
eh	NOCAT	eh	O
penso	VER:fin	pensare	O
che	CHE	che	O
succeda	VER:fin	succedere	O
un	ART	un	B
po'	PRO:indef	po'	I
a	PRE	a	O
tutti	DET:indef	tutto	O
no	ADV	no	O
gli	ART	il	O
studenti	NOUN	studente	O
che	CHE	che	O
vanno	VER:fin	andare	O
a	PRE	a	O
vivere	VER:infi	vivere	O
fuori	PRE	fuori	O
casa	NOUN	casa	O
			
#Text=peròm non so forse un po' che la cosa che mi			
peròm	ADJ	<unknown>	O
non	NEG	non	O
so	VER:fin	sapere	O
forse	ADV	forse	O
un	ART	un	B
po'	PRO:indef	po'	I
che	CHE	che	O
la	ART	la	O
cosa	NOUN	cosa	O
che	CHE	che	O
mi	CLI	mi	O
			
#Text=che mi ha stufato dopo è lunghissimo `abbiamo allora basta			
che	CHE	che	O
mi	CLI	mi	O
ha	AUX:fin	avere	O
stufato	VER:ppast	stufare	O
dopo	ADV	dopo	O
è	VER:fin	essere	O
lunghissimo	ADJ	lungo	O
`abbiamo	VER:fin	<unknown>	O
allora	ADV	allora	O
basta	VER:fin	bastare	O
			
#Text=no no no è no è lunghissimo nel senso che manca ancora un bel po' per cui			
no	ADV	no	O
no	ADV	no	O
no	ADV	no	O
è	VER:fin	essere	O
no	ADV	no	O
è	VER:fin	essere	O
lunghissimo	ADJ	lungo	O
nel	ARTPRE	nel	B
senso	NOUN	senso	I
che	CHE	che	O
manca	VER:fin	mancare	O
ancora	ADV	ancora	O
un	ART	un	B
bel	ADJ	bel	I
po'	PRO:indef	po'	I
per	PRE	per	O
cui	WH	cui	O
			
#Text=no			
no	ADV	no	O
			
#Text=ah okay okay			
ah	NOCAT	ah	O
okay	ADV	okay	O
okay	ADV	okay	O
			
#Text=vabbé			
vabbé	VER:fin	<unknown>	O
			
#Text=no non importa			
no	ADV	no	O
non	NEG	non	O
importa	VER:fin	importare	O
			
#Text=e no chi mi ha stufata di bologna un po' forse sono sai			
e	CON	e	O
no	ADV	no	O
chi	WH	chi	O
mi	CLI	mi	O
ha	AUX:fin	avere	O
stufata	VER:ppast	stufare	O
di	PRE	di	O
bologna	ADJ	<unknown>	O
un	ART	un	B
po'	PRO:indef	po'	I
forse	ADV	forse	O
sono	VER:fin	essere	O
sai	NOUN	saio	O
			
#Text=eh cioè non è che mi ha stufata di bologna però le le compagnie no con cui io uscivo tanto l' anno scorso i miei amici compagni			
eh	NOCAT	eh	O
cioè	ADV	cioè	O
non	NEG	non	O
è	VER:fin	essere	O
che	CHE	che	O
mi	CLI	mi	O
ha	AUX:fin	avere	O
stufata	VER:ppast	stufare	O
di	PRE	di	O
bologna	ADJ	<unknown>	O
però	ADV	però	O
le	ART	la	O
le	ART	la	O
compagnie	NOUN	compagnia	O
no	ADV	no	O
con	PRE	con	O
cui	WH	cui	O
io	PRO:pers	io	O
uscivo	VER:fin	uscire	O
tanto	ADV	tanto	O
l'	ART	l'	O
anno	NOUN	anno	O
scorso	ADJ	scorso	O
i	ART	il	O
miei	DET:poss	mio	O
amici	ADJ	amico	O
compagni	NOUN	compagno	O
			
#Text=che escono sempre sempre far festa così e questa cosa dopo un po' io non riesco a stare dietro non riesco a starci dietro			
che	CHE	che	O
escono	VER:fin	uscire	O
sempre	ADV	sempre	O
sempre	ADV	sempre	O
far	VER2:infi	fare	B
festa	NOUN	festa	I
così	ADV	così	O
e	CON	e	O
questa	DET:demo	questo	O
cosa	NOUN	cosa	O
dopo	PRE	dopo	O
un	ART	un	B
po'	PRO:indef	po'	I
io	PRO:pers	io	O
non	NEG	non	O
riesco	VER:fin	riuscire	O
a	PRE	a	O
stare	VER:infi	stare	B
dietro	ADV	dietro	I
non	NEG	non	O
riesco	VER:fin	riuscire	O
a	PRE	a	O
starci	VER:infi:cli	stare	B
dietro	PRE	dietro	I
			
#Text=avere tutta queta mondanità no e quindi dopo poi io ho			
avere	VER:infi	avere	O
tutta	DET:indef	tutto	O
queta	ADJ	<unknown>	O
mondanità	NOUN	mondanità	O
no	ADV	no	O
e	CON	e	O
quindi	ADV	quindi	O
dopo	PRE	dopo	O
poi	ADV	poi	O
io	PRO:pers	io	O
ho	VER:fin	avere	O
			
#Text=complimenti			
complimenti	NOUN	complimento	O
			
#Text=ho bisogno di stare un po' appartata			
ho	VER:fin	avere	O
bisogno	NOUN	bisogno	O
di	PRE	di	O
stare	VER:infi	stare	O
un	ART	un	B
po'	PRO:indef	po'	I
appartata	VER:ppast	appartare	O
			
#Text=però m sì			
però	ADV	però	O
m	VER:fin	<unknown>	O
sì	ADV	sì	O
			
#Text=invece la scuola di teatro			
invece	ADV	invece	O
la	ART	la	O
scuola	NOUN	scuola	O
di	PRE	di	O
teatro	NOUN	teatro	O
			
#Text=ah la scuola di teatro dici quella che ho fatto il primo anno			
ah	NOCAT	ah	O
la	ART	la	O
scuola	NOUN	scuola	O
di	PRE	di	O
teatro	NOUN	teatro	O
dici	VER:fin	dire	O
quella	PRO:demo	quella	O
che	CHE	che	O
ho	AUX:fin	avere	O
fatto	VER:ppast	fare	O
il	ART	il	O
primo	ADJ	primo	O
anno	NOUN	anno	O
			
#Text=eh quella è stata un			
eh	NOCAT	eh	O
quella	PRO:demo	quella	O
è	AUX:fin	essere	O
stata	VER:ppast	essere|stare	O
un	ART	un	O
			
#Text=ah era un anno e basta cos' era			
ah	NOCAT	ah	O
era	VER:fin	essere	O
un	ART	un	O
anno	NOUN	anno	O
e	CON	e	O
basta	VER:fin	bastare	O
cos'	ADJ	<unknown>	O
era	VER:fin	essere	O
			
#Text=eh sì è durata un anno però è stato era perché era tutte le sere no a tempo pieno			
eh	NOCAT	eh	O
sì	ADV	sì	O
è	AUX:fin	essere	O
durata	VER:ppast	durare	O
un	ART	un	O
anno	NOUN	anno	O
però	ADV	però	O
è	AUX:fin	essere	O
stato	AUX:ppast	essere	O
era	VER:fin	essere	O
perché	WH	perché	O
era	VER:fin	essere	O
tutte	DET:indef	tutto	O
le	ART	la	O
sere	NOUN	sera	O
no	ADV	no	O
a	PRE	a	B
tempo	NOUN	tempo	I
pieno	ADJ	pieno	I
			
#Text=mhmh			
mhmh	VER:fin	<unknown>	O
			
#Text=difatti ecco questo non so co non so come ho fatto a farla perché appunto era da lunedì a venerdì dalle sette di sera fino alle undici una cosa così undici e mezza			
difatti	ADJ	<unknown>	O
ecco	ADV	ecco	O
questo	PRO:demo	questo	O
non	NEG	non	O
so	VER:fin	sapere	O
co	VER:fin	<unknown>	O
non	NEG	non	O
so	VER:fin	sapere	O
come	WH	come	O
ho	AUX:fin	avere	O
fatto	VER:ppast	fare	O
a	PRE	a	O
farla	VER:infi:cli	fare	O
perché	WH	perché	O
appunto	ADV	appunto	O
era	VER:fin	essere	O
da	PRE	da	O
lunedì	NOUN	lunedì	O
a	PRE	a	O
venerdì	NOUN	venerdì	O
dalle	ARTPRE	dalla	O
sette	PRO:num	sette	O
di	PRE	di	O
sera	NOUN	sera	O
fino	PRE	fino	O
alle	ARTPRE	alla	O
undici	PRO:num	undici	O
una	ART	una	O
cosa	NOUN	cosa	O
così	ADV	così	O
undici	DET:num	undici	O
e	CON	e	O
mezza	ADJ	mezzo	O
			
#Text=ehm e quindi niente io al di giorno andavo all' università			
ehm	ADJ	<unknown>	O
e	CON	e	O
quindi	ADV	quindi	O
niente	ADV	niente	O
io	PRO:pers	io	O
al	ARTPRE	al	O
di	PRE	di	O
giorno	NOUN	giorno	O
andavo	VER:fin	andare	O
all'	ARTPRE	all'	O
università	NOUN	università	O
			
#Text=e poi la sera andavo lì			
e	CON	e	O
poi	ADV	poi	O
la	ART	la	O
sera	NOUN	sera	O
andavo	VER:fin	andare	O
lì	ADV	lì	O
			
#Text=ehm però ecco io adesso non potrei mai fare una cosa del genere non so come facevo avevo un' energia incredibile			
ehm	ADJ	<unknown>	O
però	ADV	però	O
ecco	ADV	ecco	O
io	PRO:pers	io	O
adesso	ADV	adesso	O
non	NEG	non	O
potrei	VER2:fin	potere	O
mai	ADV	mai	O
fare	VER:infi	fare	O
una	ART	una	O
cosa	NOUN	cosa	O
del	ARTPRE	del	B
genere	NOUN	genere	I
non	NEG	non	O
so	VER:fin	sapere	O
come	WH	come	O
facevo	VER2:fin	fare	O
avevo	VER:fin	avere	O
un'	ART	un'	O
energia	NOUN	energia	O
incredibile	ADJ	incredibile	O
			
#Text=o un un fuoco nel culo non so			
o	CON	o	O
un	ART	un	O
un	ART	un	O
fuoco	NOUN	fuoco	O
nel	ARTPRE	nel	O
culo	NOUN	<unknown>	O
non	NEG	non	O
so	VER:fin	sapere	O
			
#Text=e e no è stata un esperienza un po' ma eh bella da una parte dall' altra se ci ripenso non la rifarei mai no non è vero non so se non la rifarei mai			
e	CON	e	O
e	CON	e	O
no	ADV	no	O
è	AUX:fin	essere	O
stata	VER:ppast	essere|stare	O
un	ART	un	O
esperienza	NOUN	esperienza	O
un	ART	un	B
po'	PRO:indef	po'	I
ma	CON	ma	O
eh	NOCAT	eh	O
bella	ADJ	bello	O
da	PRE	da	B
una	ART	una	I
parte	NOUN	parte	I
dall'	ARTPRE	dall'	O
altra	PRO:indef	altra	O
se	CON	se	O
ci	CLI	ci	O
ripenso	VER:fin	ripensare	O
non	NEG	non	O
la	CLI	la	O
rifarei	VER:fin	rifare	O
mai	ADV	mai	O
no	ADV	no	O
non	NEG	non	O
è	VER:fin	essere	O
vero	ADJ	vero	O
non	NEG	non	O
so	VER:fin	sapere	O
se	CON	se	O
non	NEG	non	O
la	CLI	la	O
rifarei	VER:fin	rifare	O
mai	ADV	mai	O
			
#Text=però era una scuola che sì non rifarei			
però	ADV	però	O
era	VER:fin	essere	O
una	ART	una	O
scuola	NOUN	scuola	O
che	CHE	che	O
sì	ADV	sì	O
non	NEG	non	O
rifarei	VER:fin	rifare	O
			
#Text=ma è stata molto utile perché avrei moilte critiche da da fare			
ma	CON	ma	O
è	AUX:fin	essere	O
stata	AUX:ppast	essere	O
molto	ADV	molto	O
utile	ADJ	utile	O
perché	WH	perché	O
avrei	AUX:fin	avere	O
moilte	VER:ppast	<unknown>	O
critiche	NOUN	critica	O
da	PRE	da	O
da	PRE	da	O
fare	VER:infi	fare	O
			
#Text=ma allo stesso tempo grazie ad alcune cose che non mi hanno convinto di questa scuola ho capito anche quello che non mi piace			
ma	CON	ma	O
allo	ARTPRE	al	B
stesso	ADJ	stesso	I
tempo	NOUN	tempo	I
grazie	ADV	grazie	B
ad	PRE	ad	I
alcune	DET:indef	alcun	O
cose	NOUN	cosa	O
che	CHE	che	O
non	NEG	non	O
mi	CLI	mi	O
hanno	AUX:fin	avere	O
convinto	VER:ppast	convincere	O
di	PRE	di	O
questa	DET:demo	questo	O
scuola	NOUN	scuola	O
ho	AUX:fin	avere	O
capito	VER:ppast	capire	O
anche	ADV	anche	O
quello	PRO:demo	quello	O
che	CHE	che	O
non	NEG	non	O
mi	CLI	mi	O
piace	VER:fin	piacere	O
			
#Text=che non mi piace			
che	CHE	che	O
non	NEG	non	O
mi	CLI	mi	O
piace	VER:fin	piacere	O
			
#Text=ed è importantissimo			
ed	CON	ed	O
è	VER:fin	essere	O
importantissimo	ADJ	importante	O
			
#Text=insomma			
insomma	ADV	insomma	O
			
#Text=scartare			
scartare	VER:infi	scartare	O
			
#Text=fare vedere le cose che non ti piacciono per capire che devi anda devi andare da un' altra da un' altra parte prendere un' altra direzione			
fare	VER2:infi	fare	O
vedere	VER:infi	vedere	O
le	ART	la	O
cose	NOUN	cosa	O
che	CHE	che	O
non	NEG	non	O
ti	CLI	ti	O
piacciono	VER:fin	piacere	O
per	PRE	per	O
capire	VER:infi	capire	O
che	CHE	che	O
devi	VER2:fin	dovere	O
anda	VER:infi:cli	<unknown>	O
devi	VER2:fin	dovere	O
andare	VER:infi	andare	O
da	PRE	da	O
un'	ART	un'	O
altra	PRO:indef	altra	O
da	PRE	da	O
un'	ART	un'	O
altra	DET:indef	altro	O
parte	NOUN	parte	O
prendere	VER:infi	prendere	O
un'	ART	un'	O
altra	DET:indef	altro	O
direzione	NOUN	direzione	O
			
#Text=e stai facendo altre robe del genere			
e	CON	e	O
stai	VER:fin	stare	O
facendo	VER:geru	fare	O
altre	DET:indef	altro	O
robe	NOUN	roba	O
del	ARTPRE	del	B
genere	NOUN	genere	I
			
#Text=eh no poi non ho più fatto una s cose così intense no perché cioè o non riesco a tenere a star dietro all' uiniversità			
eh	NOCAT	eh	O
no	ADV	no	O
poi	ADV	poi	O
non	NEG	non	O
ho	AUX:fin	avere	O
più	ADV	più	O
fatto	VER:ppast	fare	O
una	ART	una	O
s	ADJ	<unknown>	O
cose	NOUN	cosa	O
così	ADV	così	O
intense	ADJ	intenso	O
no	ADV	no	O
perché	WH	perché	O
cioè	ADV	cioè	O
o	CON	o	O
non	NEG	non	O
riesco	VER:fin	riuscire	O
a	PRE	a	O
tenere	VER:infi	tenere	O
a	PRE	a	O
star	VER:infi	stare	B
dietro	ADV	dietro	I
all'	ARTPRE	all'	O
uiniversità	NOUN	<unknown>	O
			
#Text=però ho fatto tanti laboratori			
però	ADV	però	O
ho	AUX:fin	avere	O
fatto	VER:ppast	fare	O
tanti	DET:indef	tanto	O
laboratori	NOUN	laboratorio	O
			
#Text=con eh attori o insomma registi che a me pia che mi piacciono			
con	PRE	con	O
eh	NOCAT	eh	O
attori	NOUN	attore	O
o	CON	o	O
insomma	ADV	insomma	O
registi	NOUN	regista	O
che	CHE	che	O
a	PRE	a	O
me	PRO:pers	me	O
pia	ADJ	pio	O
che	CHE	che	O
mi	CLI	mi	O
piacciono	VER:fin	piacere	O
			
#Text=ehm e per la verità adesso non so sono un po' ne fa ne ho fatto uno proprio cos' era verso ottobre			
ehm	ADJ	<unknown>	O
e	CON	e	O
per	PRE	per	B
la	ART	la	I
verità	NOUN	verità	I
adesso	ADV	adesso	O
non	NEG	non	O
so	VER:fin	sapere	O
sono	VER:fin	essere	O
un	ART	un	B
po'	PRO:indef	po'	I
ne	CLI	ne	O
fa	VER:fin	fare	O
ne	CLI	ne	O
ho	AUX:fin	avere	O
fatto	VER:ppast	fare	O
uno	ART	un	O
proprio	DET:poss	proprio	O
cos'	ADJ	<unknown>	O
era	VER:fin	essere	O
verso	PRE	verso	O
ottobre	NOUN	ottobre	O
			
#Text=con un' attrice che si chiama daria de florian			
con	PRE	con	O
un'	ART	un'	O
attrice	NOUN	attrice	O
che	CHE	che	O
si	CLI	si	O
chiama	VER:fin	chiamare	O
daria	ADJ	<unknown>	O
de	PRE	de	O
florian	ADJ	<unknown>	O
			
#Text=e antonio tagliarini sono due attori in realtà che lavorano insieme			
e	CON	e	O
antonio	ADJ	<unknown>	O
tagliarini	VER:fin	<unknown>	O
sono	VER:fin	essere	O
due	DET:num	due	O
attori	NOUN	attore	O
in	PRE	in	B
realtà	NOUN	realtà	I
che	CHE	che	O
lavorano	VER:fin	lavorare	O
insieme	ADV	insieme	O
			
#Text=però mi sto un po' come dire non allontanando dal teatro perché mi piace sempre tantissimo			
però	ADV	però	O
mi	CLI	mi	O
sto	VER:fin	stare	O
un	ART	un	O
po'	PRO:indef	po'	O
come	WH	come	O
dire	VER:infi	dire	O
non	NEG	non	O
allontanando	VER:geru	allontanare	O
dal	ARTPRE	dal	O
teatro	NOUN	teatro	O
perché	WH	perché	O
mi	CLI	mi	O
piace	VER:fin	piacere	O
sempre	ADV	sempre	O
tantissimo	ADJ	tanto	O
			
#Text=però ho un po' accantonato l' idea di voler fare questo nella vita			
però	ADV	però	O
ho	VER:fin	avere	O
un	ART	un	O
po'	PRO:indef	po'	O
accantonato	VER:ppast	accantonare	O
l'	ART	l'	O
idea	NOUN	idea	O
di	PRE	di	O
voler	VER2:infi	volere	O
fare	VER:infi	fare	O
questo	PRO:demo	questo	O
nella	ARTPRE	nella	O
vita	NOUN	vita	O
			
#Text=mh mh			
mh	ADJ	<unknown>	O
mh	VER:fin	<unknown>	O
			
#Text=un po' l' accademia			
un	ART	un	B
po'	PRO:indef	po'	I
l'	ART	l'	O
accademia	NOUN	accademia	O
			
#Text=sì quello no di sicuro non n no			
sì	ADV	sì	O
quello	PRO:demo	quello	O
no	ADV	no	O
di	PRE	di	B
sicuro	ADV	sicuro	I
non	NEG	non	O
n	VER:fin	<unknown>	O
no	ADV	no	O
			
#Text=cioè vabbé nel senso proprio a entrare nel giro diciamo			
cioè	ADV	cioè	O
vabbé	VER:fin	<unknown>	O
nel	ARTPRE	nel	B
senso	NOUN	senso	I
proprio	ADJ	proprio	O
a	PRE	a	O
entrare	VER:infi	entrare	O
nel	ARTPRE	nel	O
giro	NOUN	giro	O
diciamo	VER:fin	dire	O
			
#Text=sì cioè fare l' attore nella vita ecco			
sì	ADV	sì	O
cioè	ADV	cioè	O
fare	VER:infi	fare	O
l'	ART	l'	O
attore	NOUN	attore	O
nella	ARTPRE	nella	O
vita	NOUN	vita	O
ecco	ADV	ecco	O
			
#Text=è perché per come son fatta io non so se riesc riuscirei a starci a starci dietro cioè a una vita così			
è	VER:fin	essere	O
perché	WH	perché	O
per	PRE	per	O
come	WH	come	O
son	AUX:fin	essere	O
fatta	VER:ppast	fare	O
io	PRO:pers	io	O
non	NEG	non	O
so	VER:fin	sapere	O
se	CON	se	O
riesc	NPR	<unknown>	O
riuscirei	VER:fin	riuscire	O
a	PRE	a	O
starci	VER:infi:cli	stare	O
a	PRE	a	O
starci	VER:infi:cli	stare	B
dietro	ADV	dietro	I
cioè	ADV	cioè	O
a	PRE	a	O
una	ART	una	O
vita	NOUN	vita	O
così	ADV	così	O
			
#Text=eh			
eh	NOCAT	eh	O
			
#Text=non lo so			
non	NEG	non	O
lo	CLI	lo	O
so	VER:fin	sapere	O
			
#Text=è molto faticoso cioè non che fare altri lavori non sia faticoso			
è	VER:fin	essere	O
molto	ADV	molto	O
faticoso	ADJ	faticoso	O
cioè	ADV	cioè	O
non	NEG	non	O
che	CHE	che	O
fare	VER:infi	fare	O
altri	DET:indef	altro	O
lavori	NOUN	lavoro	O
non	NEG	non	O
sia	VER:fin	essere	O
faticoso	ADJ	faticoso	O
			
#Text=però fare l' attore eh			
però	ADV	però	O
fare	VER:infi	fare	O
l'	ART	l'	O
attore	NOUN	attore	O
eh	NOCAT	eh	O
			
#Text=è molto faticoso perché oltre a l fatto che devi sempre stare dietro insomma a cercare finanziamenti posti in cui fare teatro persone con cui fare teatro			
è	VER:fin	essere	O
molto	ADV	molto	O
faticoso	ADJ	faticoso	O
perché	WH	perché	O
oltre	ADV	oltre	O
al	ARTPRE	al	O
fatto	NOUN	fatto	O
che	CHE	che	O
devi	VER2:fin	dovere	O
sempre	ADV	sempre	O
stare	VER:infi	stare	B
dietro	ADV	dietro	I
insomma	ADV	insomma	O
a	PRE	a	O
cercare	VER:infi	cercare	O
finanziamenti	NOUN	finanziamento	O
posti	NOUN	posto	O
in	PRE	in	O
cui	WH	cui	O
fare	VER:infi	fare	O
teatro	NOUN	teatro	O
persone	NOUN	persona	O
con	PRE	con	O
cui	WH	cui	O
fare	VER:infi	fare	O
teatro	NOUN	teatro	O
			
#Text=eh devi devimh poi girare insomma ;			
eh	NOCAT	eh	O
devi	VER2:fin	dovere	O
devimh	VER:fin	<unknown>	O
poi	ADV	poi	O
girare	VER:infi	girare	O
insomma	ADV	insomma	O
;	PUN	;	O
			
#Text=sei sempre in movimento non			
sei	AUX:fin	essere	O
sempre	ADV	sempre	O
in	PRE	in	O
movimento	NOUN	movimento	O
non	NEG	non	O
			
#Text=dipendi dipendi dalle persone che ti danno che ti danno il lavoro e soprattutto tante volte devi rinuncare ai tuoi progetti personali per			
dipendi	VER:fin	dipendere	O
dipendi	VER:fin	dipendere	O
dalle	ARTPRE	dalla	O
persone	NOUN	persona	O
che	CHE	che	O
ti	CLI	ti	O
danno	VER:fin	dare	O
che	CHE	che	O
ti	CLI	ti	O
danno	VER:fin	dare	O
il	ART	il	O
lavoro	NOUN	lavoro	O
e	CON	e	O
soprattutto	ADV	soprattutto	O
tante	DET:indef	tanto	O
volte	NOUN	volta	O
devi	VER2:fin	dovere	O
rinuncare	VER:infi	<unknown>	O
ai	ARTPRE	al	O
tuoi	DET:poss	tuo	O
progetti	NOUN	progetto	O
personali	ADJ	personale	O
per	PRE	per	O
			
#Text=per invece fare per guadagnare insomma devi devi lavorare con con persone che magari non			
per	PRE	per	O
invece	ADV	invece	O
fare	VER:infi	fare	O
per	PRE	per	O
guadagnare	VER:infi	guadagnare	O
insomma	ADV	insomma	O
devi	VER2:fin	dovere	O
devi	VER2:fin	dovere	O
lavorare	VER:infi	lavorare	O
con	PRE	con	O
con	PRE	con	O
persone	NOUN	persona	O
che	CHE	che	O
magari	ADV	magari	O
non	NEG	non	O
			
#Text=prendi l' arte e ciao ciao belli			
prendi	VER:fin	prendere	O
l'	ART	l'	O
arte	NOUN	arte	O
e	CON	e	O
ciao	NOCAT	ciao	O
ciao	NOCAT	ciao	O
belli	ADJ	bello	O
			
#Text=si			
si	CLI	si	O
			
#Text=dev non lo so poi ci sono persone che sai			
dev	VER:fin	<unknown>	O
non	NEG	non	O
lo	CLI	lo	O
so	VER:fin	sapere	O
poi	ADV	poi	O
ci	CLI	ci	O
sono	VER:fin	essere	O
persone	NOUN	persona	O
che	CHE	che	O
sai	VER:fin	sapere	O
			
#Text=le persone che sono veramente appassionate lo fanno e è bellissimo io non non so se sono appassionata così tanto da rinunciare ad alcune non so sicurezze tranquillità			
le	ART	la	O
persone	NOUN	persona	O
che	CHE	che	O
sono	AUX:fin	essere	O
veramente	ADV:mente	veramente	O
appassionate	VER:ppast	appassionare	O
lo	CLI	lo	O
fanno	VER:fin	fare	O
e	CON	e	O
è	VER:fin	essere	O
bellissimo	ADJ	bello	O
io	PRO:pers	io	O
non	NEG	non	O
non	NEG	non	O
so	VER:fin	sapere	O
se	CON	se	O
sono	AUX:fin	essere	O
appassionata	VER:ppast	appassionare	O
così	ADV	così	O
tanto	ADV	tanto	O
da	PRE	da	O
rinunciare	VER:infi	rinunciare	O
ad	PRE	ad	O
alcune	DET:indef	alcun	O
non	NEG	non	O
so	VER:fin	sapere	O
sicurezze	NOUN	sicurezza	O
tranquillità	NOUN	tranquillità	O
			
#Text=che ti può dare un altro tipo di vita			
che	CHE	che	O
ti	CLI	ti	O
può	VER2:fin	potere	O
dare	VER:infi	dare	O
un	ART	un	O
altro	DET:indef	altro	O
tipo	NOUN	tipo	O
di	PRE	di	O
vita	NOUN	vita	O
			
#Text=comunque son convita che ness c' è nessun lavoro ti dic ti ehm			
comunque	WH	comunque	O
son	VER:fin	essere	O
convita	VER:fin	convitare	O
che	CHE	che	O
ness	ADJ	<unknown>	O
c'	CLI	c'	O
è	VER:fin	essere	O
nessun	DET:indef	nessun	O
lavoro	NOUN	lavoro	O
ti	CLI	ti	O
dic	ADJ	<unknown>	O
ti	CLI	ti	O
ehm	VER:fin	<unknown>	O
			
#Text=ti assicura una tranquillità perpetua assolutamente anzi cioè sarebbe triste se fosse così però			
ti	CLI	ti	O
assicura	VER:fin	assicurare	O
una	ART	una	O
tranquillità	NOUN	tranquillità	O
perpetua	VER:fin	perpetuare	O
assolutamente	ADV:mente	assolutamente	O
anzi	ADV	anzi	O
cioè	ADV	cioè	O
sarebbe	VER:fin	essere	O
triste	ADJ	triste	O
se	CON	se	O
fosse	VER:fin	essere	O
così	ADV	così	O
però	ADV	però	O
			
#Text=mh			
mh	VER:fin	<unknown>	O
			
#Text=così non so			
così	ADV	così	O
non	NEG	non	O
so	VER:fin	sapere	O
			
#Text=adesso sono un po' un po' un po' in crisi no però			
adesso	ADV	adesso	O
sono	VER:fin	essere	O
un	ART	un	B
po'	PRO:indef	po'	I
un	ART	un	B
po'	PRO:indef	po'	I
un	ART	un	B
po'	PRO:indef	po'	I
in	PRE	in	O
crisi	NOUN	crisi	O
no	ADV	no	O
però	ADV	però	O
			
#Text=sì no poi vabbé parlare del futuro			
sì	ADV	sì	O
no	ADV	no	O
poi	ADV	poi	O
vabbé	VER:fin	<unknown>	O
parlare	VER:infi	parlare	O
del	ARTPRE	del	O
futuro	NOUN	futuro	O
			
#Text=sì			
sì	ADV	sì	O
			
#Text=anchìo adesso non la stessa situazione			
anchìo	VER:fin	<unknown>	O
adesso	ADV	adesso	O
non	NEG	non	O
la	ART	la	O
stessa	ADJ	stesso	O
situazione	NOUN	situazione	O
			
#Text=si si è forse il momento in cui stai finendo un ciclo di studi			
si	CLI	si	O
si	CLI	si	O
è	VER:fin	essere	O
forse	ADV	forse	O
il	ART	il	O
momento	NOUN	momento	O
in	PRE	in	O
cui	WH	cui	O
stai	VER:fin	stare	O
finendo	VER:geru	finire	O
un	ART	un	O
ciclo	NOUN	ciclo	B
di	PRE	di	I
studi	NOUN	studio	I
			
#Text=ehm			
ehm	ADJ	<unknown>	O
			
#Text=cosa fare dopo perché comunque non so se forse tu vuoi fare un master cosa vuoi un una magistrale			
cosa	WH	cosa	O
fare	VER:infi	fare	O
dopo	PRE	dopo	O
perché	WH	perché	O
comunque	WH	comunque	O
non	NEG	non	O
so	VER:fin	sapere	O
se	CON	se	O
forse	ADV	forse	O
tu	PRO:pers	tu	O
vuoi	VER2:fin	volere	O
fare	VER:infi	fare	O
un	ART	un	O
master	NOUN	master	O
cosa	WH	cosa	O
vuoi	VER:fin	volere	O
un	ART	un	O
una	ART	una	O
magistrale	NOUN	magistrale	O
			
#Text=per il momento però penso mi prenderò una par una pausa imparerò bene il tedesco in germania			
per	PRE	per	B
il	ART	il	I
momento	NOUN	momento	I
però	ADV	però	O
penso	VER:fin	pensare	O
mi	CLI	mi	O
prenderò	VER:fin	<unknown>	O
una	ART	una	O
par	VER:infi	<unknown>	O
una	ART	una	O
pausa	NOUN	pausa	O
imparerò	VER:fin	imparare	O
bene	ADV	bene	O
il	ART	il	O
tedesco	ADJ	tedesco	O
in	PRE	in	O
germania	ADJ	<unknown>	O
			
#Text=vai in germania			
vai	VER:fin	andare	O
in	PRE	in	O
germania	NOUN	<unknown>	O
			
#Text=sì ma anche a viaggiare così a magari trovare un lavoretto e stare lì capito			
sì	ADV	sì	O
ma	CON	ma	O
anche	ADV	anche	O
a	PRE	a	O
viaggiare	VER:infi	viaggiare	O
così	ADV	così	O
a	PRE	a	O
magari	ADV	magari	O
trovare	VER:infi	trovare	O
un	ART	un	O
lavoretto	NOUN	lavoretto	O
e	CON	e	O
stare	VER:infi	stare	O
lì	ADV	lì	O
capito	VER:ppast	capire	O
			
#Text=e e la svizzera invece come sta			
e	CON	e	O
e	CON	e	O
la	ART	la	O
svizzera	NOUN	svizzera	O
invece	ADV	invece	O
come	WH	come	O
sta	VER:fin	stare	O
			
#Text=eh la svizzera sta sempre bene sta sempre bene la svizzera mh			
eh	NOCAT	eh	O
la	ART	la	O
svizzera	NOUN	svizzera	O
sta	VER:fin	stare	O
sempre	ADV	sempre	O
bene	ADV	bene	O
sta	VER:fin	stare	O
sempre	ADV	sempre	O
bene	ADV	bene	O
la	ART	la	O
svizzera	NOUN	svizzera	O
mh	VER:fin	<unknown>	O
			
#Text=mah devo dire che sono contenta di essere di essermene andata perché			
mah	NOCAT	mah	O
devo	VER2:fin	dovere	O
dire	VER:infi	dire	O
che	CHE	che	O
sono	VER:fin	essere	O
contenta	ADJ	contento	O
di	PRE	di	O
essere	VER:infi	essere	O
di	PRE	di	O
essermene	AUX:infi:cli	essere	O
andata	VER:ppast	andare	O
perché	WH	perché	O
			
#Text=adesso per esempio quando ci torno			
adesso	ADV	adesso	O
per	PRE	per	B
esempio	NOUN	esempio	I
quando	WH	quando	O
ci	CLI	ci	O
torno	VER:fin	tornare	O
			
#Text=rispetto al primo anno			
rispetto	PRE	rispetto	O
al	ARTPRE	al	O
primo	ADJ	primo	O
anno	NOUN	anno	O
			
#Text=ehm quando tornavo il primo anno adesso quando torno mi sento un po' più vicina al mio paese			
ehm	ADJ	<unknown>	O
quando	WH	quando	O
tornavo	VER:fin	tornare	O
il	ART	il	O
primo	ADJ	primo	O
anno	NOUN	anno	O
adesso	ADV	adesso	O
quando	WH	quando	O
torno	NOUN	torno	O
mi	CLI	mi	O
sento	VER:fin	sentire	O
un	ART	un	B
po'	PRO:indef	po'	I
più	ADV	più	O
vicina	ADJ	vicino	O
al	ARTPRE	al	O
mio	DET:poss	mio	O
paese	NOUN	paese	O
			
#Text=anche se sto meglio qui eh			
anche	ADV	anche	O
se	CLI	se	O
sto	VER:fin	stare	O
meglio	ADV	meglio	O
qui	ADV	qui	O
eh	NOCAT	eh	O
			
#Text=nomepaese			
nomepaese	NOCAT	<unknown>	O		
			
#Text=sì sì			
sì	ADV	sì	O
sì	ADV	sì	O
			
#Text=comunque c' è io non son proprio di nomepaese però sto vicino a nomepaese			
comunque	WH	comunque	O
c'	CLI	c'	O
è	VER:fin	essere	O
io	PRO:pers	io	O
non	NEG	non	O
son	VER:fin	essere	O
proprio	ADV	proprio	O
di	PRE	di	O
nomepaese	NOUN	<unknown>	O		
però	ADV	però	O
sto	VER:fin	stare	O
vicino	ADJ	vicino	O
a	PRE	a	O
nomepaese	NOUN	<unknown>	O		
			
#Text=io non voglio assolutamente tornarci a vevere là			
io	PRO:pers	io	O
non	NEG	non	O
voglio	VER2:fin	volere	O
assolutamente	ADV:mente	assolutamente	O
tornarci	VER:infi:cli	tornare	O
a	PRE	a	O
vevere	VER:infi	<unknown>	O
là	ADV	là	O
			
#Text=nel senso a nomepaese o in ticino perché non mi piace però			
nel	ARTPRE	nel	B
senso	NOUN	senso	I
a	PRE	a	O
nomepaese	NOUN	<unknown>	O		
o	CON	o	O
in	PRE	in	O
ticino	NOUN	<unknown>	O
perché	WH	perché	O
non	NEG	non	O
mi	CLI	mi	O
piace	VER:fin	piacere	O
però	ADV	però	O
			
#Text=per esempio adesso quando finirò qua			
per	PRE	per	B
esempio	NOUN	esempio	I
adesso	ADV	adesso	O
quando	WH	quando	O
finirò	VER:fin	finire	O
qua	ADV	qua	O
			
#Text=vorei andare a losanna in svizzera francese			
vorei	VER:fin	<unknown>	O
andare	VER:infi	andare	O
a	PRE	a	O
losanna	NOUN	<unknown>	O
in	PRE	in	O
svizzera	NOUN	svizzera	O
francese	ADJ	francese	O
			
#Text=a fare a lavorare un po'			
a	PRE	a	O
fare	VER:infi	fare	O
a	PRE	a	O
lavorare	VER:infi	lavorare	O
un	ART	un	B
po'	PRO:indef	po'	I
			
#Text=ehm			
ehm	ADJ	<unknown>	O
			
#Text=per un po' per il francese per riprenderlo in mano			
per	PRE	per	O
un	ART	un	B
po'	PRO:indef	po'	I
per	PRE	per	O
il	ART	il	O
francese	NOUN	francese	O
per	PRE	per	O
riprenderlo	VER:infi:cli	<unknown>	B
in	PRE	in	I
mano	NOUN	mano	I
			
#Text=e un po' perche vo ci tengo a a tornare nel mio paese			
e	CON	e	O
un	ART	un	O
po'	PRO:indef	po'	O
perche	WH	perché	O
vo	VER:fin	<unknown>	O
ci	CLI	ci	O
tengo	VER:fin	tenere	O
a	PRE	a	O
a	PRE	a	O
tornare	VER:infi	tornare	O
nel	ARTPRE	nel	O
mio	DET:poss	mio	O
paese	NOUN	paese	O
			
#Text=ma vedere un' altra parte del mio paese perché effettivamente io non ho mai vissuto in un altro posto che non fosse il ticino			
ma	CON	ma	O
vedere	VER:infi	vedere	O
un'	ART	un'	O
altra	DET:indef	altro	O
parte	NOUN	parte	O
del	ARTPRE	del	O
mio	DET:poss	mio	O
paese	NOUN	paese	O
perché	WH	perché	O
effettivamente	ADV:mente	effettivamente	O
io	PRO:pers	io	O
non	NEG	non	O
ho	AUX:fin	avere	O
mai	ADV	mai	O
vissuto	VER:ppast	vivere	O
in	PRE	in	O
un	ART	un	O
altro	DET:indef	altro	O
posto	NOUN	posto	O
che	CHE	che	O
non	NEG	non	O
fosse	VER:fin	essere	O
il	ART	il	O
ticino	NOUN	<unknown>	O
			
#Text=in svizzera			
in	PRE	in	O
svizzera	NOUN	svizzera	O
			
#Text=e così appunto però l' idea di andare a losanna che ehm è una città molto bella io ogni tanto ci vado a trovare una mia amica			
e	CON	e	O
così	ADV	così	O
appunto	ADV	appunto	O
però	ADV	però	O
l'	ART	l'	O
idea	NOUN	idea	O
di	PRE	di	O
andare	VER:infi	andare	O
a	PRE	a	O
losanna	NOUN	<unknown>	O
che	CHE	che	O
ehm	ADJ	<unknown>	O
è	VER:fin	essere	O
una	ART	una	O
città	NOUN	città	O
molto	ADV	molto	O
bella	ADJ	bello	O
io	PRO:pers	io	O
ogni	DET:indef	ogni	O
tanto	ADV	tanto	O
ci	CLI	ci	O
vado	VER:fin	andare	O
a	PRE	a	O
trovare	VER:infi	trovare	O
una	ART	una	O
mia	DET:poss	mio	O
amica	NOUN	amica	O
			
#Text=l' idea di andare là è da una parte mi piace perché è una città un po' nordica un po'			
l'	ART	l'	O
idea	NOUN	idea	O
di	PRE	di	O
andare	VER:infi	andare	O
là	ADV	là	O
è	VER:fin	essere	O
da	PRE	da	B
una	ART	una	I
parte	NOUN	parte	I
mi	CLI	mi	O
piace	VER:fin	piacere	O
perché	WH	perché	O
è	VER:fin	essere	O
una	ART	una	O
città	NOUN	città	O
un	ART	un	B
po'	PRO:indef	po'	I
nordica	ADJ	nordico	O
un	ART	un	B
po'	PRO:indef	po'	I
			
#Text=in movimento però mi mi viene il magone a pensare di lasciare bologna perché c' è una c' è la il calore che emanano le città italiane purtroppo non le emanano le città svizzere			
in	PRE	in	O
movimento	NOUN	movimento	O
però	ADV	però	O
mi	CLI	mi	O
mi	CLI	mi	O
viene	VER:fin	venire	O
il	ART	il	O
magone	NOUN	magone	O
a	PRE	a	O
pensare	VER:infi	pensare	O
di	PRE	di	O
lasciare	VER:infi	lasciare	O
bologna	ADJ	<unknown>	O
perché	WH	perché	O
c'	CLI	c'	O
è	VER:fin	essere	O
una	ART	una	O
c'	CLI	c'	O
è	VER:fin	essere	O
la	ART	la	O
il	ART	il	O
calore	NOUN	calore	O
che	CHE	che	O
emanano	VER:fin	emanare	O
le	ART	la	O
città	NOUN	città	O
italiane	ADJ	italiano	O
purtroppo	ADV	purtroppo	O
non	NEG	non	O
le	CLI	le	O
emanano	VER:fin	emanare	O
le	ART	la	O
città	NOUN	città	O
svizzere	ADJ	svizzero	O
			
#Text=o nordiche non lo so			
o	CON	o	O
nordiche	ADJ	nordico	O
non	NEG	non	O
lo	CLI	lo	O
so	VER:fin	sapere	O
			
#Text=beh dai non è neanche così nordica già se vai a tolosa che è sulla stessa altezza magari			
beh	NOCAT	beh	O
dai	ARTPRE	dal	O
non	NEG	non	O
è	VER:fin	essere	O
neanche	ADV	neanche	O
così	ADV	così	O
nordica	ADJ	nordico	O
già	ADV	già	O
se	CLI	se	O
vai	VER:fin	andare	O
a	PRE	a	O
tolosa	ADJ	<unknown>	O
che	CHE	che	O
è	VER:fin	essere	O
sulla	ARTPRE	sulla	O
stessa	ADJ	stesso	O
altezza	NOUN	altezza	O
magari	ADV	magari	O
			
#Text=no no no			
no	ADV	no	O
no	ADV	no	O
no	ADV	no	O
			
#Text=magari la gente è un po' più presa bene non so			
magari	ADV	magari	O
la	ART	la	O
gente	NOUN	gente	O
è	VER:fin	essere	O
un	ART	un	O
po'	PRO:indef	po'	O
più	ADV	più	O
presa	VER:ppast	prendere	B
bene	ADV	bene	I
non	NEG	non	O
so	VER:fin	sapere	O
			
#Text=sì ma			
sì	ADV	sì	O
ma	CON	ma	O
			
#Text=no in realtà non lo so gli svizz in svizzera la svizzera non la conosco			
no	ADV	no	O
in	PRE	in	B
realtà	NOUN	realtà	I
non	NEG	non	O
lo	CLI	lo	O
so	VER:fin	sapere	O
gli	ART	il	O
svizz	NOUN	<unknown>	O
in	PRE	in	O
svizzera	NOUN	svizzera	O
la	ART	la	O
svizzera	NOUN	svizzera	O
non	NEG	non	O
la	CLI	la	O
conosco	VER:fin	conoscere	O
			
#Text=cioè			
cioè	ADV	cioè	O
			
#Text=non lo so ma guarda non so neanch' io fare un paragone perché non conosco putroppo non conosco la francia no non conosco la francianon conosco la germania mh			
non	NEG	non	O
lo	CLI	lo	O
so	VER:fin	sapere	O
ma	CON	ma	O
guarda	VER:fin	guardare	O
non	NEG	non	O
so	VER:fin	sapere	O
neanch'	ADJ	<unknown>	O
io	PRO:pers	io	O
fare	VER:infi	fare	O
un	ART	un	O
paragone	NOUN	paragone	O
perché	WH	perché	O
non	NEG	non	O
conosco	VER:fin	conoscere	O
putroppo	NOUN	<unknown>	O
non	NEG	non	O
conosco	VER:fin	conoscere	O
la	ART	la	O
francia	VER:fin	<unknown>	O
no	ADV	no	O
non	NEG	non	O
conosco	VER:fin	conoscere	O
la	ART	la	O
francianon	VER:fin	<unknown>	O
conosco	VER:fin	conoscere	O
la	ART	la	O
germania	NOUN	<unknown>	O
mh	ADJ	<unknown>	O
			
#Text=è è per me è nordi cioè io se penso a losanna mi sembra mi vien da dire nordico perché rispetto a qui insomma			
è	VER:fin	essere	O
è	VER:fin	essere	O
per	PRE	per	O
me	PRO:pers	me	O
è	VER:fin	essere	O
nordi	ADJ	<unknown>	O
cioè	ADV	cioè	O
io	PRO:pers	io	O
se	CLI	se	O
penso	VER:fin	pensare	O
a	PRE	a	O
losanna	NOUN	<unknown>	O
mi	CLI	mi	O
sembra	VER:fin	sembrare	O
mi	CLI	mi	O
vien	VER:fin	<unknown>	O
da	PRE	da	O
dire	VER:infi	dire	O
nordico	ADJ	nordico	O
perché	WH	perché	O
rispetto	NOUN	rispetto	O
a	PRE	a	O
qui	ADV	qui	O
insomma	ADV	insomma	O
			
#Text=poi			
poi	ADV	poi	O
			
#Text=in mezzo ai mondi o no			
in	PRE	in	B
mezzo	NOUN	mezzo	I
ai	ARTPRE	al	I
mondi	NOUN	mondo	O
o	CON	o	O
no	ADV	no	O
			
#Text=eh e si no ma losanna c' è il lago si ci sono ci sono			
eh	NOCAT	eh	O
e	CON	e	O
si	CLI	si	O
no	NOUN	no	O
ma	CON	ma	O
losanna	NOUN	<unknown>	O
c'	CLI	c'	O
è	VER:fin	essere	O
il	ART	il	O
lago	NOUN	lago	O
si	CLI	si	O
ci	CLI	ci	O
sono	VER:fin	essere	O
ci	CLI	ci	O
sono	VER:fin	essere	O
			
#Text=ma è vicino a ginevra no			
ma	CON	ma	O
è	VER:fin	essere	O
vicino	ADJ	vicino	O
a	PRE	a	O
ginevra	ADJ	<unknown>	O
no	ADV	no	O
			
#Text=si si			
si	CLI	si	O
si	CLI	si	O
			
#Text=e il lago è bellissimo			
e	CON	e	O
il	ART	il	O
lago	NOUN	lago	O
è	VER:fin	essere	O
bellissimo	ADJ	bello	O
			
#Text=però è molto malinconico poi sai ci sono d' inverno queste queste giornate un po' come questa un po' grige			
però	ADV	però	O
è	VER:fin	essere	O
molto	ADV	molto	O
malinconico	ADJ	malinconico	O
poi	ADV	poi	O
sai	NOUN	saio	O
ci	CLI	ci	O
sono	VER:fin	essere	O
d'	PRE	da|di	O
inverno	NOUN	inverno	O
queste	PRO:demo	queste	O
queste	DET:demo	questo	O
giornate	NOUN	giornata	O
un	ART	un	B
po'	PRO:indef	po'	I
come	WH	come	O
questa	DET:demo	questo	O
un	ART	un	B
po'	PRO:indef	po'	I
grige	NOUN	grigia	O
			
#Text=però il lago ecco il lago è una cosa che mi manca del mio paese			
però	ADV	però	O
il	ART	il	O
lago	NOUN	lago	O
ecco	ADV	ecco	O
il	ART	il	O
lago	NOUN	lago	O
è	VER:fin	essere	O
una	ART	una	O
cosa	NOUN	cosa	O
che	CHE	che	O
mi	CLI	mi	O
manca	VER:fin	mancare	O
del	ARTPRE	del	O
mio	DET:poss	mio	O
paese	NOUN	paese	O
			
#Text=che mi ha s è sempre stata una cosa che mi è mancata anche quando me ne sono andata che proprio ero contentissima di non vedere più la svizzera il lago mi mancava un po'			
che	CHE	che	O
mi	CLI	mi	O
ha	AUX:fin	avere	O
s	VER:fin	<unknown>	O
è	AUX:fin	essere	O
sempre	ADV	sempre	O
stata	VER:ppast	essere|stare	O
una	ART	una	O
cosa	NOUN	cosa	O
che	CHE	che	O
mi	CLI	mi	O
è	AUX:fin	essere	O
mancata	VER:ppast	mancare	O
anche	ADV	anche	O
quando	WH	quando	O
me	PRO:pers	me	O
ne	CLI	ne	O
sono	AUX:fin	essere	O
andata	VER:ppast	andare	O
che	CHE	che	O
proprio	ADV	proprio	O
ero	VER:fin	essere	O
contentissima	ADJ	contento	O
di	PRE	di	O
non	NEG	non	O
vedere	VER:infi	vedere	O
più	ADV	più	O
la	ART	la	O
svizzera	NOUN	svizzera	O
il	ART	il	O
lago	NOUN	lago	O
mi	CLI	mi	O
mancava	VER:fin	mancare	O
un	ART	un	B
po'	PRO:indef	po'	I
			
#Text=perché anche se io e dove sto io c' è un lago che è molto piccolo però ti dà comunque un po' una uno stacco no un l' acqua			
perché	WH	perché	O
anche	ADV	anche	O
se	CON	se	O
io	PRO:pers	io	O
e	CON	e	O
dove	WH	dove	O
sto	VER:fin	stare	O
io	PRO:pers	io	O
c'	CLI	c'	O
è	VER:fin	essere	O
un	ART	un	O
lago	NOUN	lago	O
che	CHE	che	O
è	VER:fin	essere	O
molto	ADV	molto	O
piccolo	ADJ	piccolo	O
però	ADV	però	O
ti	CLI	ti	O
dà	VER:fin	dare	O
comunque	WH	comunque	O
un	ART	un	O
po'	PRO:indef	po'	O
una	ART	una	O
uno	PRO:indef	uno	O
stacco	VER:fin	staccare	O
no	ADV	no	O
un	ART	un	O
l'	ART	l'	O
acqua	NOUN	acqua	O
			
#Text=a me piace tantissimo l' acqua			
a	PRE	a	O
me	PRO:pers	me	O
piace	VER:fin	piacere	O
tantissimo	ADJ	tanto	O
l'	ART	l'	O
acqua	NOUN	acqua	O
			
#Text=più che le montagne insomma			
più	ADV	più	O
che	CHE	che	O
le	ART	la	O
montagne	NOUN	montagna	O
insomma	ADV	insomma	O
			
#Text=e losanna è mh almeno ci sono dei paesaggi in svizzera che sono molto belli perché			
e	CON	e	O
losanna	NOUN	<unknown>	O
è	AUX:fin	essere	O
mh	VER:ppast	<unknown>	O
almeno	ADV	almeno	O
ci	CLI	ci	O
sono	VER:fin	essere	O
dei	ARTPRE	del	O
paesaggi	NOUN	paesaggio	O
in	PRE	in	O
svizzera	NOUN	svizzera	O
che	CHE	che	O
sono	VER:fin	essere	O
molto	ADV	molto	O
belli	ADJ	bello	O
perché	WH	perché	O
			
#Text=ehm ci sono le montagne ma non sono opprimenti come invece nella mia zona nella mia zona sono proprio un po' occlusive ti chiudono			
ehm	ADJ	<unknown>	O
ci	CLI	ci	O
sono	VER:fin	essere	O
le	ART	la	O
montagne	NOUN	montagna	O
ma	CON	ma	O
non	NEG	non	O
sono	VER:fin	essere	O
opprimenti	ADJ	opprimente	O
come	WH	come	O
invece	ADV	invece	O
nella	ARTPRE	nella	O
mia	DET:poss	mio	O
zona	NOUN	zona	O
nella	ARTPRE	nella	O
mia	DET:poss	mio	O
zona	NOUN	zona	O
sono	VER:fin	essere	O
proprio	ADV	proprio	O
un	ART	un	B
po'	PRO:indef	po'	I
occlusive	NOUN	<unknown>	O
ti	CLI	ti	O
chiudono	VER:fin	chiudere	O
			
#Text=e invece lì sono ci sono ma sono più rade poi c' è questo lago talmente grande che eh attenua un po' questa cosa delle montagne imponenti			
e	CON	e	O
invece	ADV	invece	O
lì	ADV	lì	O
sono	VER:fin	essere	O
ci	CLI	ci	O
sono	VER:fin	essere	O
ma	CON	ma	O
sono	VER:fin	essere	O
più	ADV	più	O
rade	ADJ	rado	O
poi	ADV	poi	O
c'	CLI	c'	O
è	VER:fin	essere	O
questo	DET:demo	questo	O
lago	NOUN	lago	O
talmente	ADV:mente	talmente	O
grande	ADJ	grande	O
che	CHE	che	O
eh	NOCAT	eh	O
attenua	VER:fin	attenuare	O
un	ART	un	B
po'	PRO:indef	po'	I
questa	DET:demo	questo	O
cosa	NOUN	cosa	O
delle	ARTPRE	della	O
montagne	NOUN	montagna	O
imponenti	ADJ	imponente	O
			
#Text=e così			
e	CON	e	O
così	ADV	così	O
			
#Text=no e tu teatro scusa			
no	ADV	no	O
e	CON	e	O
tu	PRO:pers	tu	O
teatro	NOUN	teatro	O
scusa	VER:fin	scusare	O
			
#Text=io sto facendo i corsi al lab quarantuno e basta			
io	PRO:pers	io	O
sto	VER:fin	stare	O
facendo	VER:geru	fare	O
i	ART	il	O
corsi	NOUN	corso	O
al	ARTPRE	al	O
lab	NOUN	<unknown>	O
quarantuno	DET:num	quarantuno	O
e	CON	e	O
basta	VER:fin	bastare	O
			
#Text=ah continui lì			
ah	NOCAT	ah	O
continui	ADJ	continuo	O
lì	ADV	lì	O
			
#Text=sì			
sì	ADV	sì	O
			
#Text=ma dove vivi adesso			
ma	CON	ma	O
dove	WH	dove	O
vivi	VER:fin	vivere	O
adesso	ADV	adesso	O
			
#Text=adesso vivo sopra il mercato delle erbe			
adesso	ADV	adesso	O
vivo	ADJ	vivo	O
sopra	PRE	sopra	O
il	ART	il	O
mercato	NOUN	mercato	O
delle	ARTPRE	della	O
erbe	NOUN	erba	O
			
#Text=aspetta il mercato delle erbe ah sì sì bellissimo			
aspetta	VER:fin	aspettare	O
il	ART	il	O
mercato	NOUN	mercato	O
delle	ARTPRE	della	O
erbe	NOUN	erba	O
ah	NOCAT	ah	O
sì	ADV	sì	O
sì	ADV	sì	O
bellissimo	ADJ	bello	O
			
#Text=sì sì			
sì	ADV	sì	O
sì	ADV	sì	O
			
#Text=hai trovato quando			
hai	AUX:fin	avere	O
trovato	VER:ppast	trovare	O
quando	WH	quando	O
			
#Text=ho trovato cioè sono in casa di amici che che già stavano là			
ho	AUX:fin	avere	O
trovato	VER:ppast	trovare	O
cioè	ADV	cioè	O
sono	VER:fin	essere	O
in	PRE	in	O
casa	NOUN	casa	O
di	PRE	di	O
amici	NOUN	amico	O
che	CHE	che	O
che	CHE	che	O
già	ADV	già	O
stavano	VER:fin	stare	O
là	ADV	là	O
			
#Text=okay			
okay	ADV	okay	O
			
#Text=per cui non ho ridovuto cercare sapevo che uno di loro andava in erasmus ho detto vabbé			
per	PRE	per	O
cui	WH	cui	O
non	NEG	non	O
ho	AUX:fin	avere	O
ridovuto	VER:ppast	<unknown>	O
cercare	VER:infi	cercare	O
sapevo	VER:fin	sapere	O
che	CHE	che	O
uno	PRO:indef	uno	O
di	PRE	di	O
loro	PRO:pers	loro	O
andava	VER:fin	andare	O
in	PRE	in	O
erasmus	NOUN	<unknown>	O
ho	AUX:fin	avere	O
detto	VER:ppast	dire	O
vabbé	VER:fin	<unknown>	O
			
#Text=perfetto			
perfetto	ADJ	perfetto	O
			
#Text=c' è già lo sapevo da giugno così non s ho dovuto cercare niente			
c'	CLI	c'	O
è	VER:fin	essere	O
già	ADV	già	O
lo	CLI	lo	O
sapevo	VER:fin	sapere	O
da	PRE	da	O
giugno	NOUN	giugno	O
così	ADV	così	O
non	NEG	non	O
s	VER:fin	<unknown>	O
ho	AUX:fin	avere	O
dovuto	VER:ppast	dovere	O
cercare	VER:infi	cercare	O
niente	ADV	niente	O
			
#Text=ma adesso devi andare devi andare via			
ma	CON	ma	O
adesso	ADV	adesso	O
devi	VER2:fin	dovere	O
andare	VER:infi	andare	O
devi	VER2:fin	dovere	O
andare	VER:infi	andare	B
via	ADV	via	I
			
#Text=quando il tuo amico torna			
quando	WH	quando	O
il	ART	il	O
tuo	DET:poss	tuo	O
amico	NOUN	amico	O
torna	VER:fin	tornare	O
			
#Text=ma tanto mi laureo percui sì			
ma	CON	ma	O
tanto	ADV	tanto	O
mi	CLI	mi	O
laureo	VER:fin	laureare	O
percui	VER:fin	<unknown>	O
sì	ADV	sì	O
			
#Text=ti laurei quando adesso			
ti	CLI	ti	O
laurei	VER:fin	laureare	O
quando	WH	quando	O
adesso	ADV	adesso	O
			
#Text=cioè lui lui tornerà tornerà a giugno cioè tornerà verso x			
cioè	ADV	cioè	O
lui	PRO:pers	lui	O
lui	PRO:pers	lui	O
tornerà	VER:fin	tornare	O
tornerà	VER:fin	tornare	O
a	PRE	a	O
giugno	NOUN	giugno	O
cioè	ADV	cioè	O
tornerà	VER:fin	tornare	O
verso	PRE	verso	O
x	NOUN	<unknown>	O
			
#Text=ah okay okay sì			
ah	NOCAT	ah	O
okay	ADV	okay	O
okay	ADV	okay	O
sì	ADV	sì	O
			
#Text=ma quindi tu s ah se ehm lui è andato in erasmus per un anno			
ma	CON	ma	O
quindi	ADV	quindi	O
tu	PRO:pers	tu	O
s	VER:fin	<unknown>	O
ah	NOCAT	ah	O
se	CON	se	O
ehm	ADJ	<unknown>	O
lui	PRO:pers	lui	O
è	AUX:fin	essere	O
andato	VER:ppast	andare	O
in	PRE	in	O
erasmus	NOUN	<unknown>	O
per	PRE	per	O
un	ART	un	O
anno	NOUN	anno	O
			
#Text=sì			
sì	ADV	sì	O
			
#Text=okay			
okay	ADV	okay	O
			
#Text=perfetto			
perfetto	ADJ	perfetto	O
			
#Text=ehm matt e matteo			
ehm	ADJ	<unknown>	O
matt	NOUN	<unknown>	O
e	CON	e	O
matteo	VER:fin	<unknown>	O
			
#Text=matteo è con ' sta tipa matta la maria			
matteo	ADJ	<unknown>	O
è	VER:fin	essere	O
con	PRE	con	O
'	PUN	'	O
sta	VER:fin	stare	O
tipa	ADJ	tipo	O
matta	NOUN	matta	O
la	ART	la	O
maria	ADJ	<unknown>	O
			
#Text=è qui			
è	VER:fin	essere	O
qui	ADV	qui	O
			
#Text=la maria			
la	ART	la	O
maria	ADJ	<unknown>	O
			
#Text=matta ma incredibile cioè vabbé no in realtà si m mettono assieme e si mollano una volta a settimana			
matta	NOUN	matta	O
ma	CON	ma	O
incredibile	ADJ	incredibile	O
cioè	ADV	cioè	O
vabbé	VER:fin	<unknown>	O
no	ADV	no	O
in	PRE	in	B
realtà	NOUN	realtà	I
si	CLI	si	O
m	VER:fin	<unknown>	O
mettono	VER:fin	mettere	B
assieme	ADV	assieme	I
e	CON	e	O
si	CLI	si	O
mollano	VER:fin	mollare	O
una	ART	una	O
volta	NOUN	volta	O
a	PRE	a	O
settimana	NOUN	settimana	O
			
#Text=sì que quello è sem sì ê così da quando si sono conosciuti			
sì	ADV	sì	O
que	VER:fin	<unknown>	O
quello	PRO:demo	quello	O
è	VER:fin	essere	O
sem	ADJ	<unknown>	O
sì	ADV	sì	O
ê	ADJ	<unknown>	O
così	ADV	così	O
da	PRE	da	O
quando	WH	quando	O
si	CLI	si	O
sono	AUX:fin	essere	O
conosciuti	VER:ppast	conoscere	O
			
#Text=sì n non cambia niente praticamente sempre la stessa situazione			
sì	ADV	sì	O
n	VER:fin	<unknown>	O
non	NEG	non	O
cambia	VER:fin	cambiare	O
niente	ADV	niente	O
praticamente	ADV:mente	praticamente	O
sempre	ADV	sempre	O
la	ART	la	O
stessa	ADJ	stesso	O
situazione	NOUN	situazione	O
			
#Text=ma lui è a rimini			
ma	CON	ma	O
lui	PRO:pers	lui	O
è	VER:fin	essere	O
a	PRE	a	O
rimini	NOUN	<unknown>	O
			
#Text=e simone invece hai saputo di simone			
e	CON	e	O
simone	NOUN	<unknown>	O
invece	ADV	invece	O
hai	AUX:fin	avere	O
saputo	VER:ppast	sapere	O
di	PRE	di	O
simone	NOUN	<unknown>	O
			
#Text=sì sì è stato allora l' ho visto è passsato da bologna così ve un giorno			
sì	ADV	sì	O
sì	ADV	sì	O
è	AUX:fin	essere	O
stato	AUX:ppast	essere	O
allora	ADV	allora	O
l'	CLI	l'	O
ho	VER:fin	avere	O
visto	NOUN	visto	O
è	AUX:fin	essere	O
passsato	VER:ppast	<unknown>	O
da	PRE	da	O
bologna	ADJ	<unknown>	O
così	ADV	così	O
ve	CLI	ve	O
un	ART	un	O
giorno	NOUN	giorno	O
			
#Text=l' hai sentito			
l'	CLI	l'	O
hai	AUX:fin	avere	O
sentito	VER:ppast	sentire	O
			
#Text=velocissimo e l' ho visto e ho conosciuto la sua ragazza			
velocissimo	ADJ	veloce	O
e	CON	e	O
l'	CLI	l'	O
ho	VER:fin	avere	O
visto	NOUN	visto	O
e	CON	e	O
ho	AUX:fin	avere	O
conosciuto	VER:ppast	conoscere	O
la	ART	la	O
sua	DET:poss	suo	O
ragazza	NOUN	ragazza	O
			
#Text=e sì mi ha detto che avranno un bambino			
e	CON	e	O
sì	ADV	sì	O
mi	CLI	mi	O
ha	AUX:fin	avere	O
detto	VER:ppast	dire	O
che	CHE	che	O
avranno	VER:fin	avere	O
un	ART	un	O
bambino	NOUN	bambino	O
			
#Text=che bello sono			
che	CHE	che	O
bello	ADJ	bello	O
sono	AUX:fin	essere	O
			
#Text=è s per me è stranissimo pensare simone papà perché l' ho conosciuto che non so aveva forse ventidue anni più o meno la mia età la mia età			
è	VER:fin	essere	O
s	VER:fin	<unknown>	O
per	PRE	per	O
me	PRO:pers	me	O
è	VER:fin	essere	O
stranissimo	ADJ	strano	O
pensare	VER:infi	pensare	O
simone	NOUN	<unknown>	O
papà	NOUN	papà	O
perché	WH	perché	O
l'	CLI	l'	O
ho	AUX:fin	avere	O
conosciuto	VER:ppast	conoscere	O
che	CHE	che	O
non	NEG	non	O
so	VER:fin	sapere	O
aveva	VER:fin	avere	O
forse	ADV	forse	O
ventidue	DET:num	ventidue	O
anni	NOUN	anno	O
più	ADV	più	B
o	CON	o	I
meno	ADV	meno	I
la	ART	la	O
mia	DET:poss	mio	O
età	NOUN	età	O
la	ART	la	O
mia	DET:poss	mio	O
età	NOUN	età	O
			
#Text=un po' più grande forse			
un	ART	un	B
po'	PRO:indef	po'	I
più	ADV	più	O
grande	ADJ	grande	O
forse	ADV	forse	O
			
#Text=e e ci sia eentrambi ci siamo visti proprio cam crescere e cambiare però in età diverse perché quando lui mi ha quando io l' ho conosciuto io avevo un quindicianni non so			
e	CON	e	O
e	CON	e	O
ci	CLI	ci	O
sia	AUX:fin	essere	O
eentrambi	VER:fin	<unknown>	O
ci	CLI	ci	O
siamo	VER:fin	essere	O
visti	VER:fin	vistare	O
proprio	ADV	proprio	O
cam	ADJ	<unknown>	O
crescere	VER:infi	crescere	O
e	CON	e	O
cambiare	VER:infi	cambiare	O
però	ADV	però	O
in	PRE	in	O
età	NOUN	età	O
diverse	ADJ	diverso	O
perché	WH	perché	O
quando	WH	quando	O
lui	PRO:pers	lui	O
mi	CLI	mi	O
ha	VER:fin	avere	O
quando	WH	quando	O
io	PRO:pers	io	O
l'	CLI	l'	O
ho	AUX:fin	avere	O
conosciuto	VER:ppast	conoscere	O
io	PRO:pers	io	O
avevo	VER:fin	avere	O
un	ART	un	O
quindicianni	NPR	<unknown>	O
non	NEG	non	O
so	VER:fin	sapere	O
			
#Text=ehm			
ehm	ADJ	<unknown>	O
			
#Text=e quest' estate ehm quest' estate m lui ha conosciuto lella la sua ragazza			
e	CON	e	O
quest'	DET:demo	questo	O
estate	NOUN	estate	O
ehm	ADJ	<unknown>	O
quest'	DET:demo	questo	O
estate	NOUN	estate	O
m	VER:fin	<unknown>	O
lui	PRO:pers	lui	O
ha	AUX:fin	avere	O
conosciuto	VER:ppast	conoscere	O
lella	VER:fin	<unknown>	O
la	ART	la	O
sua	DET:poss	suo	O
ragazza	NOUN	ragazza	O
			
#Text=io l' ho io l' ho sentito per telefono e mi ha detto ah mi sono innamorato			
io	PRO:pers	io	O
l'	CLI	l'	O
ho	VER:fin	avere	O
io	PRO:pers	io	O
l'	CLI	l'	O
ho	AUX:fin	avere	O
sentito	VER:ppast	sentire	O
per	PRE	per	O
telefono	NOUN	telefono	O
e	CON	e	O
mi	CLI	mi	O
ha	AUX:fin	avere	O
detto	VER:ppast	dire	O
ah	NOCAT	ah	O
mi	CLI	mi	O
sono	AUX:fin	essere	O
innamorato	VER:ppast	innamorare	O
			
#Text=e e niente			
e	CON	e	O
e	CON	e	O
niente	ADV	niente	O
			
#Text=molto bello			
molto	ADV	molto	O
bello	ADJ	bello	O
			
#Text=ma tu l' hai sentito			
ma	CON	ma	O
tu	PRO:pers	tu	O
l'	CLI	l'	O
hai	AUX:fin	avere	O
sentito	VER:ppast	sentire	O
			
#Text=ma non te l' ha detto che ci siamo beccati per caso in francia facevamo la vendemmia nello stesso posto			
ma	CON	ma	O
non	NEG	non	O
te	PRO:pers	te	O
l'	CLI	l'	O
ha	AUX:fin	avere	O
detto	VER:ppast	dire	O
che	CHE	che	O
ci	CLI	ci	O
siamo	AUX:fin	essere	O
beccati	VER:ppast	beccare	O
per	PRE	per	B
caso	NOUN	caso	I
in	PRE	in	O
francia	NOUN	<unknown>	O
facevamo	VER:fin	fare	O
la	ART	la	O
vendemmia	NOUN	vendemmia	O
nello	ARTPRE	nel	O
stesso	ADJ	stesso	O
posto	NOUN	posto	O
			
#Text=no no sai che no no non me l' ha detto o forse me l' ha detto non lo so non mi ricordo			
no	ADV	no	O
no	ADV	no	O
sai	NOUN	saio	O
che	CHE	che	O
no	ADV	no	O
no	ADV	no	O
non	NEG	non	O
me	PRO:pers	me	O
l'	CLI	l'	O
ha	AUX:fin	avere	O
detto	VER:ppast	dire	O
o	CON	o	O
forse	ADV	forse	O
me	PRO:pers	me	O
l'	CLI	l'	O
ha	AUX:fin	avere	O
detto	VER:ppast	dire	O
non	NEG	non	O
lo	CLI	lo	O
so	VER:fin	sapere	O
non	NEG	non	O
mi	CLI	mi	O
ricordo	VER:fin	ricordare	O
			
#Text=cioè non proprio per caso perché era il posto in cui già igor era stato			
cioè	ADV	cioè	O
non	NEG	non	O
proprio	ADV	proprio	O
per	PRE	per	B
caso	NOUN	caso	I
perché	WH	perché	O
era	VER:fin	essere	O
il	ART	il	O
posto	NOUN	posto	O
in	PRE	in	O
cui	WH	cui	O
già	ADV	già	O
igor	ADJ	<unknown>	O
era	AUX:fin	essere	O
stato	AUX:ppast	essere	O
			
#Text=e la mara pure l' amica di igor			
e	CON	e	O
la	ART	la	O
mara	ADJ	<unknown>	O
pure	ADV	pure	O
l'	ART	l'	O
amica	NOUN	amica	O
di	PRE	di	O
igor	NOUN	<unknown>	O
			
#Text=si sì mara sì di ferra di ferre di ferrara di ferrera sì			
si	CLI	si	O
sì	ADV	sì	O
mara	ADJ	<unknown>	O
sì	ADV	sì	O
di	PRE	di	O
ferra	VER:fin	ferrare	O
di	PRE	di	O
ferre	VER:fin	<unknown>	O
di	PRE	di	O
ferrara	NPR	Ferrara	O
di	PRE	di	O
ferrera	VER:fin	<unknown>	O
sì	ADV	sì	O
			
#Text=vabbé			
vabbé	VER:fin	<unknown>	O
			
#Text=fatto sta che arriviamo lì nel posto dove accampavamo per per far la vendemmia e c' era si simone con la sua tipa			
fatto	NOUN	fatto	O
sta	VER:fin	stare	O
che	CHE	che	O
arriviamo	VER:fin	arrivare	O
lì	ADV	lì	O
nel	ARTPRE	nel	O
posto	NOUN	posto	O
dove	WH	dove	O
accampavamo	VER:fin	accampare	O
per	PRE	per	O
per	PRE	per	O
far	VER:infi	fare	O
la	ART	la	O
vendemmia	NOUN	vendemmia	O
e	CON	e	O
c'	CLI	c'	O
era	VER:fin	essere	O
si	CLI	si	O
simone	VER:fin	<unknown>	O
con	PRE	con	O
la	ART	la	O
sua	DET:poss	suo	O
tipa	NOUN	tipa	O
			
#Text=e c' era simone			
e	CON	e	O
c'	CLI	c'	O
era	VER:fin	essere	O
simone	NOUN	<unknown>	O
			
#Text=che carini			
che	CHE	che	O
carini	ADJ	carino	O
			
#Text=e tra l' altro ' sta tipa è amica è amica d' infanzia di igor			
e	CON	e	O
tra	PRE	tra	B
l'	ART	l'	I
altro	PRO:indef	altro	I
'	PUN	'	O
sta	VER:fin	stare	O
tipa	ADJ	tipo	O
è	VER:fin	essere	O
amica	ADJ	amico	O
è	VER:fin	essere	O
amica	NOUN	amica	O
d'	PRE	da|di	O
infanzia	NOUN	infanzia	O
di	PRE	di	O
igor	NOUN	<unknown>	O
			
#Text=è perche è di			
è	VER:fin	essere	O
perche	WH	perché	O
è	VER:fin	essere	O
di	PRE	di	O
			
#Text=no stai sche eh perché lei è di di cattolica			
no	ADV	no	O
stai	VER:fin	stare	O
sche	VER:fin	<unknown>	O
eh	NOCAT	eh	O
perché	WH	perché	O
lei	PRO:pers	lei	O
è	VER:fin	essere	O
di	PRE	di	O
di	PRE	di	O
cattolica	ADJ	cattolico	O
			
#Text=cioè eh			
cioè	ADV	cioè	O
eh	NOCAT	eh	O
			
#Text=di cattolica			
di	PRE	di	O
cattolica	ADJ	cattolico	O
			
#Text=ed è amica d' infanzia di igor e io conoscevo suo fratello tanto per dire			
ed	CON	ed	O
è	VER:fin	essere	O
amica	NOUN	amica	O
d'	PRE	da|di	O
infanzia	NOUN	infanzia	O
di	PRE	di	O
igor	NOUN	<unknown>	O
e	CON	e	O
io	PRO:pers	io	O
conoscevo	VER:fin	conoscere	O
suo	DET:poss	suo	O
fratello	NOUN	fratello	O
tanto	ADV	tanto	O
per	PRE	per	O
dire	VER:infi	dire	O
			
#Text=no			
no	ADV	no	O
			
#Text=suo fratello l' ho conosciuto perché è mio vicino di casa cioè tra l' altro è tipo abbiam scoperto che è il mio vicino di casa			
suo	DET:poss	suo	O
fratello	NOUN	fratello	O
l'	CLI	l'	O
ho	AUX:fin	avere	O
conosciuto	VER:ppast	conoscere	O
perché	WH	perché	O
è	VER:fin	essere	O
mio	PRO:poss	mio	O
vicino	ADJ	vicino	B
di	PRE	di	I
casa	NOUN	casa	I
cioè	ADV	cioè	O
tra	PRE	tra	B
l'	ART	l'	I
altro	PRO:indef	altro	I
è	VER:fin	essere	O
tipo	NOUN	tipo	O
abbiam	ADJ	<unknown>	O
scoperto	VER:ppast	scoprire	O
che	CHE	che	O
è	VER:fin	essere	O
il	ART	il	O
mio	DET:poss	mio	O
vicino	ADJ	vicino	B
di	PRE	di	I
casa	NOUN	casa	I
			
#Text=eh			
eh	NOCAT	eh	O
			
#Text=ah vedi			
ah	NOCAT	ah	O
vedi	VER:fin	vedere	O
			
#Text=ah quindi vivitipo in nomeluogo lì			
ah	NOCAT	ah	O
quindi	ADV	quindi	O
vivitipo	VER:fin	<unknown>	O
in	PRE	in	O
nomeluogo	NOUN	<unknown>	O		
lì	ADV	lì	O
			
#Text=sì sì vivo lì			
sì	ADV	sì	O
sì	ADV	sì	O
vivo	ADJ	vivo	O
lì	ADV	lì	O
			
#Text=pensa te			
pensa	VER:fin	pensare	O
te	PRO:pers	te	O
			
#Text=che tipo suo fratello f è fa morire			
che	CHE	che	O
tipo	NOUN	tipo	O
suo	DET:poss	suo	O
fratello	NOUN	fratello	O
f	NOUN	<unknown>	O
è	VER:fin	essere	O
fa	ADV	fa	O
morire	VER:infi	morire	O
			
#Text=sì			
sì	ADV	sì	O
			
#Text=tra l' altro aveva portato perché ci siam visti alla l' osteria del sole			
tra	PRE	tra	B
l'	ART	l'	I
altro	PRO:indef	altro	I
aveva	AUX:fin	avere	O
portato	VER:ppast	portare	O
perché	WH	perché	O
ci	CLI	ci	O
siam	ADJ	<unknown>	O
visti	VER:fin	vistare	O
alla	ARTPRE	alla	O
l'	ART	l'	O
osteria	NOUN	osteria	O
del	ARTPRE	del	O
sole	NOUN	sole	O
			
#Text=e suo fratello aveva portato ehm un salame un formaggio buonissimo			
e	CON	e	O
suo	DET:poss	suo	O
fratello	NOUN	fratello	O
aveva	AUX:fin	avere	O
portato	VER:ppast	portare	O
ehm	ADJ	<unknown>	O
un	ART	un	O
salame	NOUN	salame	O
un	ART	un	O
formaggio	NOUN	formaggio	O
buonissimo	ADJ	buono	O
			
#Text=e faccio ah dove l' hai preso eh l' ho preso e nel dal toscano in nomeluogo			
e	CON	e	O
faccio	VER:fin	fare	O
ah	NOCAT	ah	O
dove	WH	dove	O
l'	CLI	l'	O
hai	AUX:fin	avere	O
preso	VER:ppast	prendere	O
eh	NOCAT	eh	O
l'	CLI	l'	O
ho	AUX:fin	avere	O
preso	VER:ppast	prendere	O
e	CON	e	O
nel	ARTPRE	nel	O
dal	ARTPRE	dal
toscano	NOUN	toscano	O
in	PRE	in	O
nomeluogo	NOUN	<unknown>	O		
			
#Text=gli faccio oddio ma è di è di fronte a casa mia			
gli	CLI	gli	O
faccio	VER:fin	fare	O
oddio	ADJ	<unknown>	O
ma	CON	ma	O
è	VER:fin	essere	O
di	PRE	di	O
è	VER:fin	essere	O
di	PRE	di	B
fronte	NOUN	fronte	I
a	PRE	a	I
casa	NOUN	casa	O
mia	DET:poss	mio	O
			
#Text=e e lui mi ha detto ah sì sì è anche di fronte anche accanto a casa mia insomma abbiamo scoperto di vivere vicini			
e	CON	e	O
e	CON	e	O
lui	PRO:pers	lui	O
mi	CLI	mi	O
ha	AUX:fin	avere	O
detto	VER:ppast	dire	O
ah	NOCAT	ah	O
sì	ADV	sì	O
sì	ADV	sì	O
è	VER:fin	essere	O
anche	ADV	anche	O
di	PRE	di	B
fronte	NOUN	fronte	I
anche	ADV	anche	O
accanto	ADV	accanto	O
a	PRE	a	O
casa	NOUN	casa	O
mia	DET:poss	mio	O
insomma	ADV	insomma	O
abbiamo	AUX:fin	avere	O
scoperto	VER:ppast	scoprire	O
di	PRE	di	O
vivere	VER:infi	vivere	O
vicini	NOUN	vicino	O
			
#Text=e che tipo poi un parla tantissimo			
e	CON	e	O
che	CHE	che	O
tipo	NOUN	tipo	O
poi	ADV	poi	O
un	ART	un	O
parla	VER:fin	parlare	O
tantissimo	ADJ	tanto	O
			
#Text=e poi super coinvolgente presa bene			
e	CON	e	O
poi	ADV	poi	O
super	ADJ	super	O
coinvolgente	VER:ppre	coinvolgere	O
presa	VER:ppast	prendere	B
bene	ADV	bene	I
			
#Text=sì sì sì gi ti fa un sacco di domande			
sì	ADV	sì	O
sì	ADV	sì	O
sì	ADV	sì	O
gi	VER:fin	<unknown>	O
ti	CLI	ti	O
fa	VER:fin	fare	O
un	ART	un	B
sacco	NOUN	sacco	I
di	PRE	di	I
domande	NOUN	domanda	O
			
#Text=eh si che ridere			
eh	NOCAT	eh	O
si	CLI	si	O
che	CHE	che	O
ridere	VER:infi	ridere	O
			
#Text=tra l' altro adesso lo sai no l dopo loro m vanno andranno in francia			
tra	PRE	tra	B
l'	ART	l'	I
altro	PRO:indef	altro	I
adesso	ADV	adesso	O
lo	ART	il	O
sai	NOUN	saio	O
no	ADV	no	O
l	VER:fin	<unknown>	O
dopo	PRE	dopo	O
loro	PRO:pers	loro	O
m	VER:fin	<unknown>	O
vanno	VER:fin	andare	O
andranno	VER:fin	andare	O
in	PRE	in	O
francia	VER:fin	<unknown>	O
			
#Text=sì			
sì	ADV	sì	O
			
#Text=vicino a montpellier			
vicino	ADJ	vicino	O
a	PRE	a	O
montpellier	VER:infi:cli	<unknown>	O
			
#Text=mh mh			
mh	VER:fin	<unknown>	O
mh	ADJ	<unknown>	O
			
#Text=o vicino a dove si sono conosciuti			
o	CON	o	O
vicino	ADJ	vicino	O
a	PRE	a	O
dove	WH	dove	O
si	CLI	si	O
sono	AUX:fin	essere	O
conosciuti	VER:ppast	conoscere	O
			
#Text=si sono conosciuti			
si	CLI	si	O
sono	AUX:fin	essere	O
conosciuti	VER:ppast	conoscere	O
			
#Text=nelle ardenne no			
nelle	ARTPRE	nella	O
ardenne	VER:fin	<unknown>	O
no	ADV	no	O
			
#Text=sì ardenne			
sì	ADV	sì	O
ardenne	VER:fin	<unknown>	O
			
#Text=ma tu non eri ne el e lavendemmia dove l' avete fatta			
ma	CON	ma	O
tu	PRO:pers	tu	O
non	NEG	non	O
eri	VER:fin	essere	O
ne	CLI	ne	O
el	VER:fin	<unknown>	O
e	CON	e	O
lavendemmia	VER:fin	<unknown>	O
dove	WH	dove	O
l'	CLI	l'	O
avete	AUX:fin	avere	O
fatta	VER2:ppast	fare	O
			
#Text=bourgogne			
bourgogne	NOUN	<unknown>	O
			
#Text=ah okay			
ah	NOCAT	ah	O
okay	ADV	okay	O
			
#Text=mh mh			
mh	VER:fin	<unknown>	O
mh	VER:fin	<unknown>	O
			
#Text=sì sì			
sì	ADV	sì	O
sì	ADV	sì	O
			
#Text=comunque se vuoi stasera vengono anche igor pietro e la maria a cena se vuoi venire			
comunque	WH	comunque	O
se	CLI	se	O
vuoi	VER:fin	volere	O
stasera	ADV	stasera	O
vengono	VER:fin	venire	O
anche	ADV	anche	O
igor	ADJ	<unknown>	O
pietro	VER:fin	<unknown>	O
e	CON	e	O
la	ART	la	O
maria	ADJ	<unknown>	O
a	PRE	a	O
cena	NOUN	cena	O
se	CLI	se	O
vuoi	VER2:fin	volere	O
venire	AUX:infi	venire	O
			
#Text=ah è vero			
ah	NOCAT	ah	O
è	VER:fin	essere	O
vero	ADJ	vero	O
			
#Text=boh facciamo una cena			
boh	NOCAT	boh	O
facciamo	VER:fin	fare	O
una	ART	una	O
cena	NOUN	cena	O
			
#Text=questa sera in casa tua			
questa	DET:demo	questo	O
sera	NOUN	sera	O
in	PRE	in	O
casa	NOUN	casa	O
tua	DET:poss	tuo	O
			
#Text=sì			
sì	ADV	sì	O
			
#Text=okay ci sta			
okay	ADV	okay	O
ci	CLI	ci	O
sta	VER:fin	stare	O
			
#Text=beh che sei dall' altra parte dela città però			
beh	NOCAT	beh	O
che	CHE	che	O
sei	VER:fin	essere	O
dall'	ARTPRE	dall'	O
altra	DET:indef	altro	O
parte	NOUN	parte	O
dela	NOUN	<unknown>	O
città	NOUN	città	O
però	ADV	però	O
			
#Text=sì			
sì	ADV	sì	O
			
#Text=ma igor a perché aspetta lui			
ma	CON	ma	O
igor	NOUN	<unknown>	O
a	PRE	a	O
perché	WH	perché	O
aspetta	VER:fin	aspettare	O
lui	PRO:pers	lui	O
			
#Text=è qua in ' sti giorni normalmente sta a rimini			
è	VER:fin	essere	O
qua	ADV	qua	O
in	PRE	in	O
'	PUN	'	O
sti	VER:fin	<unknown>	O
giorni	NOUN	giorno	O
normalmente	ADV:mente	normalmente	O
sta	VER:fin	stare	O
a	PRE	a	O
rimini	VER:fin	<unknown>	O
			
#Text=eh appunto ma fino a quanto sta			
eh	NOCAT	eh	O
appunto	ADV	appunto	O
ma	CON	ma	O
fino	PRE	fino	O
a	PRE	a	O
quanto	WH	quanto	O
sta	VER:fin	stare	O
			
#Text=beh domani va via			
beh	NOCAT	beh	O
domani	ADV	domani	O
va	VER:fin	andare	B
via	ADV	via	I
			
#Text=già doma mattina			
già	ADV	già	O
doma	ADJ	domo	O
mattina	NOUN	mattina	O
			
#Text=sì è che viene magari tutte le settimana un paio di giorni oppure una settimana sì una settimana no			
sì	ADV	sì	O
è	VER:fin	essere	O
che	CHE	che	O
viene	VER:fin	venire	O
magari	ADV	magari	O
tutte	DET:indef	tutto	O
le	ART	la	O
settimana	NOUN	settimana	O
un	ART	un	O
paio	NOUN	paio	O
di	PRE	di	O
giorni	NOUN	giorno	O
oppure	CON	oppure	O
una	ART	una	O
settimana	NOUN	settimana	O
sì	ADV	sì	O
una	ART	una	O
settimana	NOUN	settimana	O
no	ADV	no	O
			
#Text=ah			
ah	NOCAT	ah	O
			
#Text=okay			
okay	ADV	okay	O
			
#Text=okay			
okay	ADV	okay	O
			
#Text=e ma se ti va se m perché no in verità appunto sono			
e	CON	e	O
ma	CON	ma	O
se	CLI	se	O
ti	CLI	ti	O
va	VER:fin	andare	O
se	CON	se	O
m	VER:fin	<unknown>	O
perché	WH	perché	O
no	ADV	no	O
in	PRE	in	B
verità	NOUN	verità	I
appunto	ADV	appunto	O
sono	VER:fin	essere	O
			
#Text=sono un po' stanca no son non per questo no sono un po' stanca perché ho dato ieri un esame e stamattina m non ho dormito cioè ho dormito poco questa notte			
sono	VER:fin	essere	O
un	ART	un	B
po'	PRO:indef	po'	I
stanca	ADJ	stanco	O
no	ADV	no	O
son	VER:fin	essere	O
non	NEG	non	O
per	PRE	per	O
questo	DET:demo	questo	O
no	NOUN	no	O
sono	VER:fin	essere	O
un	ART	un	B
po'	PRO:indef	po'	I
stanca	ADJ	stanco	O
perché	WH	perché	O
ho	AUX:fin	avere	B
dato	VER:ppast	dare	I
ieri	ADV	ieri	O
un	ART	un	I
esame	NOUN	esame	I
e	CON	e	O
stamattina	ADV	stamattina	O
m	VER:fin	<unknown>	O
non	NEG	non	O
ho	AUX:fin	avere	O
dormito	VER:ppast	dormire	O
cioè	ADV	cioè	O
ho	AUX:fin	avere	O
dormito	VER:ppast	dormire	O
poco	ADV	poco	O
questa	DET:demo	questo	O
notte	NOUN	notte	O
			
#Text=sei asociale			
sei	DET:num	sei	O
asociale	ADJ	asociale	O
			
#Text=e avevo tanta voglia di andare a dormire presto oggi però la prossima volta che viene			
e	CON	e	O
avevo	VER:fin	avere	O
tanta	DET:indef	tanto	O
voglia	NOUN	voglia	O
di	PRE	di	O
andare	VER:infi	andare	O
a	PRE	a	O
dormire	VER:infi	dormire	O
presto	ADV	presto	O
oggi	ADV	oggi	O
però	ADV	però	O
la	ART	la	O
prossima	ADJ	prossimo	O
volta	NOUN	volta	O
che	CHE	che	O
viene	VER:fin	venire	O
			
#Text=dai ci sentiamo			
dai	ARTPRE	dal	O
ci	CLI	ci	O
sentiamo	VER:fin	sentire	O
			
#Text=me lo dici			
me	PRO:pers	me	O
lo	CLI	lo	O
dici	VER:fin	dire	O
			
#Text=tu ce l' hai ancora il numero			
tu	PRO:pers	tu	O
ce	CLI	ce	O
l'	CLI	l'	O
hai	VER:fin	avere	O
ancora	ADV	ancora	O
il	ART	il	O
numero	NOUN	numero	O
			
#Text=no			
no	ADV	no	O
			
#Text=allora te lo ridò			
allora	ADV	allora	O
te	PRO:pers	te	O
lo	CLI	lo	O
ridò	VER:fin	ridare	O
			
#Text=ehm			
ehm	ADJ	<unknown>	O
			
#Text=e si perché lui non non si fa vivo cioè neanch' io mi sto facendo viva con lui però			
e	CON	e	O
si	CLI	si	O
perché	WH	perché	O
lui	PRO:pers	lui	O
non	NEG	non	O
non	NEG	non	O
si	CLI	si	B
fa	VER:fin	fare	I
vivo	ADJ	vivo	I
cioè	ADV	cioè	O
neanch'	ADJ	<unknown>	O
io	PRO:pers	io	O
mi	CLI	mi	B
sto	VER:fin	stare	I
facendo	VER:geru	fare	I
viva	NOCAT	viva	I
con	PRE	con	O
lui	PRO:pers	lui	O
però	ADV	però	O
			
#Text=mah in realtà neanch' io normalmente mi faccio vivo perché adesso sono con no no			
mah	NOCAT	mah	O
in	PRE	in	B
realtà	NOUN	realtà	I
neanch'	ADJ	<unknown>	O
io	PRO:pers	io	O
normalmente	ADV:mente	normalmente	O
mi	CLI	mi	B
faccio	VER:fin	fare	I
vivo	ADJ	vivo	I
perché	WH	perché	O
adesso	ADV	adesso	O
sono	VER:fin	essere	O
con	PRE	con	O
no	ADV	no	O
no	ADV	no	O
			
#Text=ma non ta da te quando			
ma	CON	ma	O
non	NEG	non	O
ta	VER:fin	<unknown>	O
da	PRE	da	O
te	PRO:pers	te	O
quando	WH	quando	O
			
#Text=ah			
ah	NOCAT	ah	O
			
#Text=dalla maria o da me forse			
dalla	ARTPRE	dalla	O
maria	ADJ	<unknown>	O
o	CON	o	O
da	PRE	da	O
me	PRO:pers	me	O
forse	ADV	forse	O
			
#Text=ah			
ah	NOCAT	ah	O
			
#Text=ma la maria sta nel camper			
ma	CON	ma	O
la	ART	la	O
maria	ADJ	<unknown>	O
sta	VER:fin	stare	O
nel	ARTPRE	nel	O
camper	NOUN	camper	O
			
#Text=comunque rientra			
comunque	WH	comunque	O
rientra	VER:fin	rientrare	O
			
#Text=ancora			
ancora	ADV	ancora	O
			
#Text=no la maria vive a pianoro			
no	ADV	no	O
la	ART	la	O
maria	ADJ	<unknown>	O
vive	VER:fin	vivere	O
a	PRE	a	O
pianoro	NOUN	pianoro	O
			
#Text=ah non vive più nel camper			
ah	NOCAT	ah	O
non	NEG	non	O
vive	VER:fin	vivere	O
più	ADV	più	O
nel	ARTPRE	nel	O
camper	NOUN	camper	O
			
#Text=c' è ha un			
c'	CLI	c'	O
è	VER:fin	essere	O
ha	VER:fin	avere	O
un	ART	un	O
			
#Text=no ha un camper però quando vive a bologna sta a pianoro il camper lo usa per girare			
no	NOUN	no	O
ha	VER:fin	avere	O
un	ART	un	O
camper	NOUN	camper	O
però	ADV	però	O
quando	WH	quando	O
vive	VER:fin	vivere	O
a	PRE	a	O
bologna	ADJ	<unknown>	O
sta	VER:fin	stare	O
a	PRE	a	O
pianoro	NOUN	pianoro	O
il	ART	il	O
camper	NOUN	camper	O
lo	CLI	lo	O
usa	VER:fin	usare	O
per	PRE	per	O
girare	VER:infi	girare	O
			
#Text=ah io pensavo ah			
ah	NOCAT	ah	O
io	PRO:pers	io	O
pensavo	VER:fin	pensare	O
ah	NOCAT	ah	O
			
#Text=ah okay perché quando si son conosciuti andavano nel camper			
ah	NOCAT	ah	O
okay	ADV	okay	O
perché	WH	perché	O
quando	WH	quando	O
si	CLI	si	O
son	AUX:fin	essere	O
conosciuti	VER:ppast	conoscere	O
andavano	VER:fin	andare	O
nel	ARTPRE	nel	O
camper	NOUN	camper	O
			
#Text=boh sì perché comunque avevano magari non era il caso di andare se erano appena conosciuti non è che lo portava a casa sua			
boh	NOCAT	boh	O
sì	ADV	sì	O
perché	WH	perché	O
comunque	WH	comunque	O
avevano	VER:fin	avere	O
magari	ADV	magari	O
non	NEG	non	O
era	VER:fin	essere	B
il	ART	il	I
caso	NOUN	caso	I
di	PRE	di	O
andare	VER:infi	andare	O
se	CON	se	O
erano	AUX:fin	essere	O
appena	ADV	appena	O
conosciuti	VER:ppast	conoscere	O
non	NEG	non	O
è	VER:fin	essere	O
che	CHE	che	O
lo	CLI	lo	O
portava	VER:fin	portare	O
a	PRE	a	O
casa	NOUN	casa	O
sua	DET:poss	suo	O
			
#Text=ah okay okay perché lei sta coi suoi giusto			
ah	NOCAT	ah	O
okay	ADV	okay	O
okay	ADV	okay	O
perché	WH	perché	O
lei	PRO:pers	lei	O
sta	VER:fin	stare	O
coi	ARTPRE	col	O
suoi	DET:poss	suo	O
giusto	ADJ	giusto	O
			
#Text=sì sì giusto			
sì	ADV	sì	O
sì	ADV	sì	O
giusto	ADJ	giusto	O
			
#Text=ehm			
ehm	ADJ	<unknown>	O
			
#Text=ma c' è anche la maria stasera			
ma	CON	ma	O
c'	CLI	c'	O
è	VER:fin	essere	O
anche	ADV	anche	O
la	ART	la	O
maria	ADJ	<unknown>	O
stasera	ADV	stasera	O
			
#Text=e la mara hai detto			
e	CON	e	O
la	ART	la	O
mara	ADJ	<unknown>	O
hai	AUX:fin	avere	O
detto	VER:ppast	dire	O
			
#Text=eh pietro			
eh	NOCAT	eh	O
pietro	VER:fin	<unknown>	O
			
#Text=ah pietro ah no			
ah	NOCAT	ah	O
pietro	VER:fin	<unknown>	O
ah	NOCAT	ah	O
no	ADV	no	O
			
#Text=quello che suona la tromba			
quello	PRO:demo	quello	O
che	CHE	che	O
suona	VER:fin	suonare	O
la	ART	la	O
tromba	NOUN	tromba	O
			
#Text=volevo chiederti			
volevo	VER2:fin	volere	O
chiederti	VER:infi:cli	chiedere	O
			
#Text=chi è pietro			
chi	WH	chi	O
è	VER:fin	essere	O
pietro	VER:fin	<unknown>	O
			
#Text=ah vabbé			
ah	NOCAT	ah	O
vabbé	NOCAT	<unknown>	O
			
#Text=ah sì sì sì io lo so chi èsì cioè quello che suonava con voi			
ah	NOCAT	ah	O
sì	ADV	sì	O
sì	ADV	sì	O
sì	ADV	sì	O
io	PRO:pers	io	O
lo	CLI	lo	O
so	VER:fin	sapere	O
chi	WH	chi	O
èsì	VER:fin	<unknown>	O
cioè	ADV	cioè	O
quello	PRO:demo	quello	O
che	CHE	che	O
suonava	VER:fin	suonare	O
con	PRE	con	O
voi	PRO:pers	voi	O
			
#Text=sì			
sì	ADV	sì	O
			
#Text=no allora la m tai no eh tai cazzo dico aspetta come si chiama			
no	ADV	no	O
allora	ADV	allora	O
la	ART	la	O
m	NOUN	<unknown>	O
tai	VER:fin	<unknown>	O
no	ADV	no	O
eh	NOCAT	eh	O
tai	VER:fin	<unknown>	O
cazzo	NOUN	cazzo	O
dico	VER:fin	dire	O
aspetta	VER:fin	aspettare	O
come	WH	come	O
si	CLI	si	O
chiama	VER:fin	chiamare	O
			
#Text=aldo aldo ehm com' è che lo chiamate rio			
aldo	ADJ	<unknown>	O
aldo	ADJ	<unknown>	O
ehm	ADJ	<unknown>	O
com'	WH	come	O
è	VER:fin	essere	O
che	CHE	che	O
lo	ART	il	O
chiamate	NOUN	chiamata	O
rio	ADJ	rio	O
			
#Text=rio			
rio	ADJ	rio	O
			
#Text=ma lui lo vedi ancora			
ma	CON	ma	O
lui	PRO:pers	lui	O
lo	CLI	lo	O
vedi	VER:fin	vedere	O
ancora	ADV	ancora	O
			
#Text=ogni tanto lo vedo solo			
ogni	DET:indef	ogni	B
tanto	ADV	tanto	I
lo	CLI	lo	O
vedo	VER:fin	vedere	O
solo	ADV	solo	O
			
#Text=ma sta bene			
ma	CON	ma	O
sta	VER:fin	stare	O
bene	ADV	bene	O
			
#Text=non credo sia mai stato bene			
non	NEG	non	O
credo	VER:fin	credere	O
sia	AUX:fin	essere	O
mai	ADV	mai	O
stato	VER:ppast	essere|stare	O
bene	ADV	bene	O
			
#Text=io l' ho visto quest' anno ma mi sembrava quasi mi sembrava fosse drogato addirittura			
io	PRO:pers	io	O
l'	CLI	l'	O
ho	VER:fin	avere	O
visto	NOUN	visto	O
quest'	DET:demo	questo	O
anno	NOUN	anno	O
ma	CON	ma	O
mi	CLI	mi	O
sembrava	VER:fin	sembrare	O
quasi	ADV	quasi	O
mi	CLI	mi	O
sembrava	VER:fin	sembrare	O
fosse	AUX:fin	essere	O
drogato	VER:ppast	drogare	O
addirittura	ADV	addirittura	O
			
#Text=no			
no	ADV	no	O
			
#Text=ma no è che lui boh c' ha st a volte è proprio assente non lo capisco			
ma	CON	ma	O
no	ADV	no	O
è	VER:fin	essere	O
che	CHE	che	O
lui	PRO:pers	lui	O
boh	NOCAT	boh	O
c'	CLI	c'	O
ha	VER:fin	avere	O
st	NOUN	<unknown>	O
a	PRE	a	B
volte	NOUN	volta	I
è	VER:fin	essere	O
proprio	ADV	proprio	O
assente	ADJ	assente	O
non	NEG	non	O
lo	CLI	lo	O
capisco	VER:fin	capire	O
			
#Text=c' è in realtà lo capisco perché anch' ìo a volte sono un po' assente			
c'	CLI	c'	O
è	VER:fin	essere	O
in	PRE	in	B
realtà	NOUN	realtà	I
lo	CLI	lo	O
capisco	VER:fin	capire	O
perché	WH	perché	O
anch'	ADV	anch'	O
ìo	NOUN	<unknown>	O
a	PRE	a	B
volte	NOUN	volta	I
sono	VER:fin	essere	O
un	ART	un	O
po'	PRO:indef	po'	O
assente	ADJ	assente	O
			
#Text=sì no no esatto			
sì	ADV	sì	O
no	ADV	no	O
no	ADV	no	O
esatto	ADJ	esatto	O
			
#Text=però c' ha non lo so è un personaggio			
però	ADV	però	O
c'	CLI	c'	O
ha	VER:fin	avere	O
non	NEG	non	O
lo	CLI	lo	O
so	VER:fin	sapere	O
è	VER:fin	essere	O
un	ART	un	O
personaggio	NOUN	personaggio	O
			
#Text=no è un personaggio ma lo è sempre stato però io l' ho visto quest' anno e ti giuro mi ha fatto impressione perché non non era in s ma proprio non era in sé			
no	ADV	no	O
è	VER:fin	essere	O
un	ART	un	O
personaggio	NOUN	personaggio	O
ma	CON	ma	O
lo	CLI	lo	O
è	AUX:fin	essere	O
sempre	ADV	sempre	O
stato	VER:ppast	essere|stare	O
però	ADV	però	O
io	PRO:pers	io	O
l'	CLI	l'	O
ho	VER:fin	avere	O
visto	NOUN	visto	O
quest'	DET:demo	questo	O
anno	NOUN	anno	O
e	CON	e	O
ti	CLI	ti	O
giuro	VER:fin	giurare	O
mi	CLI	mi	O
ha	AUX:fin	avere	B
fatto	VER:ppast	fare	I
impressione	NOUN	impressione	I
perché	WH	perché	O
non	NEG	non	O
non	NEG	non	O
era	VER:fin	essere	O
in	PRE	in	O
s	VER:infi:cli	<unknown>	O
ma	CON	ma	O
proprio	ADV	proprio	O
non	NEG	non	O
era	VER:fin	essere	B
in	PRE	in	I
sé	PRO:pers	sé	I
			
#Text=cioè non che dici vabbé era un po' sai in aria no			
cioè	ADV	cioè	O
non	NEG	non	O
che	CHE	che	O
dici	VER:fin	dire	O
vabbé	NOCAT	<unknown>	O
era	VER:fin	essere	O
un	ART	un	O
po'	PRO:indef	po'	O
sai	NOUN	saio	O
in	PRE	in	O
aria	NOUN	aria	O
no	ADV	no	O
			
#Text=ed era con un altro ragazzo che mi sembrava tutto tatuato non so			
ed	CON	ed	O
era	VER:fin	essere	O
con	PRE	con	O
un	ART	un	O
altro	DET:indef	altro	O
ragazzo	NOUN	ragazzo	O
che	CHE	che	O
mi	CLI	mi	O
sembrava	VER:fin	sembrare	O
tutto	PRO:indef	tutto	O
tatuato	VER:ppast	tatuare	O
non	NEG	non	O
so	VER:fin	sapere	O
			
#Text=e mi ha mi ha fermata in via zamboni			
e	CON	e	O
mi	CLI	mi	O
ha	AUX:fin	avere	O
mi	CLI	mi	O
ha	AUX:fin	avere	O
fermata	VER:ppast	fermare	O
in	PRE	in	O
via	NOUN	via	O
zamboni	ADJ	<unknown>	O
			
#Text=e mi diceva cose un po' a caso tipo mi fa ti saluto			
e	CON	e	O
mi	CLI	mi	O
diceva	VER:fin	dire	O
cose	NOUN	cosa	O
un	ART	un	B
po'	PRO:indef	po'	I
a	PRE	a	B
caso	NOUN	caso	I
tipo	NOUN	tipo	O
mi	CLI	mi	O
fa	VER:fin	fare	O
ti	CLI	ti	O
saluto	VER:fin	salutare	O
			
#Text=un tipo di cui non mi ricordavo assolutamente			
un	ART	un	O
tipo	NOUN	tipo	O
di	PRE	di	O
cui	WH	cui	O
non	NEG	non	O
mi	CLI	mi	O
ricordavo	VER:fin	ricordare	O
assolutamente	ADV:mente	assolutamente	O
			
#Text=e mi fa lo vedo spesso ma mi fa piacere c' è non so perché me l' ha detto			
e	CON	e	O
mi	CLI	mi	O
fa	VER:fin	fare	O
lo	CLI	lo	O
vedo	VER:fin	vedere	O
spesso	ADV	spesso	O
ma	CON	ma	O
mi	CLI	mi	O
fa	VER:fin	fare	B
piacere	NOUN	piacere	I
c'	CLI	c'	O
è	VER:fin	essere	O
non	NEG	non	O
so	VER:fin	sapere	O
perché	WH	perché	O
me	PRO:pers	me	O
l'	CLI	l'	O
ha	AUX:fin	avere	O
detto	VER:ppast	dire	O
			
#Text=e poi aveva i capelli ti un po' tinti un po' p più biondi se li era tinti di biondo			
e	CON	e	O
poi	ADV	poi	O
aveva	VER:fin	avere	O
i	ART	il	O
capelli	NOUN	capello	O
ti	CLI	ti	O
un	ART	un	B
po'	PRO:indef	po'	I
tinti	VER:ppast	tingere	O
un	ART	un	B
po'	PRO:indef	po'	I
p	VER:fin	<unknown>	O
più	ADV	più	O
biondi	ADJ	biondo	O
se	CON	se	O
li	CLI	li	O
era	AUX:fin	essere	O
tinti	VER:ppast	tingere	O
di	PRE	di	O
biondo	NOUN	biondo	O
			
#Text=beh questo non è che			
beh	NOCAT	beh	O
questo	PRO:demo	questo	O
non	NEG	non	O
è	VER:fin	essere	O
che	CHE	che	O
			
#Text=io me lo becco solo per caso in giro non so			
io	PRO:pers	io	O
me	PRO:pers	me	O
lo	CLI	lo	O
becco	VER:fin	beccare	O
solo	ADV	solo	O
per	PRE	per	B
caso	NOUN	caso	I
in	PRE	in	O
giro	NOUN	giro	O
non	NEG	non	O
so	VER:fin	sapere	O
			
#Text=che tipo strano			
che	CHE	che	O
tipo	NOUN	tipo	O
strano	ADJ	strano	O
			
#Text=però effettivamente è sempre così molto sgfuggevole e la maggior parte delle volte è da solo che va a beccare gente conosce un botto di gente			
però	ADV	però	O
effettivamente	ADV:mente	effettivamente	O
è	VER:fin	essere	O
sempre	ADV	sempre	O
così	ADV	così	O
molto	ADV	molto	O
sgfuggevole	ADJ	<unknown>	O
e	CON	e	O
la	ART	la	O
maggior	ADJ	grande	O
parte	NOUN	parte	O
delle	ARTPRE	della	O
volte	NOUN	volta	O
è	VER:fin	essere	O
da	PRE	da	O
solo	ADV	solo	O
che	CHE	che	O
va	VER:fin	andare	O
a	PRE	a	O
beccare	VER:infi	beccare	O
gente	NOUN	gente	O
conosce	VER:fin	conoscere	O
un	ART	un	B
botto	NOUN	botto	I
di	PRE	di	I
gente	NOUN	gente	O
			
#Text=mh			
mh	VER:fin	<unknown>	O
			
#Text=sì sì			
sì	ADV	sì	O
sì	ADV	sì	O
			
#Text=questo sì			
questo	PRO:demo	questo	O
sì	ADV	sì	O
			
#Text=questo se sì lui conosce tutti			
questo	PRO:demo	questo	O
se	CON	se	O
sì	ADV	sì	O
lui	PRO:pers	lui	O
conosce	VER:fin	conoscere	O
tutti	PRO:indef	tutti	O
			
#Text=mh			
mh	VER:fin	<unknown>	O
			
#Text=peggio di igor			
peggio	ADV	peggio	O
di	PRE	di	O
igor	NOUN	<unknown>	O
			
#Text=sì			
sì	ADV	sì	O
			
#Text=e igor ah si è messo si è messo gli occhiali igor			
e	CON	e	O
igor	ADJ	<unknown>	O
ah	NOCAT	ah	O
si	CLI	si	O
è	AUX:fin	essere	O
messo	VER:ppast	mettere	O
si	CLI	si	O
è	AUX:fin	essere	O
messo	VER:ppast	mettere	O
gli	ART	il	O
occhiali	ADJ	occhiale	O
igor	NOUN	<unknown>	O
			
#Text=che grande			
che	CHE	che	O
grande	ADJ	grande	O
			
#Text=beh ogni tanto			
beh	NOCAT	beh	O
ogni	DET:indef	ogni	B
tanto	ADV	tanto	I
			
#Text=cioè comunque è che portava sempre le lenti gli manca tre quattro gradi			
cioè	ADV	cioè	O
comunque	WH	comunque	O
è	VER:fin	essere	O
che	CHE	che	O
portava	VER:fin	portare	O
sempre	ADV	sempre	O
le	ART	la	O
lenti	NOUN	lento	O
gli	CLI	gli	O
manca	VER:fin	mancare	O
tre	DET:num	tre	O
quattro	DET:num	quattro	O
gradi	NOUN	grado	O
			
#Text=ah è vero è vero			
ah	NOCAT	ah	O
è	VER:fin	essere	O
vero	ADJ	vero	O
è	VER:fin	essere	O
vero	ADJ	vero	O
			
#Text=tu hai cambiato occhiali anche			
tu	PRO:pers	tu	O
hai	AUX:fin	avere	O
cambiato	VER:ppast	cambiare	O
occhiali	NOUN	occhiale	O
anche	ADV	anche	O
			
#Text=belli questi prima che occhiali avevi			
belli	ADJ	bello	O
questi	DET:demo	questo	O
prima	ADJ	primo	O
che	CHE	che	O
occhiali	NOUN	occhiale	O
avevi	VER:fin	avere	O
			
#Text=mah erano più da			
mah	NOCAT	mah	O
erano	VER:fin	essere	O
più	ADV	più	O
da	PRE	da	O
			
#Text=ah quadrati più quadrati			
ah	NOCAT	ah	O
quadrati	VER:ppast	quadrare	O
più	ADV	più	O
quadrati	VER:ppast	quadrare	O
			
#Text=da studioso			
da	PRE	da	O
studioso	NOUN	studioso	O
			
#Text=un po' più così			
un	ART	un	B
po'	PRO:indef	po'	I
più	ADV	più	O
così	ADV	così	O
			
#Text=sì più da elementari diciamo non so come			
sì	ADV	sì	O
più	ADV	più	O
da	PRE	da	O
elementari	ADJ	elementare	O
diciamo	VER:fin	dire	O
non	NEG	non	O
so	VER:fin	sapere	O
come	WH	come	O
			
#Text=sì			
sì	ADV	sì	O
			
#Text=no invece gioacchino tu lo anche conosci giuliano no			
no	ADV	no	O
invece	ADV	invece	O
gioacchino	VER:fin	<unknown>	O
tu	PRO:pers	tu	O
lo	ART	il	O
anche	ADV	anche	O
conosci	VER:fin	conoscere	O
giuliano	ADJ	giuliano	O
no	ADV	no	O
			
#Text=sì			
sì	ADV	sì	O
			
#Text=però non so che vive qui ma non lo becco quasi mai solo per caso			
però	ADV	però	O
non	NEG	non	O
so	VER:fin	sapere	O
che	CHE	che	O
vive	VER:fin	vivere	O
qui	ADV	qui	O
ma	CON	ma	O
non	NEG	non	O
lo	CLI	lo	O
becco	VER:fin	beccare	O
quasi	ADV	quasi	O
mai	ADV	mai	O
solo	ADV	solo	O
per	PRE	per	B
caso	NOUN	caso	I
			
#Text=ah okay			
ah	NOCAT	ah	O
okay	ADV	okay	O
			
#Text=perché io lo vedevo l' anno scorso spesso			
perché	WH	perché	O
io	PRO:pers	io	O
lo	CLI	lo	O
vedevo	VER:fin	vedere	O
l'	ART	l'	O
anno	NOUN	anno	O
scorso	ADJ	scorso	O
spesso	ADV	spesso	O
			
#Text=e me l' ha fatto conoscere igor			
e	CON	e	O
me	PRO:pers	me	O
l'	CLI	l'	O
ha	AUX:fin	avere	O
fatto	VER2:ppast	fare	O
conoscere	VER:infi	conoscere	O
igor	NOUN	<unknown>	O
			
#Text=igor			
igor	ADJ	<unknown>	O
			
#Text=leo			
leo	NOUN	<unknown>	O
			
#Text=leo non ne ho la più pallida idea			
leo	NOUN	<unknown>	O
non	NEG	non	B
ne	CLI	ne	I
ho	VER:fin	avere	I
la	ART	la	I
più	ADV	più	I
pallida	ADJ	pallido	I
idea	NOUN	idea	I
			
#Text=penso se la starà con giulia			
penso	VER:fin	pensare	O
se	CON	se	O
la	CLI	la	O
starà	VER:fin	stare	O
con	PRE	con	O
giulia	ADJ	<unknown>	O
			
#Text=incredibile			
incredibile	ADJ	incredibile	O
			
#Text=dai qua ci siamo			
dai	ARTPRE	dal	O
qua	ADV	qua	O
ci	CLI	ci	O
siamo	VER:fin	essere	O
			
#Text=bella conversazione			
bella	ADJ	bello	O
conversazione	NOUN	conversazione	O
			
#Text=e quanto è durata			
e	CON	e	O
quanto	WH	quanto	O
è	AUX:fin	essere	O
durata	VER:ppast	durare	O
