Conversation: BOC1007

https://search.corpuskiparla.it/corpus/conversations/BOC1007.html
			
#Text=avanti			
avanti	ADV	avanti	O
			
#Text=salve sì eh mh dunque la ragazza per le regstrazioni			
salve	ADJ	salvo	O
sì	ADV	sì	O
eh	NOCAT	eh	O
mh	VER:fin	<unknown>	O
dunque	ADV	dunque	O
la	ART	la	O
ragazza	NOUN	ragazza	O
per	PRE	per	O
le	ART	la	O
regstrazioni	NOUN	<unknown>	O
			
#Text=il registratore e continuiamo			
il	ART	il	O
registratore	NOUN	registratore	O
e	CON	e	O
continuiamo	VER:fin	continuare	O
			
#Text=ah			
ah	NOCAT	ah	O
			
#Text=okay non abbiamo firmato nulla firmiamo dopo			
okay	ADV	okay	O
non	NEG	non	O
abbiamo	AUX:fin	avere	O
firmato	VER:ppast	firmare	O
nulla	PRO:indef	nulla	O
firmiamo	VER:fin	firmare	O
dopo	PRE	dopo	O
			
#Text=io ho già firmato			
io	PRO:pers	io	O
ho	AUX:fin	avere	O
già	ADV	già	O
firmato	VER:ppast	firmare	O
			
#Text=ah okay du va beh firmerò dopo io va bene			
ah	NOCAT	ah	O
okay	ADV	okay	O
du	ADJ	<unknown>	O
va	VER:fin	andare	O
beh	NOCAT	beh	O
firmerò	VER:fin	firmare	O
dopo	PRE	dopo	O
io	PRO:pers	io	O
va	VER:fin	andare	B
bene	ADV	bene	I
			
#Text=x okay			
x	ADJ	<unknown>	O
okay	ADV	okay	O
			
#Text=arrivo subito eh			
arrivo	NOUN	arrivo	O
subito	ADV	subito	O
eh	NOCAT	eh	O
			
#Text=hai un documento			
hai	VER:fin	avere	O
un	ART	un	O
documento	NOUN	documento	O
			
#Text=sì			
sì	ADV	sì	O
			
#Text=grazie			
grazie	ADV	grazie	O
			
#Text=okay allora porti il programma dell' anno accademico duemilasedici duemiladiciassette sì da frequentante			
okay	ADV	okay	O
allora	ADV	allora	O
porti	NOUN	porto	O
il	ART	il	O
programma	NOUN	programma	O
dell'	ARTPRE	dell'	O
anno	NOUN	anno	B
accademico	ADJ	accademico	I
duemilasedici	ADJ	<unknown>	O
duemiladiciassette	ADJ	<unknown>	O
sì	ADV	sì	O
da	PRE	da	O
frequentante	VER:ppre	frequentare	O
			
#Text=sì			
sì	ADV	sì	O
			
#Text=sì			
sì	ADV	sì	O
			
#Text=da frequentante d' accordo hai frequentato anche il secondo modulo			
da	PRE	da	O
frequentante	VER:ppre	frequentare	O
d'	PRE	da|di	B
accordo	NOUN	accordo	I
hai	AUX:fin	avere	O
frequentato	VER:ppast	frequentare	O
anche	ADV	anche	O
il	ART	il	O
secondo	ADJ	secondo	O
modulo	NOUN	modulo	O
			
#Text=sì			
sì	ADV	sì	O
			
#Text=poi hai portato anche le slide			
poi	ADV	poi	O
hai	AUX:fin	avere	O
portato	VER:ppast	portare	O
anche	ADV	anche	O
le	CLI	le	O
slide	VER:fin	<unknown>	O
			
#Text=no			
no	ADV	no	O
			
#Text=non hai fatto le slide			
non	NEG	non	O
hai	AUX:fin	avere	O
fatto	VER:ppast	fare	O
le	ART	la	O
slide	NOUN	<unknown>	O
			
#Text=cioè s sì le ho ma ho integrato con anche i libri			
cioè	ADV	cioè	O
s	VER:fin	<unknown>	O
sì	ADV	sì	O
le	CLI	le	O
ho	VER:fin	avere	O
ma	CON	ma	O
ho	AUX:fin	avere	O
integrato	VER:ppast	integrare	O
con	PRE	con	O
anche	ADV	anche	O
i	ART	il	O
libri	NOUN	libro	O
			
#Text=no no certo dico hai fatto sia i libri che le slide tutt' e due			
no	ADV	no	O
no	ADV	no	O
certo	ADV	certo	O
dico	VER:fin	dire	O
hai	AUX:fin	avere	O
fatto	VER:ppast	fare	O
sia	CON	sia	O
i	ART	il	O
libri	NOUN	libro	O
che	CHE	che	O
le	CLI	le	O
slide	VER:fin	<unknown>	O
tutt'	ADJ	<unknown>	O
e	CON	e	O
due	DET:num	due	O
			
#Text=ah okay			
ah	NOCAT	ah	O
okay	ADV	okay	O
			
#Text=sì sì sì okay okay okay			
sì	ADV	sì	O
sì	ADV	sì	O
sì	ADV	sì	O
okay	ADV	okay	O
okay	ADV	okay	O
okay	ADV	okay	O
			
#Text=bene allora qua è l il tema che ti è interessato di più nel secondo modulo			
bene	ADV	bene	O
allora	ADV	allora	O
qua	ADV	qua	O
è	AUX:fin	essere	O
l	VER:ppast	<unknown>	O
il	ART	il	O
tema	NOUN	tema	O
che	CHE	che	O
ti	CLI	ti	O
è	AUX:fin	essere	O
interessato	VER:ppast	interessare	O
di	PRE	di	O
più	ADV	più	O
nel	ARTPRE	nel	O
secondo	ADJ	secondo	O
modulo	NOUN	modulo	O
			
#Text=allora			
allora	ADV	allora	O
			
#Text=mh che mi ha			
mh	VER:fin	<unknown>	O
che	CHE	che	O
mi	CLI	mi	O
ha	VER:fin	avere	O
			
#Text=che mi è particolarmente piaciuto			
che	CHE	che	O
mi	CLI	mi	O
è	AUX:fin	essere	O
particolarmente	ADV:mente	particolarmente	O
piaciuto	VER:ppast	piacere	O
			
#Text=mh la valutazione e il testing			
mh	VER:fin	<unknown>	O
la	ART	la	O
valutazione	NOUN	valutazione	O
e	CON	e	O
il	ART	il	O
testing	NOUN	<unknown>	O
			
#Text=mh mh			
mh	VER:fin	<unknown>	O
mh	ADJ	<unknown>	O
			
#Text=e mh il discorso riguardante eh mh			
e	CON	e	O
mh	VER:fin	<unknown>	O
il	ART	il	O
discorso	NOUN	discorso	O
riguardante	VER:ppre	riguardare	O
eh	NOCAT	eh	O
mh	VER:fin	<unknown>	O
			
#Text=il laboratorio linguistico			
il	ART	il	O
laboratorio	NOUN	laboratorio	O
linguistico	ADJ	linguistico	O
			
#Text=il passagggio da eh alt er			
il	ART	il	O
passagggio	NOUN	<unknown>	O
da	PRE	da	O
eh	NOCAT	eh	O
alt	NOUN	alt	O
er	VER:fin	<unknown>	O
			
#Text=er e il dalia			
er	ADJ	<unknown>	O
e	CON	e	O
il	ART	il	O
dalia	NOUN	<unknown>	O
			
#Text=ah il mio articolo quello ah d' accordo			
ah	NOCAT	ah	O
il	ART	il	O
mio	DET:poss	mio	O
articolo	NOUN	articolo	O
quello	PRO:demo	quello	O
ah	NOCAT	ah	O
d'	PRE	da|di	B
accordo	NOUN	accordo	I
			
#Text=sì sì			
sì	ADV	sì	O
sì	ADV	sì	O
			
#Text=va bene senti parliamo un attimo di valutazione			
va	VER:fin	andare	B
bene	ADV	bene	I
senti	VER:fin	sentire	O
parliamo	VER:fin	parlare	O
un	ART	un	B
attimo	NOUN	attimo	I
di	PRE	di	O
valutazione	NOUN	valutazione	O
			
#Text=che cosa si intende			
che	CHE	che	O
cosa	WH	cosa	O
si	CLI	si	O
intende	VER:fin	intendere	O
			
#Text=c' è questo concetto più recente			
c'	CLI	c'	O
è	VER:fin	essere	O
questo	DET:demo	questo	O
concetto	NOUN	concetto	O
più	ADV	più	O
recente	ADJ	recente	O
			
#Text=di utilità			
di	PRE	di	O
utilità	NOUN	utilità	O
			
#Text=del testing linguistico allora intanto che cos' è un test di lingue			
del	ARTPRE	del	O
testing	NOUN	<unknown>	O
linguistico	ADJ	linguistico	O
allora	ADV	allora	O
intanto	ADV	intanto	O
che	CHE	che	O
cos'	ADJ	<unknown>	O
è	VER:fin	essere	O
un	ART	un	O
test	NOUN	test	O
di	PRE	di	O
lingue	NOUN	lingua	O
			
#Text=qual è la sua il suo ruolo la sua funzione			
qual	ADJ	qual	O
è	VER:fin	essere	O
la	ART	la	O
sua	DET:poss	suo	O
il	ART	il	O
suo	DET:poss	suo	O
ruolo	NOUN	ruolo	O
la	ART	la	O
sua	DET:poss	suo	O
funzione	NOUN	funzione	O
			
#Text=nel processo didattico			
nel	ARTPRE	nel	O
processo	NOUN	processo	O
didattico	ADJ	didattico	O
			
#Text=e eh mh			
e	CON	e	O
eh	NOCAT	eh	O
mh	VER:fin	<unknown>	O
			
#Text=eh mh che cosa si intende			
eh	NOCAT	eh	O
mh	VER:fin	<unknown>	O
che	CHE	che	O
cosa	WH	cosa	O
si	CLI	si	O
intende	VER:fin	intendere	O
			
#Text=con il concetto di utilità			
con	PRE	con	O
il	ART	il	O
concetto	NOUN	concetto	O
di	PRE	di	O
utilità	NOUN	utilità	O
			
#Text=di un di un test			
di	PRE	di	O
un	ART	un	O
di	PRE	di	O
un	ART	un	O
test	NOUN	test	O
			
#Text=okayi allora innanzitutto un eh un eh			
okayi	VER:fin	<unknown>	O
allora	ADV	allora	O
innanzitutto	ADV	innanzitutto	O
un	ART	un	O
eh	NOCAT	eh	O
un	ART	un	O
eh	NOCAT	eh	O
			
#Text=un tes un language testing cioè una una valutazione di lingue			
un	ART	un	O
tes	VER:fin	<unknown>	O
un	ART	un	O
language	NOUN	<unknown>	O
testing	VER:fin	<unknown>	O
cioè	ADV	cioè	O
una	ART	una	O
una	ART	una	O
valutazione	NOUN	valutazione	O
di	PRE	di	O
lingue	NOUN	lingua	O
			
#Text=è una mh			
è	VER:fin	essere	O
una	ART	una	O
mh	VER:fin	<unknown>	O
			
#Text=una valutazione della competenza comunicativa che si è raggiunta in quella determinata lingua			
una	ART	una	O
valutazione	NOUN	valutazione	O
della	ARTPRE	della	O
competenza	NOUN	competenza	O
comunicativa	ADJ	comunicativo	O
che	CHE	che	O
si	CLI	si	O
è	AUX:fin	essere	O
raggiunta	VER:ppast	raggiungere	O
in	PRE	in	O
quella	PRO:demo	quella	O
determinata	VER:ppast	determinare	O
lingua	NOUN	lingua	O
			
#Text=per forza la competenza comunicativa			
per	PRE	per	B
forza	NOUN	forza	I
la	ART	la	O
competenza	NOUN	competenza	O
comunicativa	ADJ	comunicativo	O
			
#Text=no può essere anche la competenza linguistica solo che la competenza linguistica viene intesa proprio come l' apprendimento			
no	ADV	no	O
può	VER2:fin	potere	O
essere	AUX:infi	essere	O
anche	ADV	anche	O
la	ART	la	O
competenza	NOUN	competenza	O
linguistica	ADJ	linguistico	O
solo	ADV	solo	O
che	CHE	che	O
la	ART	la	O
competenza	NOUN	competenza	O
linguistica	ADJ	linguistico	O
viene	AUX:fin	venire	O
intesa	VER:ppast	intendere	O
proprio	ADV	proprio	O
come	WH	come	O
l'	ART	l'	O
apprendimento	NOUN	apprendimento	O
			
#Text=e delle regole grammaticali			
e	CON	e	O
delle	ARTPRE	della	O
regole	NOUN	regola	O
grammaticali	ADJ	grammaticale	O
			
#Text=mentre la competenza comunicativa			
mentre	CON	mentre	O
la	ART	la	O
competenza	NOUN	competenza	O
comunicativa	ADJ	comunicativo	O
			
#Text=mh si organizza su un contesto più ampio			
mh	VER:fin	<unknown>	O
si	CLI	si	O
organizza	VER:fin	organizzare	O
su	PRE	su	O
un	ART	un	O
contesto	NOUN	contesto	O
più	ADV	più	O
ampio	ADJ	ampio	O
			
#Text=quindi inserisce la competenza linguistica al suo interno			
quindi	ADV	quindi	O
inserisce	VER:fin	inserire	O
la	ART	la	O
competenza	NOUN	competenza	O
linguistica	ADJ	linguistico	O
al	ARTPRE	al	O
suo	DET:poss	suo	O
interno	NOUN	interno	O
			
#Text=e indica la capacità che l' apprendente ha di saper utilizzare			
e	CON	e	O
indica	VER:fin	indicare|indire	O
la	ART	la	O
capacità	NOUN	capacità	O
che	CHE	che	O
l'	ART	l'	O
apprendente	VER:ppre	apprendere	O
ha	VER:fin	avere	O
di	PRE	di	O
saper	VER:infi	sapere	O
utilizzare	VER:infi	utilizzare	O
			
#Text=la lingua che ha appreso			
la	ART	la	O
lingua	NOUN	lingua	O
che	CHE	che	O
ha	AUX:fin	avere	O
appreso	VER:ppast	apprendere	O
			
#Text=all' interno del contesto e della società nel modo più adeguato			
all'	ARTPRE	all'	B
interno	NOUN	interno	I
del	ARTPRE	del	I
contesto	NOUN	contesto	O
e	CON	e	O
della	ARTPRE	della	O
società	NOUN	società	O
nel	ARTPRE	nel	O
modo	NOUN	modo	O
più	ADV	più	O
adeguato	VER:ppast	adeguare	O
			
#Text=possibile			
possibile	ADJ	possibile	O
			
#Text=e quindi mh con il testing			
e	CON	e	O
quindi	ADV	quindi	O
mh	VER:fin	<unknown>	O
con	PRE	con	O
il	ART	il	O
testing	NOUN	<unknown>	O
			
#Text=eh si vogliono misurare			
eh	NOCAT	eh	O
si	CLI	si	O
vogliono	VER2:fin	volere	O
misurare	VER:infi	misurare	O
			
#Text=le e infatti si parla mh al spesso di misurazione proprio			
le	ART	la	O
e	CON	e	O
infatti	ADV	infatti	O
si	CLI	si	O
parla	VER:fin	parlare	O
mh	VER:fin	<unknown>	O
al	ARTPRE	al	O
spesso	ADV	spesso	O
di	PRE	di	O
misurazione	NOUN	misurazione	O
proprio	ADV	proprio	O
			
#Text=perché si vogliono misurare le competenze raggiunte dall eh dall' allievo			
perché	WH	perché	O
si	CLI	si	O
vogliono	VER2:fin	volere	O
misurare	VER:infi	misurare	O
le	ART	la	O
competenze	NOUN	competenza	O
raggiunte	VER:ppast	raggiungere	O
dall	NOUN	<unknown>	O
eh	NOCAT	eh	O
dall'	ARTPRE	dall'	O
allievo	NOUN	allievo	O
			
#Text=e mh			
e	CON	e	O
mh	VER:fin	<unknown>	O
			
#Text=ovviamente			
ovviamente	ADV:mente	ovviamente	O
			
#Text=mh si sono sviluppati diversi tipi di test			
mh	VER:fin	<unknown>	O
si	CLI	si	O
sono	AUX:fin	essere	O
sviluppati	VER:ppast	sviluppare	O
diversi	ADJ	diverso	O
tipi	NOUN	tipo	O
di	PRE	di	O
test	NOUN	test	O
			
#Text=eh mh anche in base alle competenze che vogliono dimostra che vogliono verificare			
eh	NOCAT	eh	O
mh	VER:fin	<unknown>	O
anche	ADV	anche	O
in	PRE	in	B
base	NOUN	base	I
alle	ARTPRE	alla	I
competenze	NOUN	competenza	O
che	CHE	che	O
vogliono	VER2:fin	volere	O
dimostra	VER:fin	dimostrare	O
che	CHE	che	O
vogliono	VER2:fin	volere	O
verificare	VER:infi	verificare	O
			
#Text=e infatti mh vediamo anche ad esempio per eh mh			
e	CON	e	O
infatti	ADV	infatti	O
mh	VER:fin	<unknown>	O
vediamo	VER:fin	vedere	O
anche	ADV	anche	O
ad	PRE	ad	B
esempio	NOUN	esempio	I
per	PRE	per	O
eh	NOCAT	eh	O
mh	VER:fin	<unknown>	O
			
#Text=quando si arriva all' università			
quando	WH	quando	O
si	CLI	si	O
arriva	VER:fin	arrivare	O
all'	ARTPRE	all'	O
università	NOUN	università	O
			
#Text=o si terminano le scuole superiori			
o	CON	o	O
si	CLI	si	O
terminano	VER:fin	terminare	O
le	ART	la	O
scuole	NOUN	scuola	O
superiori	ADJ	superiore	O
			
#Text=di si secondarie di secondo grado			
di	PRE	di	O
si	CLI	si	O
secondarie	ADJ	secondario	O
di	PRE	di	B
secondo	ADJ	secondo	I
grado	NOUN	grado	I
			
#Text=abbiamo le mh ad esempio il test di livello			
abbiamo	VER:fin	avere	O
le	ART	la	O
mh	NOUN	<unknown>	O
ad	PRE	ad	B
esempio	NOUN	esempio	I
il	ART	il	O
test	NOUN	test	O
di	PRE	di	O
livello	NOUN	livello	O
			
#Text=il quello che è cosiddetto			
il	ART	il	O
quello	PRO:demo	quello	O
che	CHE	che	O
è	VER:fin	essere	O
cosiddetto	ADJ	cosiddetto	O
			
#Text=il test di livello lo puoi fare anche alle scuole medie mh			
il	ART	il	O
test	NOUN	test	O
di	PRE	di	O
livello	NOUN	livello	O
lo	CLI	lo	O
puoi	VER2:fin	potere	O
fare	VER:infi	fare	O
anche	ADV	anche	O
alle	ARTPRE	alla	O
scuole	NOUN	scuola	O
medie	ADJ	medio	O
mh	VER:fin	<unknown>	O
			
#Text=che è il cosiddetto mh il il placement che vuole			
che	CHE	che	O
è	VER:fin	essere	O
il	ART	il	O
cosiddetto	ADJ	cosiddetto	O
mh	VER:fin	<unknown>	O
il	ART	il	O
il	ART	il	O
placement	VER:fin	<unknown>	O
che	CHE	che	O
vuole	VER2:fin	volere	O
			
#Text=mh diciamo valutare			
mh	VER:infi:cli	<unknown>	O
diciamo	VER:fin	dire	O
valutare	VER:infi	valutare	O
			
#Text=il livello linguistico prima di iniziare un determinato corso di studi			
il	ART	il	O
livello	NOUN	livello	O
linguistico	ADJ	linguistico	O
prima	ADJ	primo	O
di	PRE	di	O
iniziare	VER:infi	iniziare	O
un	ART	un	O
determinato	ADJ	determinato	O
corso	NOUN	corso	B
di	PRE	di	I
studi	NOUN	studio	I
			
#Text=mentre			
mentre	CON	mentre	O
			
#Text=ma no non è detto che sia così il test di piazzamento lo fai anche banalmente se vai a fare un corso di lingue straniere all' etestero			
ma	CON	ma	O
no	ADV	no	O
non	NEG	non	O
è	AUX:fin	essere	O
detto	VER:ppast	dire	O
che	CHE	che	O
sia	VER:fin	essere	O
così	ADV	così	O
il	ART	il	O
test	NOUN	test	O
di	PRE	di	O
piazzamento	NOUN	piazzamento	O
lo	CLI	lo	O
fai	VER:fin	fare	O
anche	ADV	anche	O
banalmente	ADV:mente	<unknown>	O
se	CLI	se	O
vai	VER:fin	andare	O
a	PRE	a	O
fare	VER:infi	fare	O
un	ART	un	O
corso	NOUN	corso	O
di	PRE	di	O
lingue	NOUN	lingua	O
straniere	ADJ	straniero	O
all'	ARTPRE	all'	O
etestero	VER:fin	<unknown>	O
			
#Text=il			
il	ART	il	O
			
#Text=è un test di posizionamento per creare dei gruppi classe			
è	VER:fin	essere	O
un	ART	un	O
test	NOUN	test	O
di	PRE	di	O
posizionamento	NOUN	posizionamento	O
per	PRE	per	O
creare	VER:infi	creare	O
dei	ARTPRE	del	O
gruppi	NOUN	gruppo	O
classe	NOUN	classe	O
			
#Text=all' interno di un determi			
all'	ARTPRE	all'	B
interno	NOUN	interno	I
di	PRE	di	I
un	ART	un	O
determi	VER:infi:cli	<unknown>	O
			
#Text=all' indet all' interno di un determinato livello			
all'	ARTPRE	all'	O
indet	NOUN	<unknown>	O
all'	ARTPRE	all'	B
interno	NOUN	interno	I
di	PRE	di	I
un	ART	un	O
determinato	ADJ	determinato	O
livello	NOUN	livello	O
			
#Text=in modo da indirizzare mh alla classe più appropriata			
in	PRE	in	O
modo	NOUN	modo	O
da	PRE	da	O
indirizzare	VER:infi	indirizzare	O
mh	VER:fin	<unknown>	O
alla	ARTPRE	alla	O
classe	NOUN	classe	O
più	ADV	più	O
appropriata	ADJ	appropriato	O
			
#Text=mh			
mh	VER:fin	<unknown>	O
			
#Text=il eh l' allievo che è so che è stato sottoposto a quel test e evitare di inserirlo magari all' interno di una classe dove il livello			
il	ART	il	O
eh	NOCAT	eh	O
l'	ART	l'	O
allievo	NOUN	allievo	O
che	CHE	che	O
è	VER:fin	essere	O
so	VER:fin	sapere	O
che	CHE	che	O
è	AUX:fin	essere	O
stato	AUX:ppast	essere	O
sottoposto	VER:ppast	sottoporre	O
a	PRE	a	O
quel	DET:demo	quello	O
test	NOUN	test	O
e	CON	e	O
evitare	VER:infi	evitare	O
di	PRE	di	O
inserirlo	VER:infi:cli	inserire	O
magari	ADV	magari	O
all'	ARTPRE	all'	B
interno	NOUN	interno	I
di	PRE	di	I
una	ART	una	O
classe	NOUN	classe	O
dove	WH	dove	O
il	ART	il	O
livello	NOUN	livello	O
			
#Text=che viene trattato			
che	CHE	che	O
viene	AUX:fin	venire	O
trattato	VER:ppast	trattare	O
			
#Text=è troppo semplice o magari è troppo difficile per le sue competenze			
è	VER:fin	essere	O
troppo	ADV	troppo	O
semplice	ADJ	semplice	O
o	CON	o	O
magari	ADV	magari	O
è	VER:fin	essere	O
troppo	ADV	troppo	O
difficile	ADJ	difficile	O
per	PRE	per	O
le	ART	la	O
sue	DET:poss	suo	O
competenze	NOUN	competenza	O
			
#Text=sì			
sì	ADV	sì	O
			
#Text=mh			
mh	VER:fin	<unknown>	O
			
#Text=e poi abbiamo il eh mh il livello che mh il eh mh test che			
e	CON	e	O
poi	ADV	poi	O
abbiamo	VER:fin	avere	O
il	ART	il	O
eh	NOCAT	eh	O
mh	VER:fin	<unknown>	O
il	ART	il	O
livello	NOUN	livello	O
che	CHE	che	O
mh	VER:fin	<unknown>	O
il	ART	il	O
eh	NOCAT	eh	O
mh	VER:fin	<unknown>	O
test	NOUN	test	O
che	CHE	che	O
			
#Text=diciamo verifica le competenze			
diciamo	VER:fin	dire	O
verifica	NOUN	verifica	O
le	ART	la	O
competenze	NOUN	competenza	O
			
#Text=proprio acquisite nel corso			
proprio	ADV	proprio	O
acquisite	ADJ	acquisito	O
nel	ARTPRE	nel	O
corso	NOUN	corso	O
			
#Text=e che quindi è			
e	CON	e	O
che	CHE	che	O
quindi	ADV	quindi	O
è	VER:fin	essere	O
			
#Text=può essere sia una verifica finale			
può	VER2:fin	potere	O
essere	AUX:infi	essere	O
sia	VER:fin	essere	O
una	ART	una	O
verifica	NOUN	verifica	O
finale	ADJ	finale	O
			
#Text=al termine di quel corso			
al	ARTPRE	al	O
termine	NOUN	termine	O
di	PRE	di	O
quel	DET:demo	quello	O
corso	NOUN	corso	O
			
#Text=o una verifica in itinere che però si concentra in tal caso solo su un determinato argomento del corso			
o	CON	o	O
una	ART	una	O
verifica	NOUN	verifica	O
in	PRE	in	B
itinere	NOUN	<unknown>	I
che	CHE	che	O
però	ADV	però	O
si	CLI	si	O
concentra	VER:fin	concentrare	O
in	PRE	in	O
tal	ADJ	tale	O
caso	NOUN	caso	O
solo	ADV	solo	O
su	PRE	su	O
un	ART	un	O
determinato	ADJ	determinato	O
argomento	NOUN	argomento	O
del	ARTPRE	del	O
corso	NOUN	corso	O
			
#Text=solo su una parte			
solo	ADV	solo	O
su	PRE	su	O
una	ART	una	O
parte	NOUN	parte	O
			
#Text=della della mh del programma affrontato			
della	ARTPRE	della	O
mh	NOUN	<unknown>	O
del	ARTPRE	del	O
programma	NOUN	programma	O
affrontato	VER:ppast	affrontare	O
			
#Text=e poi c' è il eh mh il livello il test di competenze			
e	CON	e	O
poi	ADV	poi	O
c'	CLI	c'	O
è	VER:fin	essere	O
il	ART	il	O
eh	NOCAT	eh	O
mh	VER:fin	<unknown>	O
il	ART	il	O
livello	NOUN	livello	O
il	ART	il	O
test	NOUN	test	O
di	PRE	di	O
competenze	NOUN	competenza	O
			
#Text=invece che è proprio quello che mh solitamente			
invece	ADV	invece	O
che	CHE	che	O
è	VER:fin	essere	O
proprio	ADV	proprio	O
quello	PRO:demo	quello	O
che	CHE	che	O
mh	VER:fin	<unknown>	O
solitamente	ADV:mente	solitamente	O
			
#Text=si effettua			
si	CLI	si	O
effettua	VER:fin	effettuare	O
			
#Text=quando si vuole mh			
quando	WH	quando	O
si	CLI	si	O
vuole	VER2:fin	volere	O
mh	VER:fin	<unknown>	O
			
#Text=iniziare un certo tipo di lavoro perché può essere richiesto di dimostrare di avere una certa competenza			
iniziare	VER:infi	iniziare	O
un	ART	un	O
certo	ADJ	certo	O
tipo	NOUN	tipo	O
di	PRE	di	O
lavoro	NOUN	lavoro	O
perché	WH	perché	O
può	VER2:fin	potere	O
essere	AUX:infi	essere	O
richiesto	VER:ppast	richiedere	O
di	PRE	di	O
dimostrare	VER:infi	dimostrare	O
di	PRE	di	O
avere	VER:infi	avere	O
una	ART	una	O
certa	ADJ	certo	O
competenza	NOUN	competenza	O
			
#Text=cioè il test di padronanza			
cioè	ADV	cioè	O
il	ART	il	O
test	NOUN	test	O
di	PRE	di	O
padronanza	NOUN	padronanza	O
			
#Text=sì			
sì	ADV	sì	O
			
#Text=di avere una determinata competenza			
di	PRE	di	O
avere	VER:infi	avere	O
una	ART	una	O
determinata	ADJ	determinato	O
competenza	NOUN	competenza	O
			
#Text=a lavoro			
a	PRE	a	O
lavoro	NOUN	lavoro	O
			
#Text=ti quindi devi proprio sottoporti a questo tipo di test			
ti	CLI	ti	O
quindi	ADV	quindi	O
devi	VER2:fin	dovere	O
proprio	ADV	proprio	O
sottoporti	VER:fin	<unknown>	O
a	PRE	a	O
questo	DET:demo	questo	O
tipo	NOUN	tipo	O
di	PRE	di	O
test	NOUN	test	O
			
#Text=che è è un test			
che	CHE	che	O
è	VER:fin	essere	O
è	VER:fin	essere	O
un	ART	un	O
test	NOUN	test	O
			
#Text=mh			
mh	VER:fin	<unknown>	O
			
#Text=cioè banalmente sono le certificazioni linguistiche sì			
cioè	ADV	cioè	O
banalmente	ADV:mente	<unknown>	O
sono	VER:fin	essere	O
le	ART	la	O
certificazioni	NOUN	certificazione	O
linguistiche	ADJ	linguistico	O
sì	ADV	sì	O
			
#Text=esatto			
esatto	ADJ	esatto	O
			
#Text=esatto			
esatto	ADJ	esatto	O
			
#Text=comunque ritorna alla mia domanda la mia domanda era il concetto di utilità			
comunque	WH	comunque	O
ritorna	VER:fin	ritornare	O
alla	ARTPRE	alla	O
mia	DET:poss	mio	O
domanda	NOUN	domanda	O
la	ART	la	O
mia	DET:poss	mio	O
domanda	NOUN	domanda	O
era	VER:fin	essere	O
il	ART	il	O
concetto	NOUN	concetto	O
di	PRE	di	O
utilità	NOUN	utilità	O
			
#Text=quello di bachman e palmer nel testing linguistico			
quello	PRO:demo	quello	O
di	PRE	di	O
bachman	NOUN	<unknown>	O
e	CON	e	O
palmer	NOUN	<unknown>	O
nel	ARTPRE	nel	O
testing	NOUN	<unknown>	O
linguistico	ADJ	linguistico	O
			
#Text=eh mh perché mh			
eh	NOCAT	eh	O
mh	VER:fin	<unknown>	O
perché	WH	perché	O
mh	VER:fin	<unknown>	O
			
#Text=per essere			
per	PRE	per	O
essere	VER:infi	essere	O
			
#Text=un test			
un	ART	un	O
test	NOUN	test	O
			
#Text=deve avere diverse caratteristiche			
deve	VER2:fin	dovere	O
avere	VER:infi	avere	O
diverse	ADJ	diverso	O
caratteristiche	NOUN	caratteristica	O
			
#Text=tra cui quella dell' utilità cioè dev' essere eh			
tra	PRE	tra	O
cui	WH	cui	O
quella	PRO:demo	quella	O
dell'	ARTPRE	dell'	O
utilità	NOUN	utilità	O
cioè	ADV	cioè	O
dev'	ADJ	<unknown>	O
essere	VER:infi	essere	O
eh	NOCAT	eh	O
			
#Text=utile			
utile	ADJ	utile	O
			
#Text=sia			
sia	CON	sia	O
			
#Text=all eh mh			
all	NOUN	<unknown>	O
eh	NOCAT	eh	O
mh	VER:fin	<unknown>	O
			
#Text=all' apprendente			
all'	ARTPRE	all'	O
apprendente	VER:ppre	apprendere	O
			
#Text=per verificare il livello che ha raggiunto e			
per	PRE	per	O
verificare	VER:infi	verificare	O
il	ART	il	O
livello	NOUN	livello	O
che	CHE	che	O
ha	AUX:fin	avere	O
raggiunto	VER:ppast	raggiungere	O
e	CON	e	O
			
#Text=gli argomenti che ha meglio capito			
gli	ART	il	O
argomenti	NOUN	argomento	O
che	CHE	che	O
ha	AUX:fin	avere	O
meglio	ADV	meglio	O
capito	VER:ppast	capire	O
			
#Text=in cui ha bisogno di potenziamento			
in	PRE	in	O
cui	WH	cui	O
ha	VER:fin	avere	O
bisogno	NOUN	bisogno	O
di	PRE	di	O
potenziamento	NOUN	potenziamento	O
			
#Text=in cui ha bisogno magari delle spieg di ulteriori spegazioni ma è deve essere anche utile al eh all' insegnante			
in	PRE	in	O
cui	WH	cui	O
ha	VER:fin	avere	B
bisogno	NOUN	bisogno	I
magari	ADV	magari	O
delle	ARTPRE	della	O
spieg	NOUN	<unknown>	O
di	PRE	di	O
ulteriori	ADJ	ulteriore	O
spegazioni	NOUN	<unknown>	O
ma	CON	ma	O
è	VER:fin	essere	O
deve	VER2:fin	dovere	O
essere	AUX:infi	essere	O
anche	ADV	anche	O
utile	ADJ	utile	O
al	ARTPRE	al	O
eh	NOCAT	eh	O
all'	ARTPRE	all'	O
insegnante	NOUN	insegnante	O
			
#Text=perché deve mh			
perché	WH	perché	O
deve	VER2:fin	dovere	O
mh	VER:fin	<unknown>	O
			
#Text=mh			
mh	ADJ	<unknown>	O
			
#Text=è una prova sia per se stesso			
è	VER:fin	essere	O
una	ART	una	O
prova	NOUN	prova	O
sia	VER:fin	essere	O
per	PRE	per	O
se	CON	se	B
stesso	ADJ	stesso	I
			
#Text=quindi per verificare se gli insegnamenti			
quindi	ADV	quindi	O
per	PRE	per	O
verificare	VER:infi	verificare	O
se	CON	se	O
gli	ART	il	O
insegnamenti	NOUN	insegnamento	O
			
#Text=e le lezioni che sono state sostenute			
e	CON	e	O
le	ART	la	O
lezioni	NOUN	lezione	O
che	CHE	che	O
sono	AUX:fin	essere	O
state	AUX:ppast	essere	O
sostenute	VER:ppast	sostenere	O
			
#Text=e che sono state svolte sono state comprese			
e	CON	e	O
che	CHE	che	O
sono	AUX:fin	essere	O
state	AUX:ppast	essere	O
svolte	VER:ppast	svolgere	O
sono	AUX:fin	essere	O
state	AUX:ppast	essere	O
comprese	VER:ppast	comprendere	O
			
#Text=dagli dagli apprendenti			
dagli	ARTPRE	dal	O
dagli	ARTPRE	dal	O
apprendenti	VER:ppre	apprendere	O
			
#Text=ma al tempo stesso se il suo insegnamento è un insegnamento valido			
ma	CON	ma	O
al	ARTPRE	al	B
tempo	NOUN	tempo	I
stesso	ADJ	stesso	I
se	CON	se	O
il	ART	il	O
suo	DET:poss	suo	O
insegnamento	NOUN	insegnamento	O
è	VER:fin	essere	O
un	ART	un	O
insegnamento	NOUN	insegnamento	O
valido	ADJ	valido	O
			
#Text=cioè si sta mh sta veramente facendo apprendere qualcosa agli allievi			
cioè	ADV	cioè	O
si	CLI	si	O
sta	VER:fin	stare	O
mh	ADJ	<unknown>	O
sta	VER:fin	stare	O
veramente	ADV:mente	veramente	O
facendo	VER2:geru	fare	O
apprendere	VER:infi	apprendere	O
qualcosa	PRO:indef	qualcosa	O
agli	ARTPRE	al	O
allievi	NOUN	allievo	O
			
#Text=ma noi l' utilità noi l' abbiamo affrontata in modo abbastanza tecnico diciamo perché è un concetto tecnico			
ma	CON	ma	O
noi	PRO:pers	noi	O
l'	ART	l'	O
utilità	NOUN	utilità	O
noi	PRO:pers	noi	O
l'	CLI	l'	O
abbiamo	AUX:fin	avere	O
affrontata	VER:ppast	affrontare	O
in	PRE	in	O
modo	NOUN	modo	O
abbastanza	ADV	abbastanza	O
tecnico	ADJ	tecnico	O
diciamo	VER:fin	dire	O
perché	WH	perché	O
è	VER:fin	essere	O
un	ART	un	O
concetto	NOUN	concetto	O
tecnico	ADJ	tecnico	O
			
#Text=nel testing si compone di diverse componenti no			
nel	ARTPRE	nel	O
testing	NOUN	<unknown>	O
si	CLI	si	O
compone	VER:fin	comporre	O
di	PRE	di	O
diverse	ADJ	diverso	O
componenti	VER:ppre	comporre	O
no	ADV	no	O
			
#Text=si compone di diverse parti			
si	CLI	si	O
compone	VER:fin	comporre	O
di	PRE	di	O
diverse	ADJ	diverso	O
parti	NOUN	parte|parto	O
			
#Text=quindi un test viene eh reputato e soprattutto in ambito di certificazione quindi di test ad alto impatto			
quindi	ADV	quindi	O
un	ART	un	O
test	NOUN	test	O
viene	AUX:fin	venire	O
eh	NOCAT	eh	O
reputato	VER:ppast	reputare	O
e	CON	e	O
soprattutto	ADV	soprattutto	O
in	PRE	in	B
ambito	NOUN	ambito	I
di	PRE	di	I
certificazione	NOUN	certificazione	O
quindi	ADV	quindi	O
di	PRE	di	O
test	NOUN	test	O
ad	PRE	ad	O
alto	ADJ	alto	O
impatto	NOUN	impatto	O
			
#Text=utile se risponde ad una serie di requistiti			
utile	ADJ	utile	O
se	CLI	se	O
risponde	VER:fin	rispondere	O
ad	PRE	ad	O
una	ART	una	O
serie	NOUN	serie	O
di	PRE	di	O
requistiti	NOUN	<unknown>	O
			
#Text=e sono dei requitisiti che ci riportanto anche verso gli aspetti etico etici e sociali			
e	CON	e	O
sono	VER:fin	essere	O
dei	ARTPRE	del	O
requitisiti	NOUN	<unknown>	O
che	CHE	che	O
ci	CLI	ci	O
riportanto	VER:fin	<unknown>	O
anche	ADV	anche	O
verso	PRE	verso	O
gli	ART	il	O
aspetti	NOUN	aspetto	O
etico	ADJ	etico	O
etici	ADJ	etico	O
e	CON	e	O
sociali	ADJ	sociale	O
			
#Text=della valutazione no quindi abbiamo parlato dell' affidabilità della validità teorica			
della	ARTPRE	della	O
valutazione	NOUN	valutazione	O
no	ADV	no	O
quindi	ADV	quindi	O
abbiamo	AUX:fin	avere	O
parlato	VER:ppast	parlare	O
dell'	ARTPRE	dell'	O
affidabilità	NOUN	affidabilità	O
della	ARTPRE	della	O
validità	NOUN	validità	O
teorica	ADJ	teorico	O
			
#Text=dell' autenticità			
dell'	ARTPRE	dell'	O
autenticità	NOUN	autenticità	O
			
#Text=eccetera eccetera			
eccetera	ADV	eccetera	B
eccetera	ADV	eccetera	I
			
#Text=quindi			
quindi	ADV	quindi	O
			
#Text=riesci ad argomentarmi questo concetto in modo			
riesci	VER:fin	riuscire	O
ad	PRE	ad	O
argomentarmi	VER:infi:cli	<unknown>	O
questo	DET:demo	questo	O
concetto	NOUN	concetto	O
in	PRE	in	O
modo	NOUN	modo	O
			
#Text=sì allora eh per essere utile un test deve essere innanzitutto			
sì	ADV	sì	O
allora	ADV	allora	O
eh	NOCAT	eh	O
per	PRE	per	O
essere	AUX:infi	essere	O
utile	ADJ	utile	O
un	ART	un	O
test	NOUN	test	O
deve	VER2:fin	dovere	O
essere	AUX:infi	essere	O
innanzitutto	ADV	innanzitutto	O
			
#Text=preciso			
preciso	ADJ	preciso	O
			
#Text=valido			
valido	ADJ	valido	O
			
#Text=cioè deve mh mh misurare			
cioè	ADV	cioè	O
deve	VER2:fin	dovere	O
mh	VER:infi:cli	<unknown>	O
mh	VER:fin	<unknown>	O
misurare	VER:infi	misurare	O
			
#Text=la compe mh quello che deve misurare e nulla di più			
la	ART	la	O
compe	NOUN	<unknown>	O
mh	VER:fin	<unknown>	O
quello	PRO:demo	quello	O
che	CHE	che	O
deve	VER2:fin	dovere	O
misurare	VER:infi	misurare	O
e	CON	e	O
nulla	PRO:indef	nulla	O
di	PRE	di	O
più	ADV	più	O
			
#Text=so sostanzialmente			
so	VER:fin	sapere	O
sostanzialmente	ADV:mente	sostanzialmente	O
			
#Text=eh un test ad esempio eh di ascolto che vuole verificare la capacità di comprensione orale di un allievo			
eh	NOCAT	eh	O
un	ART	un	O
test	NOUN	test	O
ad	PRE	ad	B
esempio	NOUN	esempio	I
eh	NOCAT	eh	O
di	PRE	di	O
ascolto	NOUN	ascolto	O
che	CHE	che	O
vuole	VER2:fin	volere	O
verificare	VER:infi	verificare	O
la	ART	la	O
capacità	NOUN	capacità	O
di	PRE	di	O
comprensione	NOUN	comprensione	O
orale	ADJ	orale	O
di	PRE	di	O
un	ART	un	O
allievo	NOUN	allievo	O
			
#Text=e misura			
e	CON	e	O
misura	NOUN	misura	O
			
#Text=in realtà e si concentra			
in	PRE	in	B
realtà	NOUN	realtà	I
e	CON	e	O
si	CLI	si	O
concentra	VER:fin	concentrare	O
			
#Text=maggiormente sulla sua capacità			
maggiormente	ADV:mente	maggiormente	O
sulla	ARTPRE	sulla	O
sua	DET:poss	suo	O
capacità	NOUN	capacità	O
			
#Text=eh di produzione scritta non è ritenuto un test valido			
eh	NOCAT	eh	O
di	PRE	di	O
produzione	NOUN	produzione	O
scritta	VER:ppast	scrivere	O
non	NEG	non	O
è	AUX:fin	essere	O
ritenuto	VER:ppast	ritenere	O
un	ART	un	O
test	NOUN	test	O
valido	ADJ	valido	O
			
#Text=perché non sta valutando quello che			
perché	WH	perché	O
non	NEG	non	O
sta	VER:fin	stare	O
valutando	VER:geru	valutare	O
quello	PRO:demo	quello	O
che	CHE	che	O
			
#Text=mh			
mh	VER:fin	<unknown>	O
			
#Text=si era prefissato di valutare			
si	CLI	si	O
era	AUX:fin	essere	O
prefissato	VER:ppast	prefissare	O
di	PRE	di	O
valutare	VER:infi	valutare	O
			
#Text=mh mh			
mh	VER:fin	<unknown>	O
mh	ADJ	<unknown>	O
			
#Text=e poi deve essere anche un test affidabile			
e	CON	e	O
poi	ADV	poi	O
deve	VER2:fin	dovere	O
essere	AUX:infi	essere	O
anche	ADV	anche	O
un	ART	un	O
test	NOUN	test	O
affidabile	ADJ	affidabile	O
			
#Text=eh mh			
eh	NOCAT	eh	O
mh	VER:fin	<unknown>	O
			
#Text=ti ricordi qualche riferimento teorico per il concetto di validità			
ti	CLI	ti	O
ricordi	VER:fin	ricordare	O
qualche	DET:indef	qualche	O
riferimento	NOUN	riferimento	O
teorico	ADJ	teorico	O
per	PRE	per	O
il	ART	il	O
concetto	NOUN	concetto	O
di	PRE	di	O
validità	NOUN	validità	O
			
#Text=mh			
mh	VER:fin	<unknown>	O
			
#Text=chi l' ha studiato chi l' ha schematizzato			
chi	WH	chi	O
l'	CLI	l'	O
ha	AUX:fin	avere	O
studiato	VER:ppast	studiare	O
chi	WH	chi	O
l'	CLI	l'	O
ha	AUX:fin	avere	O
schematizzato	VER:ppast	schematizzare	O
			
#Text=mh			
mh	ADJ	<unknown>	O
			
#Text=abbiamo visto lo schema di wear			
abbiamo	VER:fin	avere	O
visto	NOUN	visto	O
lo	ART	il	O
schema	NOUN	schema	O
di	PRE	di	O
wear	VER:infi	<unknown>	O
			
#Text=nel duemila e sette sulla sulla validità poi abbiamo visto la validità nel ciclo del testing			
nel	ARTPRE	nel	O
duemila	DET:num	duemila	O
e	CON	e	O
sette	PRO:num	sette	O
sulla	ARTPRE	sulla	O
validità	NOUN	validità	O
poi	ADV	poi	O
abbiamo	VER:fin	avere	O
visto	NOUN	visto	O
la	ART	la	O
validità	NOUN	validità	O
nel	ARTPRE	nel	O
ciclo	NOUN	ciclo	O
del	ARTPRE	del	O
testing	NOUN	<unknown>	O
			
#Text=nel manuale alté			
nel	ARTPRE	nel	O
manuale	NOUN	manuale	O
alté	ADJ	<unknown>	O
			
#Text=va bene vai avanti			
va	VER:fin	andare	B
bene	ADV	bene	I
vai	VER:fin	andare	B
avanti	ADV	avanti	I
			
#Text=e mh			
e	CON	e	O
mh	VER:fin	<unknown>	O
			
#Text=ah sì dev' essere affidabile			
ah	NOCAT	ah	O
sì	ADV	sì	O
dev'	ADJ	<unknown>	O
essere	VER:infi	essere	O
affidabile	ADJ	affidabile	O
			
#Text=mh perché			
mh	VER:fin	<unknown>	O
perché	WH	perché	O
			
#Text=allora l' affidabilità si articola in due modi nel senso che			
allora	ADV	allora	O
l'	ART	l'	O
affidabilità	NOUN	affidabilità	O
si	CLI	si	O
articola	VER:fin	articolare	O
in	PRE	in	O
due	DET:num	due	O
modi	NOUN	modo	O
nel	ARTPRE	nel	B
senso	NOUN	senso	I
che	CHE	che	O
			
#Text=mh dev' essere affidabile perché i dati			
mh	VER:fin	<unknown>	O
dev'	ADJ	<unknown>	O
essere	VER:infi	essere	O
affidabile	ADJ	affidabile	O
perché	WH	perché	O
i	ART	il	O
dati	NOUN	dato	O
			
#Text=che io posso estrarre dai miei risultati			
che	CHE	che	O
io	PRO:pers	io	O
posso	VER2:fin	potere	O
estrarre	VER:infi	estrarre	O
dai	ARTPRE	dal	O
miei	DET:poss	mio	O
risultati	NOUN	risultato	O
			
#Text=devono essere			
devono	VER2:fin	dovere	O
essere	AUX:infi	essere	O
			
#Text=mh ripetibili			
mh	VER:fin	<unknown>	O
ripetibili	ADJ	ripetibile	O
			
#Text=se il test viene sottoposto ad esempio in un momento successivo			
se	CON	se	O
il	ART	il	O
test	NOUN	test	O
viene	AUX:fin	venire	O
sottoposto	VER:ppast	sottoporre	O
ad	PRE	ad	B
esempio	NOUN	esempio	I
in	PRE	in	O
un	ART	un	O
momento	NOUN	momento	O
successivo	ADJ	successivo	O
			
#Text=in più momenti differenti			
in	PRE	in	O
più	ADV	più	O
momenti	NOUN	momento	O
differenti	ADJ	differente	O
			
#Text=e soprattutto s quando è eh mh			
e	CON	e	O
soprattutto	ADV	soprattutto	O
s	VER:fin	<unknown>	O
quando	WH	quando	O
è	VER:fin	essere	O
eh	NOCAT	eh	O
mh	VER:fin	<unknown>	O
			
#Text=sottoposto da valutatori differenti			
sottoposto	VER:ppast	sottoporre	O
da	PRE	da	O
valutatori	NOUN	valutatore	O
differenti	ADJ	differente	O
			
#Text=nel casto di test oggettivi			
nel	ARTPRE	nel	O
casto	NOUN	casto	O
di	PRE	di	O
test	NOUN	test	O
oggettivi	VER:fin	oggettivare	O
			
#Text=infatti soprattutto in questo caso in cui non si richiede una vera e propria partecipazione			
infatti	ADV	infatti	O
soprattutto	ADV	soprattutto	O
in	PRE	in	O
questo	DET:demo	questo	O
caso	NOUN	caso	O
in	PRE	in	O
cui	WH	cui	O
non	NEG	non	O
si	CLI	si	O
richiede	VER:fin	richiedere	O
una	ART	una	O
vera	ADJ	vero	B
e	CON	e	I
propria	DET:poss	proprio	I
partecipazione	NOUN	partecipazione	O
			
#Text=eh del valutatore il quale solitamente			
eh	NOCAT	eh	O
del	ARTPRE	del	O
valutatore	NOUN	valutatore	O
il	ART	il	O
quale	WH	quale	O
solitamente	ADV:mente	solitamente	O
			
#Text=si attiene a delle griglie di valutazione che sono state mh prefissate			
si	CLI	si	O
attiene	VER:fin	attenere	O
a	PRE	a	O
delle	ARTPRE	della	O
griglie	NOUN	griglia	B
di	PRE	di	I
valutazione	NOUN	valutazione	I
che	CHE	che	O
sono	AUX:fin	essere	O
state	AUX:ppast	essere	O
mh	VER:fin	<unknown>	O
prefissate	ADJ	prefissato	O
			
#Text=o dal grupo di docenti			
o	CON	o	O
dal	ARTPRE	dal	O
grupo	NOUN	<unknown>	O
di	PRE	di	O
docenti	NOUN	docente	O
			
#Text=o da colui che ha co insomma composto proprio quel test creato quel tipo di prova			
o	CON	o	O
da	PRE	da	O
colui	PRO:demo	colui	O
che	CHE	che	O
ha	AUX:fin	avere	O
co	VER:ppast	<unknown>	O
insomma	ADV	insomma	O
composto	VER:ppast	comporre	O
proprio	ADV	proprio	O
quel	DET:demo	quello	O
test	NOUN	test	O
creato	VER:ppast	creare	O
quel	DET:demo	quello	O
tipo	NOUN	tipo	O
di	PRE	di	O
prova	NOUN	prova	O
			
#Text=è in questo caso quindi in questi test più oggettivi			
è	VER:fin	essere	O
in	PRE	in	O
questo	DET:demo	questo	O
caso	NOUN	caso	O
quindi	ADV	quindi	O
in	PRE	in	O
questi	DET:demo	questo	O
test	NOUN	test	O
più	ADV	più	O
oggettivi	ADJ	oggettivo	O
			
#Text=che eh mh			
che	CHE	che	O
eh	NOCAT	eh	O
mh	VER:fin	<unknown>	O
			
#Text=i dati dovrebbero coincidere			
i	ART	il	O
dati	NOUN	dato	O
dovrebbero	VER2:fin	dovere	O
coincidere	VER:infi	coincidere	O
			
#Text=perché il valutatore non interviene			
perché	WH	perché	O
il	ART	il	O
valutatore	NOUN	valutatore	O
non	NEG	non	O
interviene	VER:fin	intervenire	O
			
#Text=con la sua esperienza con una sua valutazione soggettiva			
con	PRE	con	O
la	ART	la	O
sua	DET:poss	suo	O
esperienza	NOUN	esperienza	O
con	PRE	con	O
una	ART	una	O
sua	DET:poss	suo	O
valutazione	NOUN	valutazione	O
soggettiva	ADJ	soggettivo	O
			
#Text=al nel risultato della della prova			
al	ARTPRE	al	O
nel	ARTPRE	nel	O
risultato	NOUN	risultato	O
della	ARTPRE	della	O
della	ARTPRE	della	O
prova	NOUN	prova	O
			
#Text=e quindi devono essere affidabili perché i dati che si riportano			
e	CON	e	O
quindi	ADV	quindi	O
devono	VER2:fin	dovere	O
essere	AUX:infi	essere	O
affidabili	ADJ	affidabile	O
perché	WH	perché	O
i	ART	il	O
dati	NOUN	dato	O
che	CHE	che	O
si	CLI	si	O
riportano	VER:fin	riportare	O
			
#Text=dovrebbero coincidere			
dovrebbero	VER2:fin	dovere	O
coincidere	VER:infi	coincidere	O
			
#Text=e soprattutto dovrebbero coincidere anche			
e	CON	e	O
soprattutto	ADV	soprattutto	O
dovrebbero	VER2:fin	dovere	O
coincidere	VER:infi	coincidere	O
anche	ADV	anche	O
			
#Text=nel caso in cui un un test venga sottoposto in momenti differenti			
nel	ARTPRE	nel	O
caso	NOUN	caso	O
in	PRE	in	O
cui	WH	cui	O
un	ART	un	O
un	ART	un	O
test	NOUN	test	O
venga	AUX:fin	venire	O
sottoposto	VER:ppast	sottoporre	O
in	PRE	in	O
momenti	NOUN	momento	O
differenti	ADJ	differente	O
			
#Text=mh come si chiamano queste prove			
mh	VER:fin	<unknown>	O
come	WH	come	O
si	CLI	si	O
chiamano	VER:fin	chiamare	O
queste	DET:demo	questo	O
prove	NOUN	prova	O
			
#Text=diciamo per verificare l' affidabilità			
diciamo	VER:fin	dire	O
per	PRE	per	O
verificare	VER:infi	verificare	O
l'	ART	l'	O
affidabilità	NOUN	affidabilità	O
			
#Text=quella che hai detto			
quella	PRO:demo	quella	O
che	CHE	che	O
hai	AUX:fin	avere	O
detto	VER:ppast	dire	O
			
#Text=quelle che hai descritto diciamo			
quelle	PRO:demo	quelle	O
che	CHE	che	O
hai	AUX:fin	avere	O
descritto	VER:ppast	descrivere	O
diciamo	VER:fin	dire	O
			
#Text=hanno dei dei nomi no			
hanno	VER:fin	avere	O
dei	ARTPRE	del	O
dei	ARTPRE	del	O
nomi	NOUN	nome	O
no	ADV	no	O
			
#Text=l' affidabilità			
l'	ART	l'	O
affidabilità	NOUN	affidabilità	O
			
#Text=eh mh la terminologia che abbiamo visto era interrate reliability			
eh	NOCAT	eh	O
mh	VER:fin	<unknown>	O
la	ART	la	O
terminologia	NOUN	terminologia	O
che	CHE	che	O
abbiamo	VER:fin	avere	O
visto	NOUN	visto	O
era	AUX:fin	essere	O
interrate	VER:ppast	interrare	O
reliability	NOUN	<unknown>	O
			
#Text=quindi l' affidabilità tra valutatori			
quindi	ADV	quindi	O
l'	ART	l'	O
affidabilità	NOUN	affidabilità	O
tra	PRE	tra	O
valutatori	NOUN	valutatore	O
			
#Text=sì e tra mh			
sì	ADV	sì	O
e	CON	e	O
tra	PRE	tra	O
mh	ADJ	<unknown>	O
			
#Text=e tra			
e	CON	e	O
tra	PRE	tra	O
			
#Text=tra mh			
tra	PRE	tra	O
mh	ADJ	<unknown>	O
			
#Text=momenti di di			
momenti	NOUN	momento	O
di	PRE	di	O
di	PRE	di	O
			
#Text=e l' altra era test retest			
e	CON	e	O
l'	ART	l'	O
altra	PRO:indef	altra	O
era	VER:fin	essere	O
test	NOUN	test	O
retest	ADJ	<unknown>	O
			
#Text=reliability quindi l' affidabilità del test del			
reliability	ADJ	<unknown>	O
quindi	ADV	quindi	O
l'	ART	l'	O
affidabilità	NOUN	affidabilità	O
del	ARTPRE	del	O
test	NOUN	test	O
del	ARTPRE	del	O
			
#Text=esatto			
esatto	ADJ	esatto	O
			
#Text=del test			
del	ARTPRE	del	O
test	NOUN	test	O
			
#Text=e poi la quella tra			
e	CON	e	O
poi	ADV	poi	O
la	ART	la	O
quella	PRO:demo	quella	O
tra	PRE	tra	O
			
#Text=forme parallele			
forme	NOUN	forma	O
parallele	ADJ	parallelo	O
			
#Text=quindi pensa ai test certificativi che vengono diciamo somministrati in numerose migliaia centinaia eccetera			
quindi	ADV	quindi	O
pensa	VER:fin	pensare	O
ai	ARTPRE	al	O
test	NOUN	test	O
certificativi	ADJ	<unknown>	O
che	CHE	che	O
vengono	AUX:fin	venire	O
diciamo	VER:fin	dire	O
somministrati	VER:ppast	somministrare	O
in	PRE	in	O
numerose	ADJ	numeroso	O
migliaia	NOUN	migliaio	O
centinaia	NOUN	centinaio	O
eccetera	ADV	eccetera	O
			
#Text=quindi			
quindi	ADV	quindi	O
			
#Text=mh queste certificazioni devono essere comparabili fra loro			
mh	VER:fin	<unknown>	O
queste	DET:demo	questo	O
certificazioni	NOUN	certificazione	O
devono	VER2:fin	dovere	O
essere	AUX:infi	essere	O
comparabili	ADJ	comparabile	O
fra	PRE	fra	O
loro	PRO:pers	loro	O
			
#Text=sì			
sì	ADV	sì	O
			
#Text=mh			
mh	VER:fin	<unknown>	O
			
#Text=sì sì			
sì	ADV	sì	O
sì	ADV	sì	O
			
#Text=perché il livello di mh il livello di competenza che viene richiesto			
perché	WH	perché	O
il	ART	il	O
livello	NOUN	livello	O
di	PRE	di	O
mh	VER:fin	<unknown>	O
il	ART	il	O
livello	NOUN	livello	O
di	PRE	di	O
competenza	NOUN	competenza	O
che	CHE	che	O
viene	AUX:fin	venire	O
richiesto	VER:ppast	richiedere	O
			
#Text=dev' essere			
dev'	ADJ	<unknown>	O
essere	VER:infi	essere	O
			
#Text=cioè			
cioè	ADV	cioè	O
			
#Text=io come qualsiasi altro apprendente			
io	PRO:pers	io	O
come	WH	come	O
qualsiasi	DET:indef	qualsiasi	O
altro	PRO:indef	altro	O
apprendente	VER:ppre	apprendere	O
			
#Text=dobbiamo raggiungere lo stesso livello dal momento in cui raggiungiamo quel livello di competenza è riconoscibile			
dobbiamo	VER2:fin	dovere	O
raggiungere	VER:infi	raggiungere	O
lo	ART	il	O
stesso	ADJ	stesso	O
livello	NOUN	livello	O
dal	ARTPRE	dal	O
momento	NOUN	momento	O
in	PRE	in	O
cui	WH	cui	O
raggiungiamo	VER:fin	raggiungere	O
quel	DET:demo	quello	O
livello	NOUN	livello	O
di	PRE	di	O
competenza	NOUN	competenza	O
è	VER:fin	essere	O
riconoscibile	ADJ	riconoscibile	O
			
#Text=no è molto più banale la cosa			
no	ADV	no	O
è	VER:fin	essere	O
molto	ADV	molto	O
più	ADV	più	O
banale	NOUN	banale	O
la	ART	la	O
cosa	NOUN	cosa	O
			
#Text=ovunque			
ovunque	WH	ovunque	O
			
#Text=cioè io ho una certificazione che è il toefl no			
cioè	ADV	cioè	O
io	PRO:pers	io	O
ho	VER:fin	avere	O
una	ART	una	O
certificazione	NOUN	certificazione	O
che	CHE	che	O
è	VER:fin	essere	O
il	ART	il	O
toefl	VER:fin	<unknown>	O
no	ADV	no	O
			
#Text=mh mh			
mh	ADJ	<unknown>	O
mh	VER:fin	<unknown>	O
			
#Text=x certificazione ne avrò cento versioni			
x	ADJ	<unknown>	O
certificazione	NOUN	certificazione	O
ne	CLI	ne	O
avrò	VER:fin	avere	O
cento	PRO:num	cento	O
versioni	NOUN	versione	O
			
#Text=la cer la certificazione toefl o un' altra certificazione pari ad un livello b due c uno eccetera			
la	CLI	la	O
cer	VER:fin	<unknown>	O
la	ART	la	O
certificazione	NOUN	certificazione	O
toefl	VER:fin	<unknown>	O
o	CON	o	O
un'	ART	un'	O
altra	DET:indef	altro	O
certificazione	NOUN	certificazione	O
pari	ADJ	pario	O
ad	PRE	ad	O
un	ART	un	O
livello	NOUN	livello	O
b	NOUN	<unknown>	O
due	DET:num	due	O
c	NOUN	<unknown>	O
uno	PRO:indef	uno	O
eccetera	ADV	eccetera	O
			
#Text=queste diverse prove che sono in diverse centinaia perché vengono somministrate in tutto il mondo			
queste	DET:demo	questo	O
diverse	ADJ	diverso	O
prove	NOUN	prova	O
che	CHE	che	O
sono	VER:fin	essere	O
in	PRE	in	O
diverse	ADJ	diverso	O
centinaia	NOUN	centinaio	O
perché	WH	perché	O
vengono	AUX:fin	venire	O
somministrate	VER:ppast	somministrare	O
in	PRE	in	O
tutto	DET:indef	tutto	O
il	ART	il	O
mondo	NOUN	mondo	O
			
#Text=sì sì sì sì			
sì	ADV	sì	O
sì	ADV	sì	O
sì	ADV	sì	O
sì	ADV	sì	O
			
#Text=devono essere fra loro comparabili cioè produrre dei risultati comparabili			
devono	VER2:fin	dovere	O
essere	VER:infi	essere	O
fra	PRE	fra	O
loro	PRO:pers	loro	O
comparabili	ADJ	comparabile	O
cioè	ADV	cioè	O
produrre	VER:infi	produrre	O
dei	ARTPRE	del	O
risultati	NOUN	risultato	O
comparabili	ADJ	comparabile	O
			
#Text=okay			
okay	ADV	okay	O
			
#Text=bene quindi la allora l' affidabilità la validità			
bene	ADV	bene	O
quindi	ADV	quindi	O
la	ART	la	O
allora	ADV	allora	O
l'	ART	l'	O
affidabilità	NOUN	affidabilità	O
la	ART	la	O
validità	NOUN	validità	O
			
#Text=e poi			
e	CON	e	O
poi	ADV	poi	O
			
#Text=eh mh e poi abbiamo la la pertinenza			
eh	NOCAT	eh	O
mh	VER:fin	<unknown>	O
e	CON	e	O
poi	ADV	poi	O
abbiamo	VER:fin	avere	O
la	ART	la	O
la	ART	la	O
pertinenza	NOUN	pertinenza	O
			
#Text=di un test			
di	PRE	di	O
un	ART	un	O
test	NOUN	test	O
			
#Text=è quello che mh porcelli sul manuale definiva con l' a mh l' acronimo di pace			
è	VER:fin	essere	O
quello	PRO:demo	quello	O
che	CHE	che	O
mh	VER:fin	<unknown>	O
porcelli	NOUN	porcello	O
sul	ARTPRE	sul	O
manuale	NOUN	manuale	O
definiva	VER:fin	definire	O
con	PRE	con	O
l'	ART	l'	O
a	PRE	a	O
mh	VER:infi	<unknown>	O
l'	ART	l'	O
acronimo	NOUN	acronimo	O
di	PRE	di	O
pace	NOUN	pace	O
			
#Text=cioè quello che un test deve possedere è la pertinenza			
cioè	ADV	cioè	O
quello	PRO:demo	quello	O
che	CHE	che	O
un	ART	un	O
test	NOUN	test	O
deve	VER2:fin	dovere	O
possedere	VER:infi	possedere	O
è	VER:fin	essere	O
la	ART	la	O
pertinenza	NOUN	pertinenza	O
			
#Text=eh dei contenuti			
eh	NOCAT	eh	O
dei	ARTPRE	del	O
contenuti	NOUN	contenuto	O
			
#Text=perché ovviamente quello che dev' essere			
perché	WH	perché	O
ovviamente	ADV:mente	ovviamente	O
quello	PRO:demo	quello	O
che	CHE	che	O
dev'	VER:fin	<unknown>	O
essere	AUX:infi	essere	O
			
#Text=mh domandato nel test deve essere stato prima			
mh	VER:fin	<unknown>	O
domandato	VER:ppast	domandare	O
nel	ARTPRE	nel	O
test	NOUN	test	O
deve	VER2:fin	dovere	O
essere	AUX:infi	essere	O
stato	VER:ppast	essere|stare	O
prima	ADV	prima	O
			
#Text=spiegato o comunque dichiarato			
spiegato	VER:ppast	spiegare	O
o	CON	o	O
comunque	WH	comunque	O
dichiarato	VER:ppast	dichiarare	O
			
#Text=dev' essere accettabile			
dev'	ADJ	<unknown>	O
essere	VER:infi	essere	O
accettabile	ADJ	accettabile	O
			
#Text=e deve essere comparabile			
e	CON	e	O
deve	VER2:fin	dovere	O
essere	AUX:infi	essere	O
comparabile	ADJ	comparabile	O
			
#Text=cioè i dati che io ottengo appunto da da questi test devono essere comparabili con quelli altri che magari già possiede l' insegnante			
cioè	ADV	cioè	O
i	ART	il	O
dati	NOUN	dato	O
che	CHE	che	O
io	PRO:pers	io	O
ottengo	VER:fin	ottenere	O
appunto	ADV	appunto	O
da	PRE	da	O
da	PRE	da	O
questi	DET:demo	questo	O
test	NOUN	test	O
devono	VER2:fin	dovere	O
essere	AUX:infi	essere	O
comparabili	ADJ	comparabile	O
con	PRE	con	O
quelli	PRO:demo	quelli	O
altri	PRO:indef	altri	O
che	CHE	che	O
magari	ADV	magari	O
già	ADV	già	O
possiede	VER:fin	possedere	O
l'	ART	l'	O
insegnante	NOUN	insegnante	O
			
#Text=e soprattutto eh mh porcelli parla di economia			
e	CON	e	O
soprattutto	ADV	soprattutto	O
eh	NOCAT	eh	O
mh	VER:fin	<unknown>	O
porcelli	NOUN	porcello	O
parla	VER:fin	parlare	O
di	PRE	di	O
economia	NOUN	economia	O
			
#Text=di un test cioè			
di	PRE	di	O
un	ART	un	O
test	NOUN	test	O
cioè	ADV	cioè	O
			
#Text=la mh il rapporto tra			
la	CLI	la	O
mh	VER:fin	<unknown>	O
il	ART	il	O
rapporto	NOUN	rapporto	O
tra	PRE	tra	O
			
#Text=quanto il testi mi risulta effettivamente utile			
quanto	WH	quanto	O
il	ART	il	O
testi	NOUN	teste|testo	O
mi	CLI	mi	O
risulta	VER:fin	risultare	O
effettivamente	ADV:mente	effettivamente	O
utile	ADJ	utile	O
			
#Text=e il tempo			
e	CON	e	O
il	ART	il	O
tempo	NOUN	tempo	O
			
#Text=la fatica e l' impegno che il test eh mi richiede			
la	ART	la	O
fatica	NOUN	fatica	O
e	CON	e	O
l'	ART	l'	O
impegno	NOUN	impegno	O
che	CHE	che	O
il	ART	il	O
test	NOUN	test	O
eh	NOCAT	eh	O
mi	CLI	mi	O
richiede	VER:fin	richiedere	O
			
#Text=mh mh			
mh	ADJ	<unknown>	O
mh	VER:fin	<unknown>	O
			
#Text=per realizzarlo sia proprio mh concretamente			
per	PRE	per	O
realizzarlo	VER:infi:cli	realizzare	O
sia	CON	sia	O
proprio	ADV	proprio	O
mh	VER:fin	<unknown>	O
concretamente	ADV:mente	concretamente	O
			
#Text=sia invece sottopon il tempo che invece mi richiede in classe per spiegarlo e poi sottoporlo			
sia	CON	sia	O
invece	ADV	invece	O
sottopon	VER:fin	<unknown>	O
il	ART	il	O
tempo	NOUN	tempo	O
che	CHE	che	O
invece	ADV	invece	O
mi	CLI	mi	O
richiede	VER:fin	richiedere	O
in	PRE	in	O
classe	NOUN	classe	O
per	PRE	per	O
spiegarlo	VER:infi:cli	spiegare	O
e	CON	e	O
poi	ADV	poi	O
sottoporlo	VER:infi:cli	sottoporre	O
			
#Text=mh			
mh	VER:fin	<unknown>	O
			
#Text=agli mh agli mh allievi			
agli	ARTPRE	al	O
mh	NOUN	<unknown>	O
agli	ARTPRE	al	O
mh	ADJ	<unknown>	O
allievi	NOUN	allievo	O
			
#Text=mh			
mh	VER:fin	<unknown>	O
			
#Text=sì nella diciamo nella mh			
sì	ADV	sì	O
nella	ARTPRE	nella	O
diciamo	VER:fin	dire	O
nella	ARTPRE	nella	O
mh	ADJ	<unknown>	O
			
#Text=analisi di bachman e palmer si parla anche di autenticità e di interattività			
analisi	NOUN	analisi	O
di	PRE	di	O
bachman	NOUN	<unknown>	O
e	CON	e	O
palmer	NOUN	<unknown>	O
si	CLI	si	O
parla	VER:fin	parlare	O
anche	ADV	anche	O
di	PRE	di	O
autenticità	NOUN	autenticità	O
e	CON	e	O
di	PRE	di	O
interattività	NOUN	<unknown>	O
			
#Text=eh mh allora			
eh	NOCAT	eh	O
mh	VER:fin	<unknown>	O
allora	ADV	allora	O
			
#Text=per quanto riguarda l' interattività			
per	PRE	per	O
quanto	WH	quanto	O
riguarda	VER:fin	riguardare	O
l'	ART	l'	O
interattività	NOUN	<unknown>	O
			
#Text=eh mh			
eh	NOCAT	eh	O
mh	VER:fin	<unknown>	O
			
#Text=è un termine un po' fuorivante interattività però è il termine che utilizzano loro			
è	VER:fin	essere	O
un	ART	un	O
termine	NOUN	termine	O
un	ART	un	B
po'	PRO:indef	po'	I
fuorivante	VER:ppre	<unknown>	O
interattività	NOUN	<unknown>	O
però	ADV	però	O
è	VER:fin	essere	O
il	ART	il	O
termine	NOUN	termine	O
che	CHE	che	O
utilizzano	VER:fin	utilizzare	O
loro	PRO:pers	loro	O
			
#Text=cioè			
cioè	ADV	cioè	O
			
#Text=eh non non si non non non ci si riferisce alla valutazione delle capacità interazionali			
eh	NOCAT	eh	O
non	NEG	non	O
non	NEG	non	O
si	CLI	si	O
non	NEG	non	O
non	NEG	non	O
non	NEG	non	O
ci	CLI	ci	O
si	CLI	si	O
riferisce	VER:fin	riferire	O
alla	ARTPRE	alla	O
valutazione	NOUN	valutazione	O
delle	ARTPRE	della	O
capacità	NOUN	capacità	O
interazionali	ADJ	<unknown>	O
			
#Text=quindi			
quindi	ADV	quindi	O
			
#Text=sì sì s			
sì	ADV	sì	O
sì	ADV	sì	O
s	VER:fin	<unknown>	O
			
#Text=l' interazione orale dei candidati			
l'	ART	l'	O
interazione	NOUN	interazione	O
orale	ADJ	orale	O
dei	ARTPRE	del	O
candidati	NOUN	candidato	O
			
#Text=ci si riferisce alla			
ci	CLI	ci	O
si	CLI	si	O
riferisce	VER:fin	riferire	O
alla	ARTPRE	alla	O
			
#Text=eh come dire all' effi alla flessibilità			
eh	NOCAT	eh	O
come	WH	come	O
dire	VER:infi	dire	O
all'	ARTPRE	all'	O
effi	NOUN	<unknown>	O
alla	ARTPRE	alla	O
flessibilità	NOUN	flessibilità	O
			
#Text=delle domande delle caresti caratteristiche del test rispetto alle caratteristiche del candidato			
delle	ARTPRE	della	O
domande	NOUN	domanda	O
delle	ARTPRE	della	O
caresti	NOUN	<unknown>	O
caratteristiche	ADJ	caratteristico	O
del	ARTPRE	del	O
test	NOUN	test	O
rispetto	PRE	rispetto	O
alle	ARTPRE	alla	O
caratteristiche	NOUN	caratteristica	O
del	ARTPRE	del	O
candidato	NOUN	candidato	O
			
#Text=perché soprattutto per i test			
perché	WH	perché	O
soprattutto	ADV	soprattutto	O
per	PRE	per	O
i	ART	il	O
test	NOUN	test	O
			
#Text=eh mh			
eh	NOCAT	eh	O
mh	VER:fin	<unknown>	O
			
#Text=che valutano la competenza raggiunta nel corso del eh mh			
che	CHE	che	O
valutano	VER:fin	valutare	O
la	ART	la	O
competenza	NOUN	competenza	O
raggiunta	VER:ppast	raggiungere	O
nel	ARTPRE	nel	B
corso	NOUN	corso	I
del	ARTPRE	del	I
eh	NOCAT	eh	O
mh	VER:fin	<unknown>	O
			
#Text=del corso			
del	ARTPRE	del	O
corso	NOUN	corso	O
			
#Text=sono solitamente test che vengono creati dai gli mh dai docenti			
sono	VER:fin	essere	O
solitamente	ADV:mente	solitamente	O
test	NOUN	test	O
che	CHE	che	O
vengono	AUX:fin	venire	O
creati	VER:ppast	creare	O
dai	ARTPRE	dal	O
gli	CLI	gli	O
mh	VER:fin	<unknown>	O
dai	ARTPRE	dal	O
docenti	NOUN	docente	O
			
#Text=e che quindi sono testi più soggettivi perché conscono			
e	CON	e	O
che	CHE	che	O
quindi	ADV	quindi	O
sono	VER:fin	essere	O
testi	NOUN	teste|testo	O
più	ADV	più	O
soggettivi	ADJ	soggettivo	O
perché	WH	perché	O
conscono	VER:fin	<unknown>	O
			
#Text=o perlomeno hanno			
o	CON	o	O
perlomeno	VER:fin	<unknown>	O
hanno	VER:fin	avere	O
			
#Text=un' idea generale del candidato a cui verrà sottoposto			
un'	ART	un'	O
idea	NOUN	idea	O
generale	ADJ	generale	O
del	ARTPRE	del	O
candidato	NOUN	candidato	O
a	PRE	a	O
cui	WH	cui	O
verrà	AUX:fin	venire	O
sottoposto	VER:ppast	sottoporre	O
			
#Text=mentre ad esempio nei test delle cer per le certificazioni			
mentre	CON	mentre	O
ad	PRE	ad	B
esempio	NOUN	esempio	I
nei	ARTPRE	nel	O
test	NOUN	test	O
delle	ARTPRE	della	O
cer	NOUN	<unknown>	O
per	PRE	per	O
le	ART	la	O
certificazioni	NOUN	certificazione	O
			
#Text=chi crea il test non sa			
chi	WH	chi	O
crea	VER:fin	creare	O
il	ART	il	O
test	NOUN	test	O
non	NEG	non	O
sa	VER:fin	sapere	O
			
#Text=quali competenze ha effettivamente raggiunto quante ore ha dedicato allo studio l' allievo			
quali	WH	quali	O
competenze	NOUN	competenza	O
ha	AUX:fin	avere	O
effettivamente	ADV:mente	effettivamente	O
raggiunto	VER:ppast	raggiungere	O
quante	DET:wh	quanto	O
ore	NOUN	ora	O
ha	AUX:fin	avere	O
dedicato	VER:ppast	dedicare	O
allo	ARTPRE	al	O
studio	NOUN	studio	O
l'	ART	l'	O
allievo	NOUN	allievo	O
			
#Text=quel tipo di programma affrontato			
quel	DET:demo	quello	O
tipo	NOUN	tipo	O
di	PRE	di	O
programma	NOUN	programma	O
affrontato	VER:ppast	affrontare	O
			
#Text=l' allievo			
l'	ART	l'	O
allievo	NOUN	allievo	O
			
#Text=e quindi			
e	CON	e	O
quindi	ADV	quindi	O
			
#Text=mh non non c' è proprio questa interazione			
mh	VER:fin	<unknown>	O
non	NEG	non	O
non	NEG	non	O
c'	CLI	c'	O
è	VER:fin	essere	O
proprio	ADV	proprio	O
questa	DET:demo	questo	O
interazione	NOUN	interazione	O
			
#Text=mah nella visione di bachman e palmer			
mah	NOCAT	mah	O
nella	ARTPRE	nella	O
visione	NOUN	visione	O
di	PRE	di	O
bachman	NOUN	<unknown>	O
e	CON	e	O
palmer	NOUN	<unknown>	O
			
#Text=è quel concetto di interattività è molto legato a quello di affidabilità			
è	VER:fin	essere	O
quel	DET:demo	quello	O
concetto	NOUN	concetto	O
di	PRE	di	O
interattività	NOUN	<unknown>	O
è	AUX:fin	essere	O
molto	ADV	molto	O
legato	VER:ppast	legare	O
a	PRE	a	O
quello	PRO:demo	quello	O
di	PRE	di	O
affidabilità	NOUN	affidabilità	O
			
#Text=sulle caratteristiche del candidato			
sulle	ARTPRE	sulla	O
caratteristiche	NOUN	caratteristica	O
del	ARTPRE	del	O
candidato	NOUN	candidato	O
			
#Text=mh mh			
mh	ADJ	<unknown>	O
mh	VER:fin	<unknown>	O
			
#Text=cioè			
cioè	ADV	cioè	O
			
#Text=non dev' essere un test che in qualche modo discrimina			
non	NEG	non	O
dev'	ADJ	<unknown>	O
essere	VER:infi	essere	O
un	ART	un	O
test	NOUN	test	O
che	CHE	che	O
in	PRE	in	O
qualche	DET:indef	qualche	O
modo	NOUN	modo	O
discrimina	VER:fin	discriminare	O
			
#Text=eh tan			
eh	NOCAT	eh	O
tan	VER:fin	<unknown>	O
			
#Text=o o favorisce magari			
o	CON	o	O
o	CON	o	O
favorisce	VER:fin	favorire	O
magari	ADV	magari	O
			
#Text=mh n so un tipo di test			
mh	VER:fin	<unknown>	O
n	ADJ	<unknown>	O
so	VER:fin	sapere	O
un	ART	un	O
tipo	NOUN	tipo	O
di	PRE	di	O
test	NOUN	test	O
			
#Text=candidati che abbiano delle caratteriatiche diverse sì			
candidati	VER:ppast	candidare	O
che	CHE	che	O
abbiano	VER:fin	avere	O
delle	ARTPRE	della	O
caratteriatiche	NOUN	<unknown>	O
diverse	ADJ	diverso	O
sì	ADV	sì	O
			
#Text=esatto			
esatto	ADJ	esatto	O
			
#Text=eh mh senti rispetto invece a mh			
eh	NOCAT	eh	O
mh	VER:fin	<unknown>	O
senti	VER:fin	sentire	O
rispetto	PRE	rispetto	O
invece	ADV	invece	O
a	PRE	a	O
mh	VER:infi:cli	<unknown>	O
			
#Text=ai periodi eh storici			
ai	ARTPRE	al	O
periodi	NOUN	periodo	O
eh	NOCAT	eh	O
storici	NOUN	storico	O
			
#Text=quindi all' evoluzione del eh del call del computer assistent language learning			
quindi	ADV	quindi	O
all'	ARTPRE	all'	O
evoluzione	NOUN	evoluzione	O
del	ARTPRE	del	O
eh	NOCAT	eh	O
del	ARTPRE	del	O
call	NOUN	call	O
del	ARTPRE	del	O
computer	NOUN	computer	O
assistent	VER:fin	<unknown>	O
language	NOUN	<unknown>	O
learning	ADJ	<unknown>	O
			
#Text=sì			
sì	ADV	sì	O
			
#Text=eh mh			
eh	NOCAT	eh	O
mh	VER:fin	<unknown>	O
			
#Text=allora innanzitutto bisogna dire che			
allora	ADV	allora	O
innanzitutto	ADV	innanzitutto	O
bisogna	VER:fin	bisognare	O
dire	VER:infi	dire	O
che	CHE	che	O
			
#Text=eh mh			
eh	NOCAT	eh	O
mh	VER:fin	<unknown>	O
			
#Text=all' interno della glottodidattica			
all'	ARTPRE	all'	B
interno	NOUN	interno	I
della	ARTPRE	della	I
glottodidattica	ADJ	<unknown>	O
			
#Text=eh			
eh	NOCAT	eh	O
			
#Text=l' intervento o meglio l' interazione con le tecnologie è diventato inevitabile			
l'	ART	l'	O
intervento	NOUN	intervento	O
o	CON	o	O
meglio	ADV	meglio	O
l'	ART	l'	O
interazione	NOUN	interazione	O
con	PRE	con	O
le	ART	la	O
tecnologie	NOUN	tecnologia	O
è	AUX:fin	essere	O
diventato	VER:ppast	diventare	O
inevitabile	ADJ	inevitabile	O
			
#Text=soprattutto negli ultimi eh			
soprattutto	ADV	soprattutto	O
negli	ARTPRE	nel	O
ultimi	ADJ	ultimo	O
eh	NOCAT	eh	O
			
#Text=venti trent' anni in cui i computer si sono diffusi non solo			
venti	DET:num	venti	O
trent'	ADJ	<unknown>	O
anni	NOUN	anno	O
in	PRE	in	O
cui	WH	cui	O
i	ART	il	O
computer	NOUN	computer	O
si	CLI	si	O
sono	AUX:fin	essere	O
diffusi	VER:ppast	diffondere	O
non	NEG	non	O
solo	ADV	solo	O
			
#Text=nelle case di ognuno			
nelle	ARTPRE	nella	O
case	NOUN	casa	O
di	PRE	di	O
ognuno	PRO:indef	ognuno	O
			
#Text=ma anche proprio all' interno			
ma	CON	ma	O
anche	ADV	anche	O
proprio	ADV	proprio	O
all'	ARTPRE	all'	O
interno	NOUN	interno	O
			
#Text=dell' ambiente scolastico o comunque universitario			
dell'	ARTPRE	dell'	O
ambiente	NOUN	ambiente	O
scolastico	ADJ	scolastico	O
o	CON	o	O
comunque	WH	comunque	O
universitario	ADJ	universitario	O
			
#Text=è diventato uno strumento fondamentale sia per l' allievo che per il docente			
è	AUX:fin	essere	O
diventato	VER:ppast	diventare	O
uno	ART	un	O
strumento	NOUN	strumento	O
fondamentale	ADJ	fondamentale	O
sia	CON	sia	O
per	PRE	per	O
l'	ART	l'	O
allievo	NOUN	allievo	O
che	CHE	che	O
per	PRE	per	O
il	ART	il	O
docente	NOUN	docente	O
			
#Text=per interagire			
per	PRE	per	O
interagire	VER:infi	interagire	O
			
#Text=ma anche per mh permettere una mh			
ma	CON	ma	O
anche	ADV	anche	O
per	PRE	per	O
mh	VER:fin	<unknown>	O
permettere	VER:infi	permettere	O
una	ART	una	O
mh	ADJ	<unknown>	O
			
#Text=moltiplicazione dei mezzi e degli strumenti con cui favorire l' apprendimento			
moltiplicazione	NOUN	moltiplicazione	O
dei	ARTPRE	del	O
mezzi	NOUN	mezzo	O
e	CON	e	O
degli	ARTPRE	del	O
strumenti	NOUN	strumento	O
con	PRE	con	O
cui	WH	cui	O
favorire	VER:infi	favorire	O
l'	ART	l'	O
apprendimento	NOUN	apprendimento	O
			
#Text=è una diversificazione proprio delle metolo delle metodologie			
è	VER:fin	essere	O
una	ART	una	O
diversificazione	NOUN	diversificazione	O
proprio	ADJ	proprio	O
delle	ARTPRE	della	O
metolo	NOUN	<unknown>	O
delle	ARTPRE	della	O
metodologie	NOUN	metodologia	O
			
#Text=eh mh			
eh	NOCAT	eh	O
mh	VER:fin	<unknown>	O
			
#Text=che si pos			
che	CHE	che	O
si	CLI	si	O
pos	VER:fin	<unknown>	O
			
#Text=che il docente può offrire può utilizzare			
che	CHE	che	O
il	ART	il	O
docente	NOUN	docente	O
può	VER2:fin	potere	O
offrire	VER:infi	offrire	O
può	VER2:fin	potere	O
utilizzare	VER:infi	utilizzare	O
			
#Text=eh mh			
eh	NOCAT	eh	O
mh	VER:fin	<unknown>	O
			
#Text=per favorire l' apprendimento in questo caso il computer			
per	PRE	per	O
favorire	VER:infi	favorire	O
l'	ART	l'	O
apprendimento	NOUN	apprendimento	O
in	PRE	in	O
questo	DET:demo	questo	O
caso	NOUN	caso	O
il	ART	il	O
computer	NOUN	computer	O
			
#Text=eh mh			
eh	NOCAT	eh	O
mh	VER:fin	<unknown>	O
			
#Text=che per noi oggi sembra			
che	CHE	che	O
per	PRE	per	O
noi	PRO:pers	noi	O
oggi	ADV	oggi	O
sembra	VER:fin	sembrare	O
			
#Text=mh			
mh	ADJ	<unknown>	O
			
#Text=banale			
banale	NOUN	banale	O
			
#Text=all' inizio era mh aveva provocato un po' di diffidenza			
all'	ARTPRE	all'	O
inizio	NOUN	inizio	O
era	VER:fin	essere	O
mh	ADJ	<unknown>	O
aveva	AUX:fin	avere	O
provocato	VER:ppast	provocare	O
un	ART	un	O
po'	PRO:indef	po'	O
di	PRE	di	O
diffidenza	NOUN	diffidenza	O
			
#Text=soprattutto nel contesto italiano			
soprattutto	ADV	soprattutto	O
nel	ARTPRE	nel	O
contesto	NOUN	contesto	O
italiano	ADJ	italiano	O
			
#Text=in cui mh si cerca di incentrare diciamo l' argomento su più monolinguismo			
in	PRE	in	O
cui	WH	cui	O
mh	VER:fin	<unknown>	O
si	CLI	si	O
cerca	VER:fin	cercare	O
di	PRE	di	O
incentrare	VER:infi	incentrare	O
diciamo	VER:fin	dire	O
l'	ART	l'	O
argomento	NOUN	argomento	O
su	PRE	su	O
più	ADV	più	O
monolinguismo	NOUN	<unknown>	O
			
#Text=che			
che	CHE	che	O
			
#Text=mh			
mh	VER:fin	<unknown>	O
			
#Text=favorire			
favorire	VER:infi	favorire	O
			
#Text=un plurilinguismo autonomo di ogni cittadino			
un	ART	un	O
plurilinguismo	NOUN	plurilinguismo	O
autonomo	ADJ	autonomo	O
di	PRE	di	O
ogni	DET:indef	ogni	O
cittadino	NOUN	cittadino	O
			
#Text=eh mh			
eh	NOCAT	eh	O
mh	VER:fin	<unknown>	O
			
#Text=eh mh proviamo a rimanere di più sui testi più mh allora ti ho la mia domanda era il call			
eh	NOCAT	eh	O
mh	VER:fin	<unknown>	O
proviamo	VER:fin	provare	O
a	PRE	a	O
rimanere	VER:infi	rimanere	O
di	PRE	di	O
più	ADV	più	O
sui	ARTPRE	sul	O
testi	NOUN	teste|testo	O
più	ADV	più	O
mh	VER:fin	<unknown>	O
allora	ADV	allora	O
ti	CLI	ti	O
ho	VER:fin	avere	O
la	ART	la	O
mia	DET:poss	mio	O
domanda	NOUN	domanda	O
era	VER:fin	essere	O
il	ART	il	O
call	NOUN	call	O
			
#Text=mh mh mh			
mh	VER:fin	<unknown>	O
mh	ADJ	<unknown>	O
mh	VER:fin	<unknown>	O
			
#Text=computer assistent language learning			
computer	NOUN	computer	O
assistent	VER:fin	<unknown>	O
language	NOUN	<unknown>	O
learning	ADJ	<unknown>	O
			
#Text=eh			
eh	NOCAT	eh	O
			
#Text=trasformazioni			
trasformazioni	NOUN	trasformazione	O
			
#Text=eh mh			
eh	NOCAT	eh	O
mh	VER:fin	<unknown>	O
			
#Text=diversi periodi			
diversi	ADJ	diverso	O
periodi	NOUN	periodo	O
			
#Text=storici cioè come si è traformato ed evoluto			
storici	ADJ	storico	O
cioè	ADV	cioè	O
come	WH	come	O
si	CLI	si	O
è	AUX:fin	essere	O
traformato	VER:ppast	<unknown>	O
ed	CON	ed	O
evoluto	ADJ	evoluto	O
			
#Text=il call quindi l' uso delle tecnologie			
il	ART	il	O
call	NOUN	call	O
quindi	ADV	quindi	O
l'	ART	l'	O
uso	NOUN	uso	O
delle	ARTPRE	della	O
tecnologie	NOUN	tecnologia	O
			
#Text=nella didattica delle delle lingue			
nella	ARTPRE	nella	O
didattica	NOUN	didattica	O
delle	ARTPRE	della	O
delle	ARTPRE	della	O
lingue	NOUN	lingua	O
			
#Text=ah eh allora quindi inizialmente mh			
ah	NOCAT	ah	O
eh	NOCAT	eh	O
allora	ADV	allora	O
quindi	ADV	quindi	O
inizialmente	ADV:mente	inizialmente	O
mh	VER:fin	<unknown>	O
			
#Text=ini mh			
ini	ADJ	<unknown>	O
mh	VER:fin	<unknown>	O
			
#Text=inizialmente			
inizialmente	ADV:mente	inizialmente	O
			
#Text=mh			
mh	VER:fin	<unknown>	O
			
#Text=questa diffidenza di cui parlavo prima provoca			
questa	DET:demo	questo	O
diffidenza	NOUN	diffidenza	O
di	PRE	di	O
cui	WH	cui	O
parlavo	VER:fin	parlare	O
prima	ADV	prima	O
provoca	VER:fin	provocare	O
			
#Text=un distacco e quindi			
un	ART	un	O
distacco	NOUN	distacco	O
e	CON	e	O
quindi	ADV	quindi	O
			
#Text=ci si limita			
ci	CLI	ci	O
si	CLI	si	O
limita	VER:fin	limitare	O
			
#Text=tra virgolette			
tra	PRE	tra	B
virgolette	NOUN	virgoletta	I
			
#Text=a un eh a un utilizzo del computer			
a	PRE	a	O
un	ART	un	O
eh	NOCAT	eh	O
a	PRE	a	O
un	ART	un	O
utilizzo	NOUN	utilizzo	O
del	ARTPRE	del	O
computer	NOUN	computer	O
			
#Text=mh in misura molto minore a insomma a come viene utilizzato anche adesso			
mh	VER:fin	<unknown>	O
in	PRE	in	B
misura	NOUN	misura	I
molto	ADV	molto	O
minore	ADJ	minore	I
a	PRE	a	O
insomma	ADV	insomma	O
a	PRE	a	O
come	WH	come	O
viene	AUX:fin	venire	O
utilizzato	VER:ppast	utilizzare	O
anche	ADV	anche	O
adesso	ADV	adesso	O
			
#Text=perché			
perché	WH	perché	O
			
#Text=a l giorno d' oggi e quindi soprattutto negli ultimi			
al	ARTPRE	al	B
giorno	NOUN	giorno	I
d'	PRE	da|di	I
oggi	ADV	oggi	I
e	CON	e	O
quindi	ADV	quindi	O
soprattutto	ADV	soprattutto	O
negli	ARTPRE	nel	O
ultimi	ADJ	ultimo	O
			
#Text=anni			
anni	NOUN	anno	O
			
#Text=essendo una la glottodidattica			
essendo	VER:geru	essere	O
una	ART	una	O
la	ART	la	O
glottodidattica	ADJ	<unknown>	O
			
#Text=molto recente			
molto	ADV	molto	O
recente	ADJ	recente	O
			
#Text=si parla proprio di un lasso temporale			
si	CLI	si	O
parla	VER:fin	parlare	O
proprio	ADV	proprio	O
di	PRE	di	O
un	ART	un	O
lasso	ADJ	lasso	O
temporale	NOUN	temporale	O
			
#Text=molto recente anche per noi ed è quindi quello in cui stiamo vivendo			
molto	ADV	molto	O
recente	ADJ	recente	O
anche	ADV	anche	O
per	PRE	per	O
noi	PRO:pers	noi	O
ed	CON	ed	O
è	VER:fin	essere	O
quindi	ADV	quindi	O
quello	PRO:demo	quello	O
in	PRE	in	O
cui	WH	cui	O
stiamo	VER:fin	stare	O
vivendo	VER:geru	vivere	O
			
#Text=cioè molto recente in che senso			
cioè	ADV	cioè	O
molto	ADV	molto	O
recente	ADJ	recente	O
in	PRE	in	O
che	CHE	che	O
senso	NOUN	senso	O
			
#Text=mh che è una che è una disciplina che si è			
mh	VER:fin	<unknown>	O
che	CHE	che	O
è	VER:fin	essere	O
una	ART	una	O
che	CHE	che	O
è	VER:fin	essere	O
una	ART	una	O
disciplina	NOUN	disciplina	O
che	CHE	che	O
si	CLI	si	O
è	AUX:fin	essere	O
			
#Text=sviluppata dalla metà del eh del del novecento			
sviluppata	VER:ppast	sviluppare	O
dalla	ARTPRE	dalla	O
metà	NOUN	metà	O
del	ARTPRE	del	O
eh	NOCAT	eh	O
del	ARTPRE	del	O
novecento	DET:num	novecento	O
			
#Text=mh			
mh	ADJ	<unknown>	O
			
#Text=e quindi è una vicinanza temporale a noi molto prossima			
e	CON	e	O
quindi	ADV	quindi	O
è	VER:fin	essere	O
una	ART	una	O
vicinanza	NOUN	vicinanza	O
temporale	ADJ	temporale	O
a	PRE	a	O
noi	PRO:pers	noi	O
molto	ADV	molto	O
prossima	ADJ	prossimo	O
			
#Text=e quindi mh abbiamo proprio vissuto questo sviluppo			
e	CON	e	O
quindi	ADV	quindi	O
mh	VER:fin	<unknown>	O
abbiamo	AUX:fin	avere	O
proprio	ADV	proprio	O
vissuto	VER:ppast	vivere	O
questo	DET:demo	questo	O
sviluppo	NOUN	sviluppo	O
			
#Text=e questo eh e questa diffusione			
e	CON	e	O
questo	PRO:demo	questo	O
eh	NOCAT	eh	O
e	CON	e	O
questa	DET:demo	questo	O
diffusione	NOUN	diffusione	O
			
#Text=in questo caso del computer			
in	PRE	in	O
questo	DET:demo	questo	O
caso	NOUN	caso	O
del	ARTPRE	del	O
computer	NOUN	computer	O
			
#Text=mh mh			
mh	VER:fin	<unknown>	O
mh	ADJ	<unknown>	O
			
#Text=e che quindi ha favorito da una parte			
e	CON	e	O
che	CHE	che	O
quindi	ADV	quindi	O
ha	AUX:fin	avere	O
favorito	VER:ppast	favorire	O
da	PRE	da	B
una	ART	una	I
parte	NOUN	parte	I
			
#Text=mh la la diversificazione degli strumenti e dall' altra			
mh	VER:fin	<unknown>	O
la	ART	la	O
la	ART	la	O
diversificazione	NOUN	diversificazione	O
degli	ARTPRE	del	O
strumenti	NOUN	strumento	O
e	CON	e	O
dall'	ARTPRE	dall'	O
altra	PRO:indef	altra	O
			
#Text=invece			
invece	ADV	invece	O
			
#Text=eh mh			
eh	NOCAT	eh	O
mh	VER:fin	<unknown>	O
			
#Text=ed eh mh			
ed	CON	ed	O
eh	NOCAT	eh	O
mh	VER:fin	<unknown>	O
			
#Text=è diventato proprio un uno strumento esso stesso facente parte della della glottodidattica			
è	AUX:fin	essere	O
diventato	VER:ppast	diventare	O
proprio	ADV	proprio	O
un	ART	un	O
uno	PRO:indef	uno	O
strumento	NOUN	strumento	O
esso	PRO:pers	esso	B
stesso	ADJ	stesso	I
facente	VER2:ppre	fare	B
parte	NOUN	parte	I
della	ARTPRE	della	O
della	ARTPRE	della	O
glottodidattica	ADJ	<unknown>	O
			
#Text=perché se prima le tecnologie venivano viste con appunto quella diffidenza			
perché	WH	perché	O
se	CON	se	O
prima	ADV	prima	O
le	ART	la	O
tecnologie	NOUN	tecnologia	O
venivano	VER:fin	venire	O
viste	NOUN	vista	O
con	PRE	con	O
appunto	ADV	appunto	O
quella	DET:demo	quello	O
diffidenza	NOUN	diffidenza	O
			
#Text=adesso			
adesso	ADV	adesso	O
			
#Text=mh			
mh	ADJ	<unknown>	O
			
#Text=è proprio uno degli strumenti che vengono utilizzati per			
è	VER:fin	essere	O
proprio	ADV	proprio	O
uno	PRO:indef	uno	O
degli	ARTPRE	del	O
strumenti	NOUN	strumento	O
che	CHE	che	O
vengono	AUX:fin	venire	O
utilizzati	VER:ppast	utilizzare	O
per	PRE	per	O
			
#Text=mh eh però			
mh	VER:infi:cli	<unknown>	O
eh	NOCAT	eh	O
però	ADV	però	O
			
#Text=ritorno alla domanda			
ritorno	NOUN	ritorno	O
alla	ARTPRE	alla	O
domanda	NOUN	domanda	O
			
#Text=quindi			
quindi	ADV	quindi	O
			
#Text=d' accordo tu mi stai parlando del eh come dire dell' impatto sociale che le tecnologie hanno avuto sull' insegnamento linguistico			
d'	PRE	da|di	B
accordo	NOUN	accordo	I
tu	PRO:pers	tu	O
mi	CLI	mi	O
stai	VER:fin	stare	O
parlando	VER:geru	parlare	O
del	ARTPRE	del	O
eh	NOCAT	eh	O
come	WH	come	O
dire	VER:infi	dire	O
dell'	ARTPRE	dell'	O
impatto	NOUN	impatto	O
sociale	ADJ	sociale	O
che	CHE	che	O
le	ART	la	O
tecnologie	NOUN	tecnologia	O
hanno	AUX:fin	avere	O
avuto	VER:ppast	avere	O
sull'	ARTPRE	sull'	O
insegnamento	NOUN	insegnamento	O
linguistico	ADJ	linguistico	O
			
#Text=sì			
sì	ADV	sì	O
			
#Text=io però ti sto chiedendo concretamente			
io	PRO:pers	io	O
però	ADV	però	O
ti	CLI	ti	O
sto	VER:fin	stare	O
chiedendo	VER:geru	chiedere	O
concretamente	ADV:mente	concretamente	O
			
#Text=come			
come	WH	come	O
			
#Text=si sono trasformate queste tecnologie			
si	CLI	si	O
sono	AUX:fin	essere	O
trasformate	VER:ppast	trasformare	O
queste	DET:demo	questo	O
tecnologie	NOUN	tecnologia	O
			
#Text=come si è trasformata la didattica			
come	WH	come	O
si	CLI	si	O
è	AUX:fin	essere	O
trasformata	VER:ppast	trasformare	O
la	ART	la	O
didattica	NOUN	didattica	O
			
#Text=delle lingue			
delle	ARTPRE	della	O
lingue	NOUN	lingua	O
			
#Text=con le tecnologie			
con	PRE	con	O
le	ART	la	O
tecnologie	NOUN	tecnologia	O
			
#Text=cioè parliamo di periodi diversi no il primo periodo negli anni ottanta novanta			
cioè	ADV	cioè	O
parliamo	VER:fin	parlare	O
di	PRE	di	O
periodi	NOUN	periodo	O
diversi	ADJ	diverso	O
no	ADV	no	O
il	ART	il	O
primo	ADJ	primo	O
periodo	NOUN	periodo	O
negli	ARTPRE	nel	O
anni	NOUN	anno	O
ottanta	DET:num	ottanta	O
novanta	DET:num	novanta	O
			
#Text=periodo degli anni duemila			
periodo	NOUN	periodo	O
degli	ARTPRE	del	O
anni	NOUN	anno	O
duemila	DET:num	duemila	O
			
#Text=inizio del duemila eccetera e il periodo attuale			
inizio	NOUN	inizio	O
del	ARTPRE	del	O
duemila	DET:num	duemila	O
eccetera	ADV	eccetera	O
e	CON	e	O
il	ART	il	O
periodo	NOUN	periodo	O
attuale	ADJ	attuale	O
			
#Text=che tecnologie venivano utilizzate quali erano le riflessioni glottodidattiche sull' uso delle tecnologie			
che	CHE	che	O
tecnologie	NOUN	tecnologia	O
venivano	AUX:fin	venire	O
utilizzate	VER:ppast	utilizzare	O
quali	WH	quali	O
erano	VER:fin	essere	O
le	ART	la	O
riflessioni	NOUN	riflessione	O
glottodidattiche	ADJ	<unknown>	O
sull'	ARTPRE	sull'	O
uso	NOUN	uso	O
delle	ARTPRE	della	O
tecnologie	NOUN	tecnologia	O
			
#Text=nella didattica della della lingua			
nella	ARTPRE	nella	O
didattica	NOUN	didattica	O
della	ARTPRE	della	O
lingua	NOUN	lingua	O
			
#Text=legate			
legate	ADJ	legato	O
			
#Text=anche proprio al			
anche	ADV	anche	O
proprio	ADV	proprio	O
al	ARTPRE	al	O
			
#Text=ai diversi tipi di strumenti che venivano appunto proposti			
ai	ARTPRE	al	O
diversi	ADJ	diverso	O
tipi	NOUN	tipo	O
di	PRE	di	O
strumenti	NOUN	strumento	O
che	CHE	che	O
venivano	AUX:fin	venire	O
appunto	ADV	appunto	O
proposti	VER:ppast	proporre	O
			
#Text=e anche all' evoluzione delle metodologie glottodidattiche			
e	CON	e	O
anche	ADV	anche	O
all'	ARTPRE	all'	O
evoluzione	NOUN	evoluzione	O
delle	ARTPRE	della	O
metodologie	NOUN	metodologia	O
glottodidattiche	ADJ	<unknown>	O
			
#Text=quindi dagli approcci grammaticali traduttivi agli approcci			
quindi	ADV	quindi	O
dagli	ARTPRE	dal	O
approcci	NOUN	approccio	O
grammaticali	ADJ	grammaticale	O
traduttivi	VER:fin	<unknown>	O
agli	ARTPRE	al	O
approcci	NOUN	approccio	O
			
#Text=eh comunicativi attuali azionali eccetera attuali			
eh	NOCAT	eh	O
comunicativi	ADJ	comunicativo	O
attuali	ADJ	attuale	O
azionali	NOUN	<unknown>	O
eccetera	ADV	eccetera	O
attuali	ADJ	attuale	O
			
#Text=okay allora eh mh			
okay	ADV	okay	O
allora	ADV	allora	O
eh	NOCAT	eh	O
mh	VER:fin	<unknown>	O
			
#Text=negli anni ottanta e novanta			
negli	ARTPRE	nel	O
anni	NOUN	anno	O
ottanta	DET:num	ottanta	O
e	CON	e	O
novanta	DET:num	novanta	O
			
#Text=eh mh			
eh	NOCAT	eh	O
mh	VER:fin	<unknown>	O
			
#Text=premesso che negli anni ottanta in italia probabilmente nessuno aveva il computer quindi si parla degli stati uniti eccetera			
premesso	ADJ	premesso	O
che	CHE	che	O
negli	ARTPRE	nel	O
anni	NOUN	anno	O
ottanta	NOUN	ottanta	O
in	PRE	in	O
italia	NOUN	<unknown>	O
probabilmente	ADV:mente	probabilmente	O
nessuno	PRO:indef	nessuno	O
aveva	VER:fin	avere	O
il	ART	il	O
computer	NOUN	computer	O
quindi	ADV	quindi	O
si	CLI	si	O
parla	VER:fin	parlare	O
degli	ARTPRE	del	O
stati	NOUN	stato	O
uniti	VER:ppast	unire	O
eccetera	ADV	eccetera	O
			
#Text=esatto			
esatto	ADJ	esatto	O
			
#Text=okay			
okay	ADV	okay	O
			
#Text=eh mh			
eh	NOCAT	eh	O
mh	VER:fin	<unknown>	O
			
#Text=al computer vengono vengono affiancati strumenti come la registrazione audio la registrazione video			
al	ARTPRE	al	O
computer	NOUN	computer	O
vengono	AUX:fin	venire	O
vengono	AUX:fin	venire	O
affiancati	VER:ppast	affiancare	O
strumenti	NOUN	strumento	O
come	WH	come	O
la	ART	la	O
registrazione	NOUN	registrazione	O
audio	ADJ	<unknown>	O
la	ART	la	O
registrazione	NOUN	registrazione	O
video	NOUN	video	O
			
#Text=eh mh			
eh	NOCAT	eh	O
mh	VER:fin	<unknown>	O
			
#Text=e si favorisce			
e	CON	e	O
si	CLI	si	O
favorisce	VER:fin	favorire	O
			
#Text=appunto			
appunto	ADV	appunto	O
			
#Text=una una un tipo di didattica			
una	ART	una	O
una	PRO:indef	una	O
un	ART	un	O
tipo	NOUN	tipo	O
di	PRE	di	O
didattica	NOUN	didattica	O
			
#Text=che non sia incentrato solo sullo strumento tecnologico ma piuttosto sulla			
che	CHE	che	O
non	NEG	non	O
sia	AUX:fin	essere	O
incentrato	VER:ppast	incentrare	O
solo	ADV	solo	O
sullo	ARTPRE	sul	O
strumento	NOUN	strumento	O
tecnologico	ADJ	tecnologico	O
ma	CON	ma	O
piuttosto	ADV	piuttosto	O
sulla	ARTPRE	sulla	O
			
#Text=mh			
mh	NOUN	<unknown>	O
			
#Text=sulla mh			
sulla	ARTPRE	sulla	O
mh	NOUN	<unknown>	O
			
#Text=sulla			
sulla	ARTPRE	sulla	O
			
#Text=competenza			
competenza	NOUN	competenza	O
			
#Text=che si riesce a raggiugnere grazie alla grammatica alla traduzione integrando questa competenza			
che	CHE	che	O
si	CLI	si	O
riesce	VER:fin	riuscire	O
a	PRE	a	O
raggiugnere	VER:infi	<unknown>	O
grazie	ADV	grazie	O
alla	ARTPRE	alla	O
grammatica	NOUN	grammatica	O
alla	ARTPRE	alla	O
traduzione	NOUN	traduzione	O
integrando	VER:geru	integrare	O
questa	DET:demo	questo	O
competenza	NOUN	competenza	O
			
#Text=con ad esempio eh le proiezioni video alla televisione oppure le cassette di registrazione			
con	PRE	con	O
ad	PRE	ad	B
esempio	NOUN	esempio	I
eh	NOCAT	eh	O
le	ART	la	O
proiezioni	NOUN	proiezione	O
video	ADJ	video	O
alla	ARTPRE	alla	O
televisione	NOUN	televisione	O
oppure	CON	oppure	O
le	ART	la	O
cassette	NOUN	cassetta	O
di	PRE	di	O
registrazione	NOUN	registrazione	O
			
#Text=per poi passare mh a cavallo degli anni duemila			
per	PRE	per	O
poi	ADV	poi	O
passare	VER:infi	passare	O
mh	VER:fin	<unknown>	O
a	PRE	a	B
cavallo	NOUN	cavallo	I
degli	ARTPRE	del	I
anni	NOUN	anno	O
duemila	DET:num	duemila	O
			
#Text=invece ad una maggiore diffusione innanzitutto del computer			
invece	ADV	invece	O
ad	PRE	ad	O
una	ART	una	O
maggiore	ADJ	grande	O
diffusione	NOUN	diffusione	O
innanzitutto	ADV	innanzitutto	O
del	ARTPRE	del	O
computer	NOUN	computer	O
			
#Text=eh mh all' integrazione			
eh	NOCAT	eh	O
mh	VER:fin	<unknown>	O
all'	ARTPRE	all'	O
integrazione	NOUN	integrazione	O
			
#Text=dei mezzi quindi del eh sito web			
dei	ARTPRE	del	O
mezzi	NOUN	mezzo	O
quindi	ADV	quindi	O
del	ARTPRE	del	O
eh	NOCAT	eh	O
sito	ADJ	sito	B
web	NOUN	web	I
			
#Text=eh dei siti dove			
eh	NOCAT	eh	O
dei	ARTPRE	del	O
siti	NOUN	sito	O
dove	WH	dove	O
			
#Text=fino a raggiungere i giorni nostri			
fino	PRE	fino	O
a	PRE	a	O
raggiungere	VER:infi	raggiungere	O
i	ART	il	B
giorni	NOUN	giorno	I
nostri	DET:poss	nostro	I
			
#Text=dove appunto si possono mh			
dove	WH	dove	O
appunto	ADV	appunto	O
si	CLI	si	O
possono	VER2:fin	potere	O
mh	VER:infi:cli	<unknown>	O
			
#Text=crea si creano proprio dei siti			
crea	VER:fin	creare	O
si	CLI	si	O
creano	VER:fin	creare	O
proprio	ADV	proprio	O
dei	ARTPRE	del	O
siti	NOUN	sito	O
			
#Text=in cui si possono			
in	PRE	in	O
cui	WH	cui	O
si	CLI	si	O
possono	VER2:fin	potere	O
			
#Text=fare questi esercizi			
fare	VER:infi	fare	O
questi	DET:demo	questo	O
esercizi	NOUN	esercizio	O
			
#Text=che prima magari erano sottoposti			
che	CHE	che	O
prima	ADV	prima	O
magari	ADV	magari	O
erano	AUX:fin	essere	O
sottoposti	VER:ppast	sottoporre	O
			
#Text=mh in modo cartaceo			
mh	VER:fin	<unknown>	O
in	PRE	in	O
modo	NOUN	modo	O
cartaceo	ADJ	cartaceo	O
			
#Text=ma dal punto di vista del processo didattico			
ma	CON	ma	O
dal	ARTPRE	dal	O
punto	NOUN	punto	B
di	PRE	di	I
vista	NOUN	vista	I
del	ARTPRE	del	O
processo	NOUN	processo	O
didattico	ADJ	didattico	O
			
#Text=quindi appunto negli anni			
quindi	ADV	quindi	O
appunto	ADV	appunto	O
negli	ARTPRE	nel	O
anni	NOUN	anno	O
			
#Text=eh mh ottanta novanta così che tipo di attività venivano proposte			
eh	NOCAT	eh	O
mh	VER:fin	<unknown>	O
ottanta	DET:num	ottanta	O
novanta	NOUN	novanta	O
così	ADV	così	O
che	CHE	che	O
tipo	NOUN	tipo	O
di	PRE	di	O
attività	NOUN	attività	O
venivano	AUX:fin	venire	O
proposte	VER:ppast	proporre	O
			
#Text=con le tecnologie qual era il vantaggio delle tecnologie			
con	PRE	con	O
le	ART	la	O
tecnologie	NOUN	tecnologia	O
qual	ADJ	qual	O
era	VER:fin	essere	O
il	ART	il	O
vantaggio	NOUN	vantaggio	O
delle	ARTPRE	della	O
tecnologie	NOUN	tecnologia	O
			
#Text=e quali s qual è invece lo stato dell' arte oggi			
e	CON	e	O
quali	WH	quali	O
s	VER:fin	<unknown>	O
qual	ADJ	qual	O
è	VER:fin	essere	O
invece	ADV	invece	O
lo	ART	il	O
stato	NOUN	stato	B
dell'	ARTPRE	dell'	I
arte	NOUN	arte	I
oggi	ADV	oggi	O
			
#Text=mh beh perquanto riguarda le mh le registrazioni soprattutto audio e video			
mh	VER:fin	<unknown>	O
beh	NOCAT	beh	O
perquanto	VER:fin	<unknown>	O
riguarda	VER:fin	riguardare	O
le	ART	la	O
mh	VER:fin	<unknown>	O
le	ART	la	O
registrazioni	NOUN	registrazione	O
soprattutto	ADV	soprattutto	O
audio	ADJ	<unknown>	O
e	CON	e	O
video	NOUN	video	O
			
#Text=probabilmente favoriva eh una mh			
probabilmente	ADV:mente	probabilmente	O
favoriva	VER:fin	favorire	O
eh	NOCAT	eh	O
una	ART	una	O
mh	VER:fin	<unknown>	O
			
#Text=una mh un ascolto proprio della lingua			
una	ART	una	O
mh	VER:fin	<unknown>	O
un	ART	un	O
ascolto	NOUN	ascolto	O
proprio	ADJ	proprio	O
della	ARTPRE	della	O
lingua	NOUN	lingua	O
			
#Text=mh			
mh	VER:fin	<unknown>	O
			
#Text=perché			
perché	WH	perché	O
			
#Text=mh limitandosi alla grammatica e alla traduzione comunque			
mh	VER:fin	<unknown>	O
limitandosi	VER:geru:cli	limitare	O
alla	ARTPRE	alla	O
grammatica	ADJ	grammatico	O
e	CON	e	O
alla	ARTPRE	alla	O
traduzione	NOUN	traduzione	O
comunque	WH	comunque	O
			
#Text=ai testi cartacei			
ai	ARTPRE	al	O
testi	NOUN	teste|testo	O
cartacei	ADJ	cartaceo	O
			
#Text=il discente non ascoltava realmente la lingua			
il	ART	il	O
discente	ADJ	discente	O
non	NEG	non	O
ascoltava	VER:fin	ascoltare	O
realmente	ADV:mente	realmente	O
la	ART	la	O
lingua	NOUN	lingua	O
			
#Text=mh			
mh	VER:fin	<unknown>	O
			
#Text=se non tramite mh			
se	CON	se	O
non	NEG	non	O
tramite	PRE	tramite	O
mh	VER:infi	<unknown>	O
			
#Text=il lavoro del docente			
il	ART	il	O
lavoro	NOUN	lavoro	O
del	ARTPRE	del	O
docente	NOUN	docente	O
			
#Text=mh mh			
mh	ADJ	<unknown>	O
mh	VER:fin	<unknown>	O
			
#Text=e quindi			
e	CON	e	O
quindi	ADV	quindi	O
			
#Text=registrazioni			
registrazioni	NOUN	registrazione	O
			
#Text=eh film eh			
eh	NOCAT	eh	O
film	NOUN	film	O
eh	NOCAT	eh	O
			
#Text=e esercizi di comprensione orale			
e	CON	e	O
esercizi	NOUN	esercizio	O
di	PRE	di	O
comprensione	NOUN	comprensione	O
orale	ADJ	orale	O
			
#Text=sì questo un po' prescindono il film dal computer eh cioè questo è l' utilizzo del video			
sì	ADV	sì	O
questo	PRO:demo	questo	O
un	ART	un	O
po'	PRO:indef	po'	O
prescindono	VER:fin	prescindere	O
il	ART	il	O
film	NOUN	film	O
dal	ARTPRE	dal	O
computer	NOUN	computer	O
eh	NOCAT	eh	O
cioè	ADV	cioè	O
questo	PRO:demo	questo	O
è	VER:fin	essere	O
l'	ART	l'	O
utilizzo	NOUN	utilizzo	O
del	ARTPRE	del	O
video	NOUN	video	O
			
#Text=sì sì sì			
sì	ADV	sì	O
sì	ADV	sì	O
sì	ADV	sì	O
			
#Text=esatto sì della			
esatto	ADJ	esatto	O
sì	ADV	sì	O
della	ARTPRE	della	O
			
#Text=utilizzo del video eh			
utilizzo	NOUN	utilizzo	O
del	ARTPRE	del	O
video	NOUN	video	O
eh	NOCAT	eh	O
			
#Text=de eh o anche degli ascolti orali esercizi proprio di ascolto orale			
de	PRE	de	O
eh	NOCAT	eh	O
o	CON	o	O
anche	ADV	anche	O
degli	ARTPRE	del	O
ascolti	NOUN	ascolto	O
orali	ADJ	orale	O
esercizi	NOUN	esercizio	O
proprio	ADV	proprio	O
di	PRE	di	O
ascolto	NOUN	ascolto	O
orale	ADJ	orale	O
			
#Text=sì però allora quando si parla di call eh			
sì	ADV	sì	O
però	ADV	però	O
allora	ADV	allora	O
quando	WH	quando	O
si	CLI	si	O
parla	VER:fin	parlare	O
di	PRE	di	O
call	NOUN	call	O
eh	NOCAT	eh	O
			
#Text=si parla di un primo periodo			
si	CLI	si	O
parla	VER:fin	parlare	O
di	PRE	di	O
un	ART	un	O
primo	ADJ	primo	O
periodo	NOUN	periodo	O
			
#Text=che era il periodo più strutturalista dove venivano proposte batterie di esercizi			
che	CHE	che	O
era	VER:fin	essere	O
il	ART	il	O
periodo	NOUN	periodo	O
più	ADV	più	O
strutturalista	ADJ	<unknown>	O
dove	WH	dove	O
venivano	AUX:fin	venire	O
proposte	VER:ppast	proporre	O
batterie	NOUN	batteria	O
di	PRE	di	O
esercizi	NOUN	esercizio	O
			
#Text=a risposta mh automatizzata quindi c' era tutto questo vantaggio della			
a	PRE	a	O
risposta	NOUN	risposta	O
mh	VER:fin	<unknown>	O
automatizzata	VER:ppast	automatizzare	O
quindi	ADV	quindi	O
c'	CLI	c'	O
era	VER:fin	essere	O
tutto	DET:indef	tutto	O
questo	DET:demo	questo	O
vantaggio	NOUN	vantaggio	O
della	ARTPRE	della	O
			
#Text=come dire della mh			
come	WH	come	O
dire	VER:infi	dire	O
della	ARTPRE	della	O
mh	NOUN	<unknown>	O
			
#Text=della correzione automatica			
della	ARTPRE	della	O
correzione	NOUN	correzione	O
automatica	ADJ	automatico	O
			
#Text=d' accordo e			
d'	PRE	da|di	B
accordo	NOUN	accordo	I
e	CON	e	O
			
#Text=con tutti gli svantaggi legati alla proposta d batteri di batterie di esercizi strutturali			
con	PRE	con	O
tutti	DET:indef	tutto	O
gli	ART	il	O
svantaggi	NOUN	svantaggio	O
legati	ADJ	legato	O
alla	ARTPRE	alla	O
proposta	NOUN	proposta	O
d	VER:fin	<unknown>	O
batteri	NOUN	batterio	O
di	PRE	di	O
batterie	NOUN	batteria	O
di	PRE	di	O
esercizi	NOUN	esercizio	O
strutturali	ADJ	strutturale	O
			
#Text=mh			
mh	VER:fin	<unknown>	O
			
#Text=poi			
poi	ADV	poi	O
			
#Text=nel periodo di cui stai parlando tu			
nel	ARTPRE	nel	O
periodo	NOUN	periodo	O
di	PRE	di	O
cui	WH	cui	O
stai	VER:fin	stare	O
parlando	VER:geru	parlare	O
tu	PRO:pers	tu	O
			
#Text=che era il secondo periodo quello del call di tipo comunicativo			
che	CHE	che	O
era	VER:fin	essere	O
il	ART	il	O
secondo	ADJ	secondo	O
periodo	NOUN	periodo	O
quello	PRO:demo	quello	O
del	ARTPRE	del	O
call	NOUN	call	O
di	PRE	di	O
tipo	NOUN	tipo	O
comunicativo	ADJ	comunicativo	O
			
#Text=si si fa molta leva sulla multimedialità			
si	CLI	si	O
si	CLI	si	O
fa	VER:fin	fare	B
molta	DET:indef	molto	o
leva	NOUN	leva	I
sulla	ARTPRE	sulla	O
multimedialità	NOUN	multimedialità	O
			
#Text=quindi anche sull' autenticità dei materiali multimediali			
quindi	ADV	quindi	O
anche	ADV	anche	O
sull'	ARTPRE	sull'	O
autenticità	NOUN	autenticità	O
dei	ARTPRE	del	O
materiali	NOUN	materiale	O
multimediali	ADJ	multimediale	O
			
#Text=che si possono utilizzare attraverso i siti web			
che	CHE	che	O
si	CLI	si	O
possono	VER2:fin	potere	O
utilizzare	VER:infi	utilizzare	O
attraverso	PRE	attraverso	O
i	ART	il	O
siti	ADJ	sito	B
web	NOUN	web	I
			
#Text=fino ad arrivare al periodo attuale			
fino	PRE	fino	O
ad	PRE	ad	O
arrivare	VER:infi	arrivare	O
al	ARTPRE	al	O
periodo	NOUN	periodo	O
attuale	ADJ	attuale	O
			
#Text=che è il cosiddetto periodo del call integrato o integrativo			
che	CHE	che	O
è	VER:fin	essere	O
il	ART	il	O
cosiddetto	ADJ	cosiddetto	O
periodo	NOUN	periodo	O
del	ARTPRE	del	O
call	NOUN	call	O
integrato	ADJ	integrato	O
o	CON	o	O
integrativo	ADJ	integrativo	O
			
#Text=dove qual è il valore agiunto			
dove	WH	dove	O
qual	ADJ	qual	O
è	VER:fin	essere	O
il	ART	il	O
valore	NOUN	valore	B
agiunto	VER:ppast	<unknown>	I
			
#Text=mh			
mh	VER:fin	<unknown>	O
			
#Text=l' unione delle due			
l'	ART	l'	O
unione	NOUN	unione	O
delle	ARTPRE	della	O
due	DET:num	due	O
			
#Text=proprio integrazione totale sia delle prove s diciamo più scritte			
proprio	DET:poss	proprio	O
integrazione	NOUN	integrazione	O
totale	ADJ	totale	O
sia	CON	sia	O
delle	ARTPRE	della	O
prove	NOUN	prova	O
s	ADJ	<unknown>	O
diciamo	VER:fin	dire	O
più	ADV	più	O
scritte	ADJ	scritto	O
			
#Text=sia appunto dei vantaggi che possono portare			
sia	CON	sia	O
appunto	ADV	appunto	O
dei	ARTPRE	del	O
vantaggi	NOUN	vantaggio	O
che	CHE	che	O
possono	VER2:fin	potere	O
portare	VER:infi	portare	O
			
#Text=sì però la diciamo ci sono delle			
sì	ADV	sì	O
però	ADV	però	O
la	CLI	la	O
diciamo	VER:fin	dire	O
ci	CLI	ci	O
sono	VER:fin	essere	O
delle	ARTPRE	della	O
			
#Text=mh			
mh	NOUN	<unknown>	O
			
#Text=delle novità molto forti e molto importanti			
delle	ARTPRE	della	O
novità	NOUN	novità	O
molto	ADV	molto	O
forti	ADJ	forte	O
e	CON	e	O
molto	ADV	molto	O
importanti	ADJ	importante	O
			
#Text=nel negli ultimi dieci anni			
nel	ARTPRE	nel	O
negli	ARTPRE	nel	O
ultimi	ADJ	ultimo	O
dieci	DET:num	dieci	O
anni	NOUN	anno	O
			
#Text=che sono che poi riflettono molto anche le metodologie glottodidattiche recenti			
che	CHE	che	O
sono	VER:fin	essere	O
che	CHE	che	O
poi	ADV	poi	O
riflettono	VER:fin	riflettere	O
molto	ADV	molto	O
anche	ADV	anche	O
le	ART	la	O
metodologie	NOUN	metodologia	O
glottodidattiche	ADJ	<unknown>	O
recenti	ADJ	recente	O
			
#Text=mh			
mh	VER:fin	<unknown>	O
			
#Text=e tutta la dimensione cooperativa e collaborativa			
e	CON	e	O
tutta	DET:indef	tutto	O
la	ART	la	O
dimensione	NOUN	dimensione	O
cooperativa	ADJ	cooperativo	O
e	CON	e	O
collaborativa	ADJ	collaborativo	O
			
#Text=all' interno dei tra gli studenti			
all'	ARTPRE	all'	B
interno	NOUN	interno	I
dei	ARTPRE	del	I
tra	PRE	tra	O
gli	ART	il	O
studenti	NOUN	studente	O
			
#Text=quindi			
quindi	ADV	quindi	O
			
#Text=o tra gli studenti e i			
o	CON	o	O
tra	PRE	tra	O
gli	ART	il	O
studenti	NOUN	studente	O
e	CON	e	O
i	ART	il	O
			
#Text=cioè il fatto che le tecnologie			
cioè	ADV	cioè	O
il	ART	il	O
fatto	NOUN	fatto	O
che	CHE	che	O
le	ART	la	O
tecnologie	NOUN	tecnologia	O
			
#Text=attuali			
attuali	ADJ	attuale	O
			
#Text=quindi le metdo le metodologie con le tecnologie attuali			
quindi	ADV	quindi	O
le	CLI	le	O
metdo	VER:fin	<unknown>	O
le	ART	la	O
metodologie	NOUN	metodologia	O
con	PRE	con	O
le	ART	la	O
tecnologie	NOUN	tecnologia	O
attuali	ADJ	attuale	O
			
#Text=valorizzano			
valorizzano	VER:fin	valorizzare	O
			
#Text=lo scambio collaborativo e cooperativo			
lo	ART	il	O
scambio	NOUN	scambio	O
collaborativo	ADJ	collaborativo	O
e	CON	e	O
cooperativo	ADJ	cooperativo	O
			
#Text=quindi sono tutte le dimensioni di di per esempio la scrittura collaborativa attraverso i wiki			
quindi	ADV	quindi	O
sono	VER:fin	essere	O
tutte	DET:indef	tutto	O
le	ART	la	O
dimensioni	NOUN	dimensione	O
di	PRE	di	O
di	PRE	di	O
per	PRE	per	B
esempio	NOUN	esempio	I
la	ART	la	O
scrittura	NOUN	scrittura	O
collaborativa	ADJ	collaborativo	O
attraverso	PRE	attraverso	O
i	ART	il	O
wiki	NOUN	<unknown>	O
			
#Text=della del pear tutoring attraverso i forum			
della	ARTPRE	della	O
pear	VER:infi	<unknown>	O
tutoring	NOUN	<unknown>	O
attraverso	PRE	attraverso	O
i	ART	il	O
forum	NOUN	forum	O
			
#Text=e c' è la dimensione di cocostruzione			
e	CON	e	O
c'	CLI	c'	O
è	VER:fin	essere	O
la	ART	la	O
dimensione	NOUN	dimensione	O
di	PRE	di	O
cocostruzione	NOUN	<unknown>	O
			
#Text=che viene veicolata			
che	CHE	che	O
viene	AUX:fin	venire	O
veicolata	VER:ppast	veicolare	O
			
#Text=dalle mh			
dalle	ARTPRE	dalla	O
mh	ADJ	<unknown>	O
			
#Text=tecnologie più attuali			
tecnologie	NOUN	tecnologia	O
più	ADV	più	O
attuali	ADJ	attuale	O
			
#Text=che sono quelle appunto dello dello scambio a distanza			
che	CHE	che	O
sono	VER:fin	essere	O
quelle	PRO:demo	quelle	O
appunto	ADV	appunto	O
dello	ARTPRE	del	O
dello	ARTPRE	del	O
scambio	NOUN	scambio	O
a	PRE	a	O
distanza	NOUN	distanza	O
			
#Text=della			
della	ARTPRE	della	O
			
#Text=eh mh collaborazione nella redazione dei progetti			
eh	NOCAT	eh	O
mh	VER:fin	<unknown>	O
collaborazione	NOUN	collaborazione	O
nella	ARTPRE	nella	O
redazione	NOUN	redazione	O
dei	ARTPRE	del	O
progetti	NOUN	progetto	O
			
#Text=nella			
nella	ARTPRE	nella	O
			
#Text=ma eh ho una domanda			
ma	CON	ma	O
eh	NOCAT	eh	O
ho	VER:fin	avere	O
una	ART	una	O
domanda	NOUN	domanda	O
			
#Text=sì			
sì	ADV	sì	O
			
#Text=ma anche il project work quindi può essere considerato all' interno di questa ultima			
ma	CON	ma	O
anche	ADV	anche	O
il	ART	il	O
project	ADJ	<unknown>	O
work	NOUN	<unknown>	O
quindi	ADV	quindi	O
può	VER2:fin	potere	O
essere	AUX:infi	essere	O
considerato	VER:ppast	considerare	O
all'	ARTPRE	all'	B
interno	NOUN	interno	I
di	PRE	di	I
questa	DET:demo	questo	O
ultima	ADJ	ultimo	O
			
#Text=mah il project			
mah	NOCAT	mah	O
il	ART	il	O
project	NOUN	<unknown>	O
			
#Text=perché sul sul libro non era molto chiaro			
perché	WH	perché	O
sul	ARTPRE	sul	O
sul	ARTPRE	sul	O
libro	NOUN	libro	O
non	NEG	non	O
era	VER:fin	essere	O
molto	ADV	molto	O
chiaro	ADJ	chiaro	O
			
#Text=e veniva semplicemente presentato come il eh			
e	CON	e	O
veniva	AUX:fin	venire	O
semplicemente	ADV:mente	semplicemente	O
presentato	VER:ppast	presentare	O
come	WH	come	O
il	ART	il	O
eh	NOCAT	eh	O
			
#Text=il modo			
il	ART	il	O
modo	NOUN	modo	O
			
#Text=un modo			
un	ART	un	O
modo	NOUN	modo	O
			
#Text=per esercitare la lingua attraverso il lavoro di gruppo			
per	PRE	per	O
esercitare	VER:infi	esercitare	O
la	ART	la	O
lingua	NOUN	lingua	O
attraverso	PRE	attraverso	O
il	ART	il	O
lavoro	NOUN	lavoro	O
di	PRE	di	O
gruppo	NOUN	gruppo	O
			
#Text=poi c' era un riferimento			
poi	ADV	poi	O
c'	CLI	c'	O
era	VER:fin	essere	O
un	ART	un	O
riferimento	NOUN	riferimento	O
			
#Text=a appunto una un un una mh			
a	PRE	a	O
appunto	ADV	appunto	O
una	ART	una	O
un	ART	un	O
un	ART	un	O
una	PRO:indef	una	O
mh	VER:fin	<unknown>	O
			
#Text=beh il project work è un lavoro di gruppo che puoi fare con o senza tecnologie			
beh	NOCAT	beh	O
il	ART	il	O
project	ADJ	<unknown>	O
work	NOUN	<unknown>	O
è	VER:fin	essere	O
un	ART	un	O
lavoro	NOUN	lavoro	O
di	PRE	di	O
gruppo	NOUN	gruppo	O
che	CHE	che	O
puoi	VER2:fin	potere	O
fare	VER:infi	fare	O
con	PRE	con	O
o	CON	o	O
senza	PRE	senza	O
tecnologie	NOUN	tecnologia	O
			
#Text=ah okay			
ah	NOCAT	ah	O
okay	ADV	okay	O
			
#Text=cioè puoi fare un pro se tu pensa a un project work per esempio nell' ambito			
cioè	ADV	cioè	O
puoi	VER2:fin	potere	O
fare	VER:infi	fare	O
un	ART	un	O
pro	PRE	pro	O
se	CON	se	O
tu	PRO:pers	tu	O
pensa	VER:fin	pensare	O
a	PRE	a	O
un	ART	un	O
project	ADJ	<unknown>	O
work	NOUN	<unknown>	O
per	PRE	per	B
esempio	NOUN	esempio	I
nell'	ARTPRE	nell'	O
ambito	NOUN	ambito	O
			
#Text=okay okay okay			
okay	ADV	okay	O
okay	ADV	okay	O
okay	ADV	okay	O
			
#Text=dell' interco della dei progetti di intercomprensione linguistica			
dell'	ARTPRE	dell'	O
interco	NOUN	<unknown>	O
della	ARTPRE	della	O
dei	ARTPRE	del	O
progetti	NOUN	progetto	O
di	PRE	di	O
intercomprensione	NOUN	<unknown>	O
linguistica	ADJ	linguistico	O
			
#Text=ah okay			
ah	NOCAT	ah	O
okay	ADV	okay	O
			
#Text=sono project work di gruppo			
sono	VER:fin	essere	O
project	ADJ	<unknown>	O
work	NOUN	<unknown>	O
di	PRE	di	O
gruppo	NOUN	gruppo	O
			
#Text=che vengono svolti attraverso le tecnologie perché i gruppi sono distanti fra loro			
che	CHE	che	O
vengono	AUX:fin	venire	O
svolti	VER:ppast	svolgere	O
attraverso	PRE	attraverso	O
le	ART	la	O
tecnologie	NOUN	tecnologia	O
perché	WH	perché	O
i	ART	il	O
gruppi	NOUN	gruppo	O
sono	VER:fin	essere	O
distanti	ADJ	distante	O
fra	PRE	fra	O
loro	PRO:pers	loro	O
			
#Text=ah okay okay okay			
ah	NOCAT	ah	O
okay	ADV	okay	O
okay	ADV	okay	O
okay	ADV	okay	O
			
#Text=e quindi			
e	CON	e	O
quindi	ADV	quindi	O
			
#Text=collaborano alla creazione di un project work			
collaborano	VER:fin	collaborare	O
alla	ARTPRE	alla	O
creazione	NOUN	creazione	O
di	PRE	di	O
un	ART	un	O
project	ADJ	<unknown>	O
work	NOUN	<unknown>	O
			
#Text=però poi fano un project work benissimo anche in aula in classe senza			
però	ADV	però	O
poi	ADV	poi	O
fano	VER:fin	<unknown>	O
un	ART	un	O
project	ADJ	<unknown>	O
work	NOUN	<unknown>	O
benissimo	ADV	benissimo	O
anche	ADV	anche	O
in	PRE	in	O
aula	NOUN	aula	O
in	PRE	in	O
classe	NOUN	classe	O
senza	CON	senza	O
			
#Text=senza			
senza	PRE	senza	O
			
#Text=okay			
okay	ADV	okay	O
			
#Text=senti io per questa parte non riesco a darti più di ventitré			
senti	VER:fin	sentire	O
io	PRO:pers	io	O
per	PRE	per	O
questa	DET:demo	questo	O
parte	NOUN	parte	O
non	NEG	non	O
riesco	VER:fin	riuscire	O
a	PRE	a	O
darti	VER:infi:cli	dare	O
più	ADV	più	O
di	PRE	di	O
ventitré	DET:num	ventitré	O
			
#Text=perché hai una formaz una preparazione molto nebulosa e poi soprattutto			
perché	WH	perché	O
hai	VER:fin	avere	O
una	ART	una	O
formaz	NOUN	<unknown>	O
una	ART	una	O
preparazione	NOUN	preparazione	O
molto	ADV	molto	O
nebulosa	ADJ	nebuloso	O
e	CON	e	O
poi	ADV	poi	O
soprattutto	ADV	soprattutto	O
			
#Text=non mi piace molto la modalità espressiva che utilizzi			
non	NEG	non	O
mi	CLI	mi	O
piace	VER:fin	piacere	O
molto	ADV	molto	O
la	ART	la	O
modalità	NOUN	modalità	O
espressiva	ADJ	espressivo	O
che	CHE	che	O
utilizzi	VER:fin	utilizzare	O
			
#Text=cioè bisogna essere molto più			
cioè	ADV	cioè	O
bisogna	VER:fin	bisognare	O
essere	AUX:infi	essere	O
molto	ADV	molto	O
più	ADV	più	O
			
#Text=eh precisi			
eh	NOCAT	eh	O
precisi	ADJ	preciso	O
			
#Text=nella nella nei te nell' uso dei termini			
nella	ARTPRE	nella	O
nella	ARTPRE	nella	O
te	PRO:pers	te	O
nell'	ARTPRE	nell'	O
uso	NOUN	uso	O
dei	ARTPRE	del	O
termini	NOUN	termine	O
			
#Text=nell' espressione del dei pensieri			
nell'	ARTPRE	nell'	O
espressione	NOUN	espressione	O
del	ARTPRE	del	O
pensieri	NOUN	pensiero	O
			
#Text=mh			
mh	ADJ	<unknown>	O
			
#Text=tendi a non rispondere alla domanda che viene posta			
tendi	VER:fin	tendere	O
a	PRE	a	O
non	NEG	non	O
rispondere	VER:infi	rispondere	O
alla	ARTPRE	alla	O
domanda	NOUN	domanda	O
che	CHE	che	O
viene	AUX:fin	venire	O
posta	VER:ppast	porre	O
			
#Text=ma a girarci intorno			
ma	CON	ma	O
a	PRE	a	O
girarci	VER:infi:cli	girare	B
intorno	ADV	intorno	I
			
#Text=e in una materia così come dire			
e	CON	e	O
in	PRE	in	O
una	ART	una	O
materia	NOUN	materia	O
così	ADV	così	O
come	WH	come	O
dire	VER:infi	dire	O
			
#Text=eh			
eh	NOCAT	eh	O
			
#Text=ampia anche com' è la glottodidattica			
ampia	ADJ	ampio	O
anche	ADV	anche	O
com'	WH	come	O
è	VER:fin	essere	O
la	ART	la	O
glottodidattica	ADJ	<unknown>	O
			
#Text=eh è un po' penalizzante			
eh	NOCAT	eh	O
è	VER:fin	essere	O
un	ART	un	B
po'	PRO:indef	po'	I
penalizzante	VER:ppre	penalizzare	O
			
#Text=nel senso che bisogna cercare veramente di essere precisi			
nel	ARTPRE	nel	B
senso	NOUN	senso	I
che	CHE	che	O
bisogna	VER:fin	bisognare	O
cercare	VER:infi	cercare	O
veramente	ADV:mente	veramente	O
di	PRE	di	O
essere	AUX:infi	essere	O
precisi	ADJ	preciso	O
			
#Text=nella sia nei termini			
nella	ARTPRE	nella	O
sia	VER:fin	essere	O
nei	ARTPRE	nel	O
termini	NOUN	termine	O
			
#Text=che nelle mh che nelle			
che	CHE	che	O
nelle	ARTPRE	nella	O
mh	NOUN	<unknown>	O
che	CHE	che	O
nelle	ARTPRE	nella	O
			
#Text=nelle risposte quindi			
nelle	ARTPRE	nella	O
risposte	NOUN	risposta	O
quindi	ADV	quindi	O
			
#Text=può dipendere da da più cose cioè			
può	VER2:fin	potere	O
dipendere	VER:infi	dipendere	O
da	PRE	da	O
da	PRE	da	O
più	ADV	più	O
cose	NOUN	cosa	O
cioè	ADV	cioè	O
			
#Text=può dipendere dal fatto che magari non hai studiato abbastanza			
può	VER2:fin	potere	O
dipendere	VER:infi	dipendere	O
dal	ARTPRE	dal	O
fatto	NOUN	fatto	O
che	CHE	che	O
magari	ADV	magari	O
non	NEG	non	O
hai	AUX:fin	avere	O
studiato	VER:ppast	studiare	O
abbastanza	ADV	abbastanza	O
			
#Text=o può dipendere dal fatto che non hai ripetuto non lo so			
o	CON	o	O
può	VER2:fin	potere	O
dipendere	VER:infi	dipendere	O
dal	ARTPRE	dal	O
fatto	NOUN	fatto	O
che	CHE	che	O
non	NEG	non	O
hai	AUX:fin	avere	O
ripetuto	VER:ppast	ripetere	O
non	NEG	non	O
lo	CLI	lo	O
so	VER:fin	sapere	O
			
#Text=insomma però io per questa parte più di di ventitré non riesco a darti			
insomma	ADV	insomma	O
però	ADV	però	O
io	PRO:pers	io	O
per	PRE	per	O
questa	DET:demo	questo	O
parte	NOUN	parte	O
più	ADV	più	O
di	PRE	di	O
di	PRE	di	O
ventitré	DET:num	ventitré	O
non	NEG	non	O
riesco	VER:fin	riuscire	O
a	PRE	a	O
darti	VER:infi:cli	dare	O
			
#Text=okay okay			
okay	ADV	okay	O
okay	ADV	okay	O
			
#Text=la parte con la professoressa bianchi nello studio centoventiquattro			
la	ART	la	O
parte	NOUN	parte	O
con	PRE	con	O
la	ART	la	O
professoressa	NOUN	professoressa	O
bianchi	ADJ	bianco	O
nello	ARTPRE	nel	O
studio	NOUN	studio	O
centoventiquattro	ADJ	<unknown>	O
			
#Text=quattro			
quattro	DET:num	quattro	O
			
#Text=mh			
mh	NOUN	<unknown>	O
			
#Text=e dopo lei farà la media tra le due			
e	CON	e	O
dopo	PRE	dopo	O
lei	PRO:pers	lei	O
farà	VER:fin	fare	O
la	ART	la	O
media	NOUN	media	O
tra	PRE	tra	O
le	ART	la	O
due	DET:num	due	O
			
#Text=ah okay			
ah	NOCAT	ah	O
okay	ADV	okay	O
			
#Text=va bene			
va	VER:fin	andare	B
bene	ADV	bene	I
			
#Text=va bene			
va	VER:fin	andare	B
bene	ADV	bene	I
			
#Text=dai in bocca al lupo			
dai	ARTPRE	dal	O
in	PRE	in	B
bocca	NOUN	bocca	I
al	ARTPRE	al	I
lupo	NOUN	lupo	I
			
#Text=mh			
mh	ADJ	<unknown>	O
			
#Text=crepi			
crepi	VER:fin	crepare	O
			
#Text=arrivederci			
arrivederci	NOCAT	arrivederci	O
			
#Text=arrivederci			
arrivederci	NOCAT	arrivederci	O
			
#Text=sì avanti			
sì	ADV	sì	O
avanti	ADV	avanti	O
			
#Text=salve ecco abbiamo finito			
salve	ADJ	salvo	O
ecco	ADV	ecco	O
abbiamo	AUX:fin	avere	O
finito	VER:ppast	finire	O
			
#Text=grazie mille per la disponibilità			
grazie	ADV	grazie	B
mille	DET:num	mille	I
per	PRE	per	O
la	ART	la	O
disponibilità	NOUN	disponibilità	O
			
#Text=niente			
niente	ADV	niente	O
