Conversation: TOA3012

https://search.corpuskiparla.it/corpus/conversations/TOA3012.html

#Text=la la land			
la	CLI	la	O
la	CLI	la	O
land	VER:fin	<unknown>	O
			
#Text=sì ma devi esse spontanea			
sì	ADV	sì	O
ma	CON	ma	O
devi	VER2:fin	dovere	O
esse	PRO:pers	esse	O
spontanea	ADJ	spontaneo	O
			
#Text=io so poliglotta			
io	PRO:pers	io	O
so	VER:fin	sapere	O
poliglotta	ADJ	poliglotto	O
			
#Text=strozzati			
strozzati	ADJ	strozzato	O
			
#Text=mi strozzo			
mi	CLI	mi	O
strozzo	VER:fin	strozzare	O
			
#Text=e comunque poi dobbiamo			
e	CON	e	O
comunque	WH	comunque	O
poi	ADV	poi	O
dobbiamo	VER2:fin	dovere	O
			
#Text=andare a prendere la roba			
andare	VER:infi	andare	O
a	PRE	a	O
prendere	VER:infi	prendere	O
la	ART	la	O
roba	NOUN	roba	O
			
#Text=prendere la roba e poi dobbiamo			
prendere	VER:infi	prendere	O
la	ART	la	O
roba	NOUN	roba	O
e	CON	e	O
poi	ADV	poi	O
dobbiamo	VER2:fin	dovere	O
			
#Text=ma lei che è tutta polentona			
ma	CON	ma	O
lei	PRO:pers	lei	O
che	CHE	che	O
è	VER:fin	essere	O
tutta	DET:indef	tutto	O
polentona	VER:fin	<unknown>	O
			
#Text=come si fa			
come	WH	come	O
si	CLI	si	O
fa	VER:fin	fare	O
			
#Text=chi è polentona			
chi	WH	chi	O
è	VER:fin	essere	O
polentona	VER:fin	<unknown>	O
			
#Text=anch' io			
anch'	ADV	anch'	O
io	PRO:pers	io	O
			
#Text=sì ma no ma lei è di torino ma lei è di monza			
sì	ADV	sì	O
ma	CON	ma	O
no	ADV	no	O
ma	CON	ma	O
lei	PRO:pers	lei	O
è	VER:fin	essere	O
di	PRE	di	O
torino	NOUN	<unknown>	O
ma	CON	ma	O
lei	PRO:pers	lei	O
è	VER:fin	essere	O
di	PRE	di	O
monza	NOUN	<unknown>	O
			
#Text=ma non si sente tanto			
ma	CON	ma	O
non	NEG	non	O
si	CLI	si	O
sente	VER:fin	sentire	O
tanto	ADV	tanto	O
			
#Text=ma			
ma	CON	ma	O
			
#Text=io sono milanese			
io	PRO:pers	io	O
sono	VER:fin	essere	O
milanese	ADJ	milanese	O
			
#Text=cioè monza proprio polentona vera			
cioè	ADV	cioè	O
monza	NOUN	<unknown>	O
proprio	ADV	proprio	O
polentona	VER:fin	<unknown>	O
vera	ADJ	vero	O
			
#Text=milanese			
milanese	ADJ	milanese	O
			
#Text=eh ma polentoni cioè una concezione del polentone			
eh	NOCAT	eh	O
ma	CON	ma	O
polentoni	VER:fin	<unknown>	O
cioè	ADV	cioè	O
una	ART	una	O
concezione	NOUN	concezione	O
del	ARTPRE	del	O
polentone	NOUN	<unknown>	O
			
#Text=al nord			
al	ARTPRE	al	O
nord	NOUN	nord	O
			
#Text=firmo			
firmo	VER:fin	firmare	O
			
#Text=bello con cosa			
bello	ADJ	bello	O
con	PRE	con	O
cosa	WH	cosa	O
			
#Text=c' hai una penna			
c'	CLI	c'	O
hai	VER:fin	avere	O
una	ART	una	O
penna	NOUN	penna	O
			
#Text=s no			
s	VER:fin	<unknown>	O
no	ADV	no	O
			
#Text=no vabbé			
no	ADV	no	O
vabbé	NOCAT	<unknown>	O
			
#Text=hai per caso una penna			
hai	VER:fin	avere	O
per	PRE	per	B
caso	NOUN	caso	I
una	ART	una	O
penna	NOUN	penna	O
			
#Text=stava parlando al telefono			
stava	VER:fin	stare	O
parlando	VER:geru	parlare	O
al	ARTPRE	al	O
telefono	NOUN	telefono	O
			
#Text=scusami hai una penna			
scusami	VER:fin:cli	scusare	O
hai	VER:fin	avere	O
una	ART	una	O
penna	NOUN	penna	O
			
#Text=sono proprio stupida			
sono	VER:fin	essere	O
proprio	ADV	proprio	O
stupida	ADJ	stupido	O
			
#Text=registralo			
registralo	VER:fin:cli	registrare	O
			
#Text=lo sanno			
lo	CLI	lo	O
sanno	VER:fin	sapere	O
			
#Text=però devo far la pipì prima di andare			
però	ADV	però	O
devo	VER2:fin	dovere	O
far	VER:infi	fare	O
la	ART	la	O
pipì	VER:fin	<unknown>	O
prima	ADV	prima	O
di	PRE	di	O
andare	VER:infi	andare	O
			
#Text=eh ma ades tant dobbiamo salì			
eh	NOCAT	eh	O
ma	CON	ma	O
ades	NOUN	<unknown>	O
tant	ADJ	tant	O
dobbiamo	VER2:fin	dovere	O
salì	VER:fin	salire	O
			
#Text=quando farò uno studio e userò questi dati ve lo dico			
quando	WH	quando	O
farò	VER:fin	fare	O
uno	ART	un	O
studio	NOUN	studio	O
e	CON	e	O
userò	VER:fin	usare	O
questi	DET:demo	questo	O
dati	NOUN	dato	O
ve	CLI	ve	O
lo	CLI	lo	O
dico	VER:fin	dire	O
			
#Text=okay			
okay	ADV	okay	O
			
#Text=dico c' è una vostra frase in un saggio se mai diventerò qualcuno			
dico	VER:fin	dire	O
c'	CLI	c'	O
è	VER:fin	essere	O
una	ART	una	O
vostra	DET:poss	vostro	O
frase	NOUN	frase	O
in	PRE	in	O
un	ART	un	O
saggio	ADJ	saggio	O
se	CON	se	O
mai	ADV	mai	O
diventerò	VER:fin	diventare	O
qualcuno	PRO:indef	qualcuno	O
			
#Text=grazie			
grazie	ADV	grazie	O
			
#Text=grazie			
grazie	ADV	grazie	O
			
#Text=l' ha trovata la penna			
l'	ART	l'	O
ha	AUX:fin	avere	O
trovata	VER:ppast	trovare	O
la	ART	la	O
penna	NOUN	penna	O
			
#Text=l' ha trovata perché mò la seguivo			
l'	CLI	l'	O
ha	AUX:fin	avere	O
trovata	VER:ppast	trovare	O
perché	WH	perché	O
mò	ADV	mo'	O
la	CLI	la	O
seguivo	VER:fin	seguire	O
			
#Text=no la porti qui la penna			
no	ADV	no	O
la	ART	la	O
porti	NOUN	porto	O
qui	ADV	qui	O
la	ART	la	O
penna	NOUN	penna	O
			
#Text=grazie			
grazie	ADV	grazie	O
			
#Text=zie a voi raga			
zie	NOUN	zia	O
a	PRE	a	O
voi	PRO:pers	voi	O
raga	NOUN	<unknown>	O
			
#Text=eri a studiare qua in ci uno			
eri	VER:fin	essere	O
a	PRE	a	O
studiare	VER:infi	studiare	O
qua	ADV	qua	O
in	PRE	in	O
ci	CLI	ci	O
uno	PRO:indef	uno	O
			
#Text=sì			
sì	ADV	sì	O
			
#Text=ci due			
ci	CLI	ci	O
due	DET:num	due	O
			
#Text=no qua è il ci due			
no	ADV	no	O
qua	ADV	qua	O
è	VER:fin	essere	O
il	ART	il	O
ci	CLI	ci	O
due	DET:num	due	O
			
#Text=ci due hai sbagliato			
ci	CLI	ci	O
due	DET:num	due	O
hai	AUX:fin	avere	O
sbagliato	VER:ppast	sbagliare	O
			
#Text=sì			
sì	ADV	sì	O
			
#Text=ma io non ho mai differenziato su cioè l' ho capito un mese fa			
ma	CON	ma	O
io	PRO:pers	io	O
non	NEG	non	O
ho	AUX:fin	avere	O
mai	ADV	mai	O
differenziato	VER:ppast	differenziare	O
su	PRE	su	O
cioè	ADV	cioè	O
l'	ART	l'	O
ho	AUX:fin	avere	O
capito	VER:ppast	capire	O
un	ART	un	O
mese	NOUN	mese	O
fa	VER:fin	fare	O
			
#Text=grazie alle feste che fanno là			
grazie	ADV	grazie	O
alle	ARTPRE	alla	O
feste	NOUN	festa	O
che	CHE	che	O
fanno	VER:fin	fare	O
là	ADV	là	O
			
#Text=io pure che me dice ci uno ci due			
io	PRO:pers	io	O
pure	ADV	pure	O
che	CHE	che	O
me	PRO:pers	me	O
dice	VER:fin	dire	O
ci	CLI	ci	O
uno	PRO:indef	uno	O
ci	CLI	ci	O
due	DET:num	due	O
			
#Text=esatto			
esatto	ADJ	esatto	O
			
#Text=è una i o una elle			
è	VER:fin	essere	O
una	ART	una	O
i	ART	il	O
o	CON	o	O
una	ART	una	O
elle	ADJ	<unknown>	O
			
#Text=è una elle tu metti la a dopo la elle			
è	VER:fin	essere	O
una	ART	una	O
elle	ADJ	<unknown>	O
tu	PRO:pers	tu	O
metti	VER:fin	mettere	O
la	ART	la	O
a	PRE	a	O
dopo	PRE	dopo	O
la	ART	la	O
elle	ADJ	<unknown>	O
			
#Text=madonna mia robé là			
madonna	NOUN	madonna	B
mia	DET:poss	mio	I
robé	VER:fin	<unknown>	O
là	ADV	là	O
			
#Text=dove ho la roba			
dove	WH	dove	O
ho	VER:fin	avere	O
la	ART	la	O
roba	NOUN	roba	O
			
#Text=sottoscritta me			
sottoscritta	VER:ppast	sottoscrivere	O
me	PRO:pers	me	O
			
#Text=tanto sono anonimata scrivo solo me			
tanto	ADV	tanto	O
sono	VER:fin	essere	O
anonimata	ADJ	<unknown>	O
scrivo	VER:fin	scrivere	O
solo	ADV	solo	O
me	PRO:pers	me	O
			
#Text=no			
no	ADV	no	O
			
#Text=scrivi nome e cognome			
scrivi	VER:fin	scrivere	O
nome	NOUN	nome	O
e	CON	e	O
cognome	NOUN	cognome	O
			
#Text=oh guara che te mena eh attenzione eh			
oh	NOCAT	oh	O
guara	VER:fin	<unknown>	O
che	CHE	che	O
te	PRO:pers	te	O
mena	VER:fin	menare	O
eh	NOCAT	eh	O
attenzione	NOUN	attenzione	O
eh	NOCAT	eh	O
			
#Text=roberta			
roberta	VER:fin	<unknown>	O
			
#Text=ma cosa fai a questo esame qua che hai dopodomani oltre che presentarti			
ma	CON	ma	O
cosa	WH	cosa	O
fai	VER:fin	fare	O
a	PRE	a	O
questo	DET:demo	questo	O
esame	NOUN	esame	O
qua	ADV	qua	O
che	CHE	che	O
hai	VER:fin	avere	O
dopodomani	ADJ	<unknown>	O
oltre	PRE	oltre	O
che	CHE	che	O
presentarti	VER:infi:cli	presentare	O
			
#Text=vedi tu c' hai un punto in più perché te devi contarti			
vedi	VER:fin	vedere	O
tu	PRO:pers	tu	O
c'	CLI	c'	O
hai	VER:fin	avere	O
un	ART	un	O
punto	NOUN	punto	O
in	PRE	in	O
più	ADV	più	O
perché	WH	perché	O
te	PRO:pers	te	O
devi	VER2:fin	dovere	O
contarti	VER:infi:cli	<unknown>	O
			
#Text=è scritto orale che è cosa devi fare			
è	AUX:fin	essere	O
scritto	VER:ppast	scrivere	O
orale	ADJ	orale	O
che	CHE	che	O
è	VER:fin	essere	O
cosa	WH	cosa	O
devi	VER2:fin	dovere	O
fare	VER:infi	fare	O
			
#Text=orale			
orale	ADJ	orale	O
			
#Text=e cos' è			
e	CON	e	O
cos'	ADJ	<unknown>	O
è	VER:fin	essere	O
			
#Text=eh dialettologia			
eh	NOCAT	eh	O
dialettologia	NOUN	<unknown>	O
			
#Text=figata			
figata	VER:ppast	<unknown>	O
			
#Text=l' abbiamo studiata pure noi sta roba			
l'	ART	l'	O
abbiamo	AUX:fin	avere	O
studiata	VER:ppast	studiare	O
pure	ADV	pure	O
noi	PRO:pers	noi	O
sta	VER:fin	stare	O
roba	NOUN	roba	O
			
#Text=no firmata però			
no	ADV	no	O
firmata	VER:ppast	firmare	O
però	ADV	però	O
			
#Text=cioè io sì			
cioè	ADV	cioè	O
io	PRO:pers	io	O
sì	ADV	sì	O
			
#Text=no in questo caso no			
no	ADV	no	O
in	PRE	in	O
questo	DET:demo	questo	O
caso	NOUN	caso	O
no	ADV	no	O
			
#Text=avete fatto dialettologia con rossi			
avete	AUX:fin	avere	O
fatto	VER:ppast	fare	O
dialettologia	NOUN	<unknown>	O
con	PRE	con	O
rossi	NOUN	rosso	O
			
#Text=sì			
sì	ADV	sì	O
			
#Text=cioè			
cioè	ADV	cioè	O
			
#Text=abbiamo fatto linguistica italiana e tutta la cosa relativa ai dialetti			
abbiamo	AUX:fin	avere	O
fatto	VER:ppast	fare	O
linguistica	NOUN	linguistica	O
italiana	ADJ	italiano	O
e	CON	e	O
tutta	DET:indef	tutto	O
la	ART	la	O
cosa	NOUN	cosa	O
relativa	ADJ	relativo	O
ai	ARTPRE	al	O
dialetti	NOUN	dialetto	O
			
#Text=bello bello va bene ci sta			
bello	ADJ	bello	O
bello	ADJ	bello	O
va	VER:fin	andare	B
bene	ADV	bene	I
ci	CLI	ci	O
sta	VER:fin	stare	O
			
#Text=un botto figo secondo me			
un	ART	un	O
botto	NOUN	botto	O
figo	VER:fin	<unknown>	O
secondo	PRE	secondo	O
me	PRO:pers	me	O
			
#Text=cioè a me non mi fa impazzire			
cioè	ADV	cioè	O
a	PRE	a	O
me	PRO:pers	me	O
non	NEG	non	O
mi	CLI	mi	O
fa	VER2:fin	fare	O
impazzire	VER:infi	impazzire	O
			
#Text=non è il mio preferito però			
non	NEG	non	O
è	VER:fin	essere	O
il	ART	il	O
mio	DET:poss	mio	O
preferito	NOUN	preferito	O
però	ADV	però	O
			
#Text=perfetto ho accettato senza leggere			
perfetto	ADJ	perfetto	O
ho	AUX:fin	avere	O
accettato	VER:ppast	accettare	O
senza	PRE	senza	O
leggere	VER:infi	leggere	O
			
#Text=e poi poi poi			
e	CON	e	O
poi	ADV	poi	O
poi	ADV	poi	O
poi	ADV	poi	O
			
#Text=firmi poi dietro			
firmi	VER:fin	firmare	O
poi	ADV	poi	O
dietro	ADV	dietro	O
			
#Text=scrivi per favore			
scrivi	VER:fin	scrivere	O
per	PRE	per	B
favore	NOUN	favore	I
			
#Text=data di nascita luogo di nascita e luogo in cui hai frequentato le superiori			
data	VER:ppast	dare	O
di	PRE	di	O
nascita	NOUN	nascita	O
luogo	NOUN	luogo	O
di	PRE	di	O
nascita	NOUN	nascita	O
e	CON	e	O
luogo	NOUN	luogo	O
in	PRE	in	O
cui	WH	cui	O
hai	AUX:fin	avere	O
frequentato	VER:ppast	frequentare	O
le	ART	la	O
superiori	ADJ	superiore	O
			
#Text=eh mo non me lo ricordo			
eh	NOCAT	eh	O
mo	ADV	mo'	O
non	NEG	non	O
me	PRO:pers	me	O
lo	CLI	lo	O
ricordo	VER:fin	ricordare	O
			
#Text=sempre torino torino torino torino			
sempre	ADV	sempre	O
torino	ADJ	<unknown>	O
torino	NOUN	<unknown>	O
torino	ADJ	<unknown>	O
torino	ADJ	<unknown>	O
			
#Text=anche voi			
anche	ADV	anche	O
voi	PRO:pers	voi	O
			
#Text=sì va bene va bene			
sì	ADV	sì	O
va	VER:fin	andare	B
bene	ADV	bene	I
va	VER:fin	andare	B
bene	ADV	bene	I
			
#Text=ehm what is the date of this day			
ehm	ADJ	<unknown>	O
what	NOUN	<unknown>	O
is	ADJ	<unknown>	O
the	NOUN	<unknown>	O
date	VER:ppast	dare	O
of	NOUN	<unknown>	O
this	ADJ	<unknown>	O
day	VER:fin	<unknown>	O
			
#Text=diceva quindici			
diceva	VER:fin	dire	O
quindici	DET:num	quindici	O
			
#Text=ue esce game of thrones			
ue	NOUN	<unknown>	O
esce	VER:fin	uscire	O
game	NOUN	game	O
of	VER:fin	<unknown>	O
thrones	NOUN	<unknown>	O
			
#Text=sì è uscito ieri notte			
sì	ADV	sì	O
è	AUX:fin	essere	O
uscito	VER:ppast	uscire	O
ieri	ADV	ieri	O
notte	NOUN	notte	O
			
#Text=ieri è uscito			
ieri	ADV	ieri	O
è	AUX:fin	essere	O
uscito	VER:ppast	uscire	O
			
#Text=ah			
ah	NOCAT	ah	O
			
#Text=l' avete visto			
l'	CLI	l'	O
avete	AUX:fin	avere	O
visto	NOUN	visto	O
			
#Text=no ma devo troppo vederlo			
no	ADV	no	O
ma	CON	ma	O
devo	VER2:fin	dovere	O
troppo	ADV	troppo	O
vederlo	VER:infi:cli	vedere	O
			
#Text=troppo			
troppo	ADV	troppo	O
			
#Text=perché ora john snow ha trombato con denerys			
perché	WH	perché	O
ora	ADV	ora	O
john	VER:fin	<unknown>	O
snow	NOUN	<unknown>	O
ha	AUX:fin	avere	O
trombato	VER:ppast	trombare	O
con	PRE	con	O
denerys	VER:infi	<unknown>	O
			
#Text=io non l' ho mai seguita quindi mi dispiace proprio			
io	PRO:pers	io	O
non	NEG	non	O
l'	CLI	l'	O
ho	AUX:fin	avere	O
mai	ADV	mai	O
seguita	VER:ppast	seguire	O
quindi	ADV	quindi	O
mi	CLI	mi	O
dispiace	VER:fin	dispiacere	O
proprio	ADV	proprio	O
			
#Text=non puoi capire sono cugini fratelli non ho capito cosa sono			
non	NEG	non	O
puoi	VER2:fin	potere	O
capire	VER:infi	capire	O
sono	VER:fin	essere	O
cugini	NOUN	cugino	O
fratelli	NOUN	fratello	O
non	NEG	non	O
ho	AUX:fin	avere	O
capito	VER:ppast	capire	O
cosa	WH	cosa	O
sono	VER:fin	essere	O
			
#Text=ho ucciso un insetto con questa foglia			
ho	AUX:fin	avere	O
ucciso	VER:ppast	uccidere	O
un	ART	un	O
insetto	NOUN	insetto	O
con	PRE	con	O
questa	DET:demo	questo	O
foglia	NOUN	foglia	O
			
#Text=eh dietro			
eh	NOCAT	eh	O
dietro	ADV	dietro	O
			
#Text=sono fratelli			
sono	VER:fin	essere	O
fratelli	NOUN	fratello	O
			
#Text=no cugini no non lo so			
no	ADV	no	O
cugini	NOUN	cugino	O
no	ADV	no	O
non	NEG	non	O
lo	CLI	lo	O
so	VER:fin	sapere	O
			
#Text=cugini			
cugini	NOUN	cugino	O
			
#Text=però dello stesso sangue			
però	ADV	però	O
dello	ARTPRE	del	O
stesso	ADJ	stesso	O
sangue	NOUN	sangue	O
			
#Text=e trombano nell' ultimo episodio			
e	CON	e	O
trombano	VER:fin	trombare	O
nell'	ARTPRE	nell'	O
ultimo	ADJ	ultimo	O
episodio	NOUN	episodio	O
			
#Text=eh se me spoileri già			
eh	NOCAT	eh	O
se	CON	se	O
me	PRO:pers	me	O
spoileri	VER:fin	<unknown>	O
già	ADV	già	O
			
#Text=cioè capisci			
cioè	ADV	cioè	O
capisci	VER:fin	capire	O
			
#Text=se mai la volessi			
se	CON	se	O
mai	ADV	mai	O
la	CLI	la	O
volessi	VER:fin	volere	O
			
#Text=no più che altro john snow è futuro re del regno			
no	ADV	no	O
più	ADV	più	O
che	CHE	che	O
altro	PRO:indef	altro	O
john	VER:fin	<unknown>	O
snow	NOUN	<unknown>	O
è	VER:fin	essere	O
futuro	ADJ	futuro	O
re	NOUN	re	O
del	ARTPRE	del	O
regno	NOUN	regno	O
			
#Text=devo dirti anche che s' era linguistico classico			
devo	VER2:fin	dovere	O
dirti	VER:infi:cli	dire	O
anche	ADV	anche	O
che	CHE	che	O
s'	CLI	si	O
era	VER:fin	essere	O
linguistico	ADJ	linguistico	O
classico	ADJ	classico	O
			
#Text=solo il luogo			
solo	ADV	solo	O
il	ART	il	O
luogo	NOUN	luogo	O
			
#Text=liceo giacomo leopardi			
liceo	NOUN	liceo	O
giacomo	ADJ	<unknown>	O
leopardi	NOUN	leopardo	O
			
#Text=no la città la città			
no	ADV	no	O
la	ART	la	O
città	NOUN	città	O
la	ART	la	O
città	NOUN	città	O
			
#Text=torino			
torino	ADJ	<unknown>	O
			
#Text=torino			
torino	ADJ	<unknown>	O
			
#Text=vabbé adesso sai anche il mio liceo			
vabbé	VER:fin	<unknown>	O
adesso	ADV	adesso	O
sai	NOUN	saio	O
anche	ADV	anche	O
il	ART	il	O
mio	DET:poss	mio	O
liceo	NOUN	liceo	O
			
#Text=vabbé va bene			
vabbé	NOCAT	<unknown>	O
va	VER:fin	andare	B
bene	ADV	bene	I
			
#Text=ben venga			
ben	ADV	ben	B
venga	VER:fin	venire	I
			
#Text=anch' io scriverà il mio liceo			
anch'	ADV	anch'	O
io	PRO:pers	io	O
scriverà	VER:fin	scrivere	O
il	ART	il	O
mio	DET:poss	mio	O
liceo	NOUN	liceo	O
			
#Text=vai così non mi fai sembrare stupid			
vai	VER:fin	andare	O
così	ADV	così	O
non	NEG	non	O
mi	CLI	mi	O
fai	VER2:fin	fare	O
sembrare	VER:infi	sembrare	O
stupid	VER:fin	<unknown>	O
			
#Text=vai siediti lì di fronte a me			
vai	ADJ	vaio	O
siediti	VER:fin	<unknown>	O
lì	ADV	lì	O
di	PRE	di	B
fronte	NOUN	fronte	I
a	PRE	a	I
me	PRO:pers	me	O
			
#Text=mettetevi in fila così si sente bene			
mettetevi	VER:fin:cli	mettere	O
in	PRE	in	O
fila	NOUN	fila|filo	O
così	ADV	così	O
si	CLI	si	O
sente	VER:fin	sentire	O
bene	ADV	bene	O
			
#Text=no vabbé			
no	ADV	no	O
vabbé	VER:fin	<unknown>	O
			
#Text=no io mi siedo per terra perché so zingara dentro			
no	ADV	no	O
io	PRO:pers	io	O
mi	CLI	mi	O
siedo	VER:fin	sedere	O
per	PRE	per	O
terra	NOUN	terra	O
perché	WH	perché	O
so	VER:fin	sapere	O
zingara	ADJ	zingaro	O
dentro	PRE	dentro	O
			
#Text=ahiai			
ahiai	NOCAT	<unknown>	O
			
#Text=ma studi con loro			
ma	CON	ma	O
studi	NOUN	studio	O
con	PRE	con	O
loro	PRO:pers	loro	O
			
#Text=sì ma io faccio lingue e culture per il turismo			
sì	ADV	sì	O
ma	CON	ma	O
io	PRO:pers	io	O
faccio	VER:fin	fare	O
lingue	NOUN	lingua	O
e	CON	e	O
culture	NOUN	cultura	O
per	PRE	per	O
il	ART	il	O
turismo	NOUN	turismo	O
			
#Text=sì mari			
sì	ADV	sì	O
mari	NOUN	mare	O
			
#Text=non medio io			
non	NEG	non	O
medio	ADJ	medio	O
io	PRO:pers	io	O
			
#Text=non medi			
non	NEG	non	O
medi	ADJ	medio	O
			
#Text=ma io sono influenzata dalla presenza di marta che mi fa parlare in modo particolare			
ma	CON	ma	O
io	PRO:pers	io	O
sono	AUX:fin	essere	O
influenzata	VER:ppast	influenzare	O
dalla	ARTPRE	dalla	O
presenza	NOUN	presenza	O
di	PRE	di	O
marta	VER:fin	<unknown>	O
che	CHE	che	O
mi	CLI	mi	O
fa	VER2:fin	fare	O
parlare	VER:infi	parlare	O
in	PRE	in	O
modo	NOUN	modo	O
particolare	ADJ	particolare	O
			
#Text=no tu parla come vuoi			
no	ADV	no	O
tu	PRO:pers	tu	O
parla	VER:fin	parlare	O
come	WH	come	O
vuoi	VER2:fin	volere	O
			
#Text=oh mio dio			
oh	NOCAT	oh	B
mio	DET:poss	mio	I
dio	NOUN	dio	I
			
#Text=se con marta parli così parla così perché c' è marta			
se	CON	se	O
con	PRE	con	O
marta	NOUN	<unknown>	O
parli	VER:fin	parlare	O
così	ADV	così	O
parla	VER:fin	parlare	O
così	ADV	così	O
perché	WH	perché	O
c'	CLI	c'	O
è	VER:fin	essere	O
marta	VER:fin	<unknown>	O
			
#Text=no il mio accento polentone rimane			
no	ADV	no	O
il	ART	il	O
mio	DET:poss	mio	O
accento	NOUN	accento	O
polentone	NOUN	<unknown>	O
rimane	VER:fin:cli	rimare	O
			
#Text=prende per il culo perché sono			
prende	VER:fin	prendere	B
per	PRE	per	I
il	ART	il	I
culo	NOUN	<unknown>	I
perché	WH	perché	O
sono	VER:fin	essere	O
			
#Text=ma stai già registrando			
ma	CON	ma	O
stai	VER:fin	stare	O
già	ADV	già	O
registrando	VER:geru	registrare	O
			
#Text=sì			
sì	ADV	sì	O
			
#Text=serie di esclamazioni			
serie	NOUN	serie	O
di	PRE	di	O
esclamazioni	NOUN	esclamazione	O
			
#Text=no			
no	ADV	no	O
			
#Text=devo scrivere data di nascita e luogo di nascita			
devo	VER2:fin	dovere	O
scrivere	VER:infi	scrivere	O
data	NOUN	data	O
di	PRE	di	O
nascita	NOUN	nascita	O
e	CON	e	O
luogo	NOUN	luogo	O
di	PRE	di	O
nascita	NOUN	nascita	O
			
#Text=e prova e prova			
e	CON	e	O
prova	NOUN	prova	O
e	CON	e	O
prova	NOUN	prova	O
			
#Text=giusto			
giusto	ADJ	giusto	O
			
#Text=sì			
sì	ADV	sì	O
			
#Text=eh			
eh	NOCAT	eh	O
			
#Text=anche il luogo			
anche	ADV	anche	O
il	ART	il	O
luogo	NOUN	luogo	O
			
#Text=comunque è assurdo			
comunque	WH	comunque	O
è	VER:fin	essere	O
assurdo	ADJ	assurdo	O
			
#Text=ah io ho scritto il liceo leopardi torino			
ah	NOCAT	ah	O
io	PRO:pers	io	O
ho	AUX:fin	avere	O
scritto	VER:ppast	scrivere	O
il	ART	il	O
liceo	NOUN	liceo	O
leopardi	NOUN	leopardo	O
torino	ADJ	<unknown>	O
			
#Text=ma si sottintende tutto torino			
ma	CON	ma	O
si	CLI	si	O
sottintende	VER:fin	sottintendere	O
tutto	DET:indef	tutto	O
torino	NOUN	<unknown>	O
			
#Text=torino			
torino	ADJ	<unknown>	O
			
#Text=qualsiasi cosa torino			
qualsiasi	DET:indef	qualsiasi	O
cosa	NOUN	cosa	O
torino	ADJ	<unknown>	O
			
#Text=torino anche la nascita devi mettere			
torino	ADJ	<unknown>	O
anche	ADV	anche	O
la	ART	la	O
nascita	NOUN	nascita	O
devi	VER2:fin	dovere	O
mettere	VER:infi	mettere	O
			
#Text=la vita la morte tutto			
la	ART	la	O
vita	NOUN	vita	O
la	ART	la	O
morte	NOUN	morte	O
tutto	DET:indef	tutto	O
			
#Text=la vita la morte torino			
la	ART	la	O
vita	NOUN	vita	O
la	ART	la	O
morte	NOUN	morte	O
torino	ADJ	<unknown>	O
			
#Text=e i miracoli tutti a torino sì grazie			
e	CON	e	O
i	ART	il	O
miracoli	NOUN	miracolo	O
tutti	PRO:indef	tutti	O
a	PRE	a	O
torino	NOUN	<unknown>	O
sì	ADV	sì	O
grazie	ADV	grazie	O
			
#Text=i miracoli			
i	ART	il	O
miracoli	NOUN	miracolo	O
			
#Text=sono la patrona di torino santa roberta			
sono	VER:fin	essere	O
la	ART	la	O
patrona	NOUN	patrona	O
di	PRE	di	O
torino	NOUN	<unknown>	O
santa	ADJ	santo	O
roberta	VER:fin	<unknown>	O
			
#Text=ma dove abiti abiti con i tuoi a torino			
ma	CON	ma	O
dove	WH	dove	O
abiti	NOUN	abito	O
abiti	NOUN	abito	O
con	PRE	con	O
i	ART	il	O
tuoi	DET:poss	tuo	O
a	PRE	a	O
torino	NOUN	<unknown>	O
			
#Text=sì			
sì	ADV	sì	O
			
#Text=dove			
dove	WH	dove	O
			
#Text=			
nomeluogo			
			
nomeluogo	NOCAT	<unknown>	
nomeluogo	O		
			
#Text=eh dati sensibili			
eh	NOCAT	eh	O
dati	NOUN	dato	O
sensibili	ADJ	sensibile	O
			
#Text=cancellare			
cancellare	VER:infi	cancellare	O
			
#Text=i dati sensibili vengono bippati e cancellati l' hai letto brava			
i	ART	il	O
dati	NOUN	dato	O
sensibili	ADJ	sensibile	O
vengono	AUX:fin	venire	O
bippati	VER:ppast	<unknown>	O
e	CON	e	O
cancellati	VER:ppast	cancellare	O
l'	ART	l'	O
hai	AUX:fin	avere	O
letto	VER:ppast	leggere	O
brava	ADJ	bravo	O
			
#Text=l' ho letto			
l'	CLI	l'	O
ho	AUX:fin	avere	O
letto	VER:ppast	leggere	O
			
#Text=fammi copiare aspetta			
fammi	VER:fin	<unknown>	O
copiare	VER:infi	copiare	O
aspetta	VER:fin	aspettare	O
			
#Text=anche la che è un po' sensibile cancellala			
anche	ADV	anche	O
la	ART	la	O
che	CHE	che	O
è	VER:fin	essere	O
un	ART	un	O
po'	PRO:indef	po'	O
sensibile	ADJ	sensibile	O
cancellala	VER:fin:cli	<unknown>	O
			
#Text=fa sentì come sei rauca			
fa	ADV	fa	O
sentì	VER:fin	sentire	O
come	WH	come	O
sei	DET:num	sei	O
rauca	NOUN	<unknown>	O
			
#Text=mizzichina			
mizzichina	VER:fin	<unknown>	O
			
#Text=meno male che ho la voce oggi			
meno	ADV	meno	B
male	ADV	male	I
che	CHE	che	O
ho	VER:fin	avere	O
la	ART	la	O
voce	NOUN	voce	O
oggi	ADV	oggi	O
			
#Text=scusa			
scusa	NOUN	scusa	O
			
#Text=non dire queste parole			
non	NEG	non	O
dire	VER:infi	dire	O
queste	DET:demo	questo	O
parole	NOUN	parola	O
			
#Text=scusa la data è oggi la data			
scusa	VER:fin	scusare	O
la	ART	la	O
data	NOUN	data	O
è	VER:fin	essere	O
oggi	ADV	oggi	O
la	ART	la	O
data	NOUN	data	O
			
#Text=no è domani la data			
no	ADV	no	O
è	VER:fin	essere	O
domani	ADV	domani	O
la	ART	la	O
data	NOUN	data	O
			
#Text=di day			
di	PRE	di	O
day	VER:fin	<unknown>	O
			
#Text=il di day			
il	ART	il	O
di	PRE	di	O
day	VER:infi:cli	<unknown>	O
			
#Text=sto male			
sto	VER:fin	stare	O
male	ADV	male	O
			
#Text=comunque se vede che è fusa eh			
comunque	WH	comunque	O
se	CLI	se	O
vede	VER:fin	vedere	O
che	CHE	che	O
è	AUX:fin	essere	O
fusa	VER:ppast	fondere	O
eh	NOCAT	eh	O
			
#Text=è nata storta poverella			
è	AUX:fin	essere	O
nata	VER:ppast	nascere	O
storta	NOUN	storta	O
poverella	ADJ	poverello	O
			
#Text=chi			
chi	WH	chi	O
			
#Text=io			
io	PRO:pers	io	O
			
#Text=ti sembro fusa			
ti	CLI	ti	O
sembro	VER:fin	sembrare	O
fusa	VER:ppast	fondere	O
			
#Text=sì			
sì	ADV	sì	O
			
#Text=eheh vedi			
eheh	VER:fin	<unknown>	O
vedi	VER:fin	vedere	O
			
#Text=come aldo proprio			
come	WH	come	O
aldo	ADJ	<unknown>	O
proprio	ADV	proprio	O
			
#Text=in maniera molto molto simpatica			
in	PRE	in	O
maniera	NOUN	maniera	O
molto	ADV	molto	O
molto	ADV	molto	O
simpatica	ADJ	simpatico	O
			
#Text=immagino			
immagino	VER:fin	immaginare	O
			
#Text=prova a firmare se riesci			
prova	NOUN	prova	O
a	PRE	a	O
firmare	VER:infi	firmare	O
se	CON	se	O
riesci	VER:fin	riuscire	O
			
#Text=è vero			
è	VER:fin	essere	O
vero	ADJ	vero	O
			
#Text=non lo so bip			
non	NEG	non	O
lo	CLI	lo	O
so	VER:fin	sapere	O
bip	NOUN	bip	O
			
#Text=bip			
bip	NOUN	bip	O
			
#Text=non è che bippi te tutto te bippano loro			
non	NEG	non	O
è	VER:fin	essere	O
che	CHE	che	O
bippi	VER:fin	<unknown>	O
te	PRO:pers	te	O
tutto	DET:indef	tutto	O
te	PRO:pers	te	O
bippano	VER:fin	<unknown>	O
loro	PRO:pers	loro	O
			
#Text=no no mica si bippano le parolacce			
no	ADV	no	O
no	ADV	no	O
mica	ADV	mica	O
si	CLI	si	O
bippano	VER:fin	<unknown>	O
le	ART	la	O
parolacce	NOUN	parolaccia	O
			
#Text=okay allora io continuo a dirle			
okay	ADV	okay	O
allora	ADV	allora	O
io	PRO:pers	io	O
continuo	ADJ	continuo	O
a	PRE	a	O
dirle	VER:infi:cli	dire	O
			
#Text=anch' io ho fatto questa cosa qua			
anch'	ADV	anch'	O
io	PRO:pers	io	O
ho	AUX:fin	avere	O
fatto	VER:ppast	fare	O
questa	DET:demo	questo	O
cosa	NOUN	cosa	O
qua	ADV	qua	O
			
#Text=poi mi sono riascoltata e mi sono accorta che ho detto tantissime parolacce			
poi	ADV	poi	O
mi	CLI	mi	O
sono	AUX:fin	essere	O
riascoltata	VER:ppast	riascoltare	O
e	CON	e	O
mi	CLI	mi	O
sono	AUX:fin	essere	O
accorta	VER:ppast	accorgere	O
che	CHE	che	O
ho	AUX:fin	avere	O
detto	VER:ppast	dire	O
tantissime	ADJ	tanto	O
parolacce	NOUN	parolaccia	O
			
#Text=cioè tantissime			
cioè	ADV	cioè	O
tantissime	ADJ	tanto	O
			
#Text=che bella firma ma			
che	CHE	che	O
bella	ADJ	bello	O
firma	NOUN	firma	O
ma	CON	ma	O
			
#Text=bella vero mh madò un sacco			
bella	NOUN	bella	O
vero	ADJ	vero	O
mh	VER:fin	<unknown>	O
madò	ADJ	<unknown>	O
un	ART	un	B
sacco	NOUN	sacco	I
			
#Text=sì mh			
sì	ADV	sì	O
mh	VER:fin	<unknown>	O
			
#Text=sharpay evans			
sharpay	NOUN	<unknown>	O
evans	ADJ	<unknown>	O
			
#Text=devi scrivere data di nascita luogo di nascita aggiungilo anche qua			
devi	VER2:fin	dovere	O
scrivere	VER:infi	scrivere	O
data	NOUN	data	O
di	PRE	di	O
nascita	NOUN	nascita	O
luogo	NOUN	luogo	O
di	PRE	di	O
nascita	NOUN	nascita	O
aggiungilo	VER:fin	<unknown>	O
anche	ADV	anche	O
qua	ADV	qua	O
			
#Text=chi riporta la penna ai poveri cristi			
chi	WH	chi	O
riporta	VER:fin	riportare	O
la	ART	la	O
penna	NOUN	penna	O
ai	ARTPRE	al	O
poveri	ADJ	povero	B
cristi	NOUN	cristo	I
			
#Text=sì fai come ho fatto io che brava che sono			
sì	ADV	sì	O
fai	VER:fin	fare	O
come	WH	come	O
ho	AUX:fin	avere	O
fatto	VER:ppast	fare	O
io	PRO:pers	io	O
che	CHE	che	O
brava	NOUN	brava	O
che	CHE	che	O
sono	VER:fin	essere	O
			
#Text=anche a me scrivi torino			
anche	ADV	anche	O
a	PRE	a	O
me	PRO:pers	me	O
scrivi	VER:fin	scrivere	O
torino	ADJ	<unknown>	O
			
#Text=scusa questa è la tua data di nascita			
scusa	VER:fin	scusare	O
questa	PRO:demo	questa	O
è	VER:fin	essere	O
la	ART	la	O
tua	DET:poss	tuo	O
data	NOUN	data	O
di	PRE	di	O
nascita	NOUN	nascita	O
			
#Text=ma sei veramente incre			
ma	CON	ma	O
sei	DET:num	sei	O
veramente	ADV:mente	veramente	O
incre	VER:fin	<unknown>	O
			
#Text=la città del tuo del posto in cui hai fatto le superiori			
la	ART	la	O
città	NOUN	città	O
del	ARTPRE	del	O
tuo	DET:poss	tuo	O
del	ARTPRE	del	O
posto	NOUN	posto	O
in	PRE	in	O
cui	WH	cui	O
hai	AUX:fin	avere	O
fatto	VER:ppast	fare	O
le	ART	la	O
superiori	ADJ	superiore	O
			
#Text=okay			
okay	ADV	okay	O
			
#Text=poi loro hanno scritto anche il nome del liceo perché sono super efficienti			
poi	ADV	poi	O
loro	PRO:pers	loro	O
hanno	AUX:fin	avere	O
scritto	VER:ppast	scrivere	O
anche	ADV	anche	O
il	ART	il	O
nome	NOUN	nome	O
del	ARTPRE	del	O
liceo	NOUN	liceo	O
perché	WH	perché	O
sono	VER:fin	essere	O
super	ADJ	super	O
efficienti	ADJ	efficiente	O
			
#Text=esatto			
esatto	ADJ	esatto	O
			
#Text=io non lo scrivo perché è uguale al suo			
io	PRO:pers	io	O
non	NEG	non	O
lo	CLI	lo	O
scrivo	VER:fin	scrivere	O
perché	WH	perché	O
è	VER:fin	essere	O
uguale	ADJ	uguale	O
al	ARTPRE	al	O
suo	DET:poss	suo	O
			
#Text=tu scrivi vedi roby			
tu	PRO:pers	tu	O
scrivi	VER:fin	scrivere	O
vedi	VER:fin	vedere	O
roby	ADJ	<unknown>	O
			
#Text=vedi asterisco vedi roby			
vedi	VER:fin	vedere	O
asterisco	NOUN	asterisco	O
vedi	VER:fin	vedere	O
roby	ADJ	<unknown>	O
			
#Text=hashtag			
hashtag	NOUN	<unknown>	O
			
#Text=hashtag così come fai tu			
hashtag	NOUN	<unknown>	O
così	ADV	così	O
come	WH	come	O
fai	VER:fin	fare	O
tu	PRO:pers	tu	O
			
#Text=eh torino			
eh	NOCAT	eh	O
torino	NOUN	<unknown>	O
			
#Text=cioè quindi scrivo torino			
cioè	ADV	cioè	O
quindi	ADV	quindi	O
scrivo	VER:fin	scrivere	O
torino	ADJ	<unknown>	O
			
#Text=brava			
brava	NOUN	brava	O
			
#Text=no scusa mi sono persa			
no	ADV	no	O
scusa	NOUN	scusa	O
mi	CLI	mi	O
sono	VER:fin	essere	O
persa	ADJ	perso	O
			
#Text=sì sì			
sì	ADV	sì	O
sì	ADV	sì	O
			
#Text=x sfasata mamma mia ripigliati			
x	ADJ	<unknown>	O
sfasata	VER:ppast	sfasare	O
mamma	NOUN	mamma	B
mia	DET:poss	mio	I
ripigliati	VER:ppast	ripigliare	O
			
#Text=così			
così	ADV	così	O
			
#Text=è giustissimo			
è	VER:fin	essere	O
giustissimo	ADJ	giusto	O
			
#Text=giustissimo			
giustissimo	ADJ	giusto	O
			
#Text=mamma mia			
mamma	NOUN	mamma	B
mia	DET:poss	mio	I
			
#Text=ma studiate anche le difficoltà psicologiche e mentali delle ragazze ah okay			
ma	CON	ma	O
studiate	VER:ppast	studiare	O
anche	ADV	anche	O
le	ART	la	O
difficoltà	NOUN	difficoltà	O
psicologiche	ADJ	psicologico	O
e	CON	e	O
mentali	ADJ	mentale	O
delle	ARTPRE	della	O
ragazze	NOUN	ragazza	O
ah	NOCAT	ah	O
okay	ADV	okay	O
			
#Text=no no			
no	ADV	no	O
no	ADV	no	O
			
#Text=no mi porti la penna			
no	ADV	no	O
mi	CLI	mi	O
porti	VER:fin	portare	O
la	ART	la	O
penna	NOUN	penna	O
			
#Text=nessuno darà un giudizio			
nessuno	PRO:indef	nessuno	O
darà	VER:fin	dare	B
un	ART	un	I
giudizio	NOUN	giudizio	I
			
#Text=meno male anche perché poveracci se no			
meno	ADV	meno	B
male	ADV	male	I
anche	ADV	anche	O
perché	WH	perché	O
poveracci	NOUN	poveraccio	O
se	CON	se	O
no	ADV	no	O
			
#Text=te svegli la mattina che sei peggio de			
te	PRO:pers	te	O
svegli	VER:fin	svegliare	O
la	ART	la	O
mattina	NOUN	mattina	O
che	CHE	che	O
sei	AUX:fin	essere	O
peggio	ADV	peggio	O
de	PRE	de	O
			
#Text=la morte ti fa bella			
la	ART	la	O
morte	NOUN	morte	O
ti	CLI	ti	O
fa	VER:fin	fare	O
bella	ADJ	bello	O
			
#Text=me svejo			
me	PRO:pers	me	O
svejo	VER:fin	<unknown>	O
			
#Text=peggio de punto			
peggio	ADV	peggio	O
de	PRE	de	O
punto	NOUN	punto	O
			
#Text=un pesce lesso			
un	ART	un	O
pesce	NOUN	pesce	O
lesso	ADJ	lesso	O
			
#Text=ho sentito olga mi ha detto che ha un sacco di cose da fare			
ho	AUX:fin	avere	O
sentito	VER:ppast	sentire	O
olga	VER:fin	<unknown>	O
mi	CLI	mi	O
ha	AUX:fin	avere	O
detto	VER:ppast	dire	O
che	CHE	che	O
ha	VER:fin	avere	O
un	ART	un	B
sacco	NOUN	sacco	I
di	PRE	di	I
cose	NOUN	cosa	O
da	PRE	da	O
fare	VER:infi	fare	O
			
#Text=un sacco di cose da fare			
un	ART	un	B
sacco	NOUN	sacco	I
di	PRE	di	I
cose	NOUN	cosa	O
da	PRE	da	O
fare	VER:infi	fare	O
			
#Text=boh sì			
boh	NOCAT	boh	O
sì	ADV	sì	O
			
#Text=quindi non è venuta campus			
quindi	ADV	quindi	O
non	NEG	non	O
è	AUX:fin	essere	O
venuta	VER:ppast	venire	O
campus	NOUN	campus	O
			
#Text=non l' ho so io non l' ho sentita quand' è l' ultima voltà che l' ho sentita			
non	NEG	non	O
l'	CLI	l'	O
ho	VER:fin	avere	O
so	VER:fin	sapere	O
io	PRO:pers	io	O
non	NEG	non	O
l'	CLI	l'	O
ho	AUX:fin	avere	O
sentita	VER:ppast	sentire	O
quand'	ADJ	<unknown>	O
è	VER:fin	essere	O
l'	ART	l'	O
ultima	ADJ	ultimo	O
voltà	NOUN	<unknown>	O
che	CHE	che	O
l'	CLI	l'	O
ho	AUX:fin	avere	O
sentita	VER:ppast	sentire	O
			
#Text=boh			
boh	NOCAT	boh	O
			
#Text=che ne so io			
che	CHE	che	O
ne	CLI	ne	O
so	VER:fin	sapere	O
io	PRO:pers	io	O
			
#Text=mi sa quando c' eri pure tu che viste lì al bar			
mi	CLI	mi	O
sa	VER:fin	sapere	O
quando	WH	quando	O
c'	CLI	c'	O
eri	VER:fin	essere	O
pure	ADV	pure	O
tu	PRO:pers	tu	O
che	CHE	che	O
viste	NOUN	vista	O
lì	ADV	lì	O
al	ARTPRE	al	O
bar	NOUN	bar	O
			
#Text=giovedì palazzo nuovo			
giovedì	NOUN	giovedì	O
palazzo	NOUN	palazzo	O
nuovo	ADJ	nuovo	O
			
#Text=questo			
questo	DET:demo	questo	O
			
#Text=e cavallerizza			
e	CON	e	O
cavallerizza	VER:fin	<unknown>	O
			
#Text=ma io so			
ma	CON	ma	O
io	PRO:pers	io	O
so	VER:fin	sapere	O
			
#Text=no cavallerizza			
no	ADV	no	O
cavallerizza	VER:fin	<unknown>	O
			
#Text=ma in che giorno			
ma	CON	ma	O
in	PRE	in	O
che	CHE	che	O
giorno	NOUN	giorno	O
			
#Text=ma com' è la festa a palazzo nuovo è tipo ci uno			
ma	CON	ma	O
com'	WH	come	O
è	VER:fin	essere	O
la	ART	la	O
festa	NOUN	festa	O
a	PRE	a	O
palazzo	NOUN	palazzo	O
nuovo	ADJ	nuovo	O
è	VER:fin	essere	O
tipo	NOUN	tipo	O
ci	CLI	ci	O
uno	PRO:indef	uno	O
			
#Text=bella			
bella	ADJ	bello	O
			
#Text=perché noi arriviamo sempre che è chiusa			
perché	WH	perché	O
noi	PRO:pers	noi	O
arriviamo	VER:fin	arrivare	O
sempre	ADV	sempre	O
che	CHE	che	O
è	AUX:fin	essere	O
chiusa	VER:ppast	chiudere	O
			
#Text=sì però più grande			
sì	ADV	sì	O
però	ADV	però	O
più	ADV	più	O
grande	ADJ	grande	O
			
#Text=ma cioè ma dove la fanno			
ma	CON	ma	O
cioè	ADV	cioè	O
ma	CON	ma	O
dove	WH	dove	O
la	CLI	la	O
fanno	VER:fin	fare	O
			
#Text=cioè quando arriviamo staccano			
cioè	ADV	cioè	O
quando	WH	quando	O
arriviamo	VER:fin	arrivare	O
staccano	VER:fin	staccare	O
			
#Text=eh non finisce non finisce			
eh	NOCAT	eh	O
non	NEG	non	O
finisce	VER:fin	finire	O
non	NEG	non	O
finisce	VER:fin	finire	O
			
#Text=arriviamo sempre quando finisce			
arriviamo	VER:fin	arrivare	O
sempre	ADV	sempre	O
quando	WH	quando	O
finisce	VER:fin	finire	O
			
#Text=ma nell' androne lo fanno			
ma	CON	ma	O
nell'	ARTPRE	nell'	O
androne	NOUN	androne	O
lo	CLI	lo	O
fanno	VER:fin	fare	O
			
#Text=a palazzo nuovo			
a	PRE	a	O
palazzo	NOUN	palazzo	O
nuovo	ADJ	nuovo	O
			
#Text=sì			
sì	ADV	sì	O
			
#Text=fanno			
fanno	VER:fin	fare	O
			
#Text=nel corridoio			
nel	ARTPRE	nel	O
corridoio	NOUN	corridoio	O
			
#Text=sì nel corridoio principale			
sì	ADV	sì	O
nel	ARTPRE	nel	O
corridoio	NOUN	corridoio	O
principale	ADJ	principale	O
			
#Text=mi date un telefono un attimo veloce			
mi	CLI	mi	O
date	VER:fin	dare	O
un	ART	un	O
telefono	NOUN	telefono	O
un	ART	un	B
attimo	NOUN	attimo	I
veloce	ADJ	veloce	O
			
#Text=musica cioè che è si beve si mangia o mettono discoteca tipo u			
musica	NOUN	musica	O
cioè	ADV	cioè	O
che	CHE	che	O
è	VER:fin	essere	O
si	CLI	si	O
beve	VER:fin	bere	O
si	CLI	si	O
mangia	VER:fin	mangiare	O
o	CON	o	O
mettono	VER:fin	mettere	O
discoteca	NOUN	discoteca	O
tipo	NOUN	tipo	O
u	ADJ	<unknown>	O
			
#Text=velocissimi			
velocissimi	ADJ	veloce	O
			
#Text=velocissimo			
velocissimo	ADJ	veloce	O
			
#Text=no no cioè cioè tipo discoteca			
no	ADV	no	O
no	ADV	no	O
cioè	ADV	cioè	O
cioè	ADV	cioè	O
tipo	NOUN	tipo	O
discoteca	NOUN	discoteca	O
			
#Text=poi si beve a pochissimo			
poi	ADV	poi	O
si	CLI	si	O
beve	VER:fin	bere	O
a	PRE	a	O
pochissimo	ADJ	poco	O
			
#Text=la fotocamera			
la	ART	la	O
fotocamera	NOUN	<unknown>	O
			
#Text=però entri gratis comunque come al ci uno			
però	ADV	però	O
entri	VER:fin	entrare	O
gratis	ADV	gratis	O
comunque	WH	comunque	O
come	WH	come	O
al	ARTPRE	al	O
ci	CLI	ci	O
uno	PRO:indef	uno	O
			
#Text=sì sì certo			
sì	ADV	sì	O
sì	ADV	sì	O
certo	ADV	certo	O
			
#Text=no no non è male poi dopo c' è cavallerizza			
no	ADV	no	O
no	ADV	no	O
non	NEG	non	O
è	VER:fin	essere	O
male	ADV	male	O
poi	ADV	poi	O
dopo	ADV	dopo	O
c'	CLI	c'	O
è	VER:fin	essere	O
cavallerizza	VER:fin	<unknown>	O
			
#Text=okay scusate no niente			
okay	ADV	okay	O
scusate	VER:ppast	scusare	O
no	ADV	no	O
niente	ADV	niente	O
			
#Text=appost			
appost	ADJ	<unknown>	O
			
#Text=dopo ve le mando			
dopo	CON	dopo	O
ve	CLI	ve	O
le	CLI	le	O
mando	VER:fin	mandare	O
			
#Text=ce risponde francesco che è in tram quando torna ve fa l' audio			
ce	CLI	ce	O
risponde	VER:fin	rispondere	O
francesco	ADJ	<unknown>	O
che	CHE	che	O
è	VER:fin	essere	O
in	PRE	in	O
tram	NOUN	tram	O
quando	WH	quando	O
torna	VER:fin	tornare	O
ve	CLI	ve	O
fa	VER:fin	fare	O
l'	ART	l'	O
audio	NOUN	<unknown>	O
			
#Text=grazie francesco			
grazie	ADV	grazie	O
francesco	ADJ	<unknown>	O
			
#Text=ringrazialo digli che			
ringrazialo	VER:fin	<unknown>	O
digli	VER:fin	<unknown>	O
che	CHE	che	O
			
#Text=ma sì bip bip			
ma	CON	ma	O
sì	ADV	sì	O
bip	NOUN	bip	O
bip	NOUN	bip	O
			
#Text=giusto			
giusto	ADJ	giusto	O
			
#Text=mi sento willy il coyote			
mi	CLI	mi	O
sento	VER:fin	sentire	O
willy	NOUN	<unknown>	O
il	ART	il	O
coyote	NOUN	<unknown>	O
			
#Text=comunque bea cocco ce teneva a far sapere che era lei che te stava a mandà sti audio			
comunque	WH	comunque	O
bea	VER:fin	beare	O
cocco	NOUN	cocco	O
ce	CLI	ce	O
teneva	VER:fin	tenere	O
a	PRE	a	O
far	VER2:infi	fare	O
sapere	VER:infi	sapere	O
che	CHE	che	O
era	VER:fin	essere	O
lei	PRO:pers	lei	O
che	CHE	che	O
te	PRO:pers	te	O
stava	VER:fin	stare	O
a	PRE	a	O
mandà	NOUN	<unknown>	O
sti	VER:fin	<unknown>	O
audio	ADJ	<unknown>	O
			
#Text=s' è innamorata			
s'	CLI	si	O
è	AUX:fin	essere	O
innamorata	VER:ppast	innamorare	O
			
#Text=insieme a			
insieme	ADV	insieme	O
a	PRE	a	O
			
#Text=eh grazie urliamolo al mondo			
eh	NOCAT	eh	O
grazie	ADV	grazie	O
urliamolo	VER:fin	<unknown>	O
mondo	NOUN	mondo	O
			
#Text=oddio mio			
oddio	VER:fin	<unknown>	B
mio	PRO:poss	mio	I
			
#Text=e quindi questo oggetto di studio verrà poi			
e	CON	e	O
quindi	ADV	quindi	O
questo	DET:demo	questo	O
oggetto	NOUN	oggetto	O
di	PRE	di	O
studio	NOUN	studio	O
verrà	AUX:fin	venire	O
poi	ADV	poi	O
			
#Text=sintetizzato in			
sintetizzato	VER:ppast	sintetizzare	O
in	PRE	in	O
			
#Text=in che senso sinte			
in	PRE	in	O
che	CHE	che	O
senso	NOUN	senso	O
sinte	ADJ	<unknown>	O
			
#Text=cosa fate alla fine			
cosa	WH	cosa	O
fate	VER:fin	fare	O
alla	ARTPRE	alla	B
fine	NOUN	fine	I
			
#Text=mi sentivo figa ma niente			
mi	CLI	mi	O
sentivo	VER:fin	sentire	O
figa	VER:fin	<unknown>	O
ma	CON	ma	O
niente	ADV	niente	O
			
#Text=voleva fare la voleva fare l' aulica			
voleva	VER2:fin	volere	O
fare	VER:infi	fare	O
la	ART	la	O
voleva	VER2:fin	volere	O
fare	VER:infi	fare	O
l'	ART	l'	O
aulica	ADJ	aulico	O
			
#Text=volevo praticamente			
volevo	VER:fin	volere	O
praticamente	ADV:mente	praticamente	O
			
#Text=questo è			
questo	PRO:demo	questo	O
è	VER:fin	essere	O
			
#Text=niente a scendere			
niente	ADV	niente	O
a	PRE	a	O
scendere	VER:infi	scendere	O
			
#Text=come vi ho detto prima c' è un corpus			
come	WH	come	O
vi	CLI	vi	O
ho	AUX:fin	avere	O
detto	VER:ppast	dire	O
prima	ADV	prima	O
c'	CLI	c'	O
è	VER:fin	essere	O
un	ART	un	O
corpus	NOUN	corpus	O
			
#Text=con dentro tutte queste conversazioni			
con	PRE	con	O
dentro	PRE	dentro	O
tutte	DET:indef	tutto	O
queste	DET:demo	questo	O
conversazioni	NOUN	conversazione	O
			
#Text=non fà la figa che corpus			
non	NEG	non	O
fà	NOUN	<unknown>	O
la	CLI	la	O
figa	VER:fin	<unknown>	O
che	CHE	che	O
corpus	NOUN	corpus	O
			
#Text=corpus			
corpus	NOUN	corpus	O
			
#Text=si chiama così			
si	CLI	si	O
chiama	VER:fin	chiamare	O
così	ADV	così	O
			
#Text=e il plurale è corpora			
e	CON	e	O
il	ART	il	O
plurale	NOUN	plurale	O
è	VER:fin	essere	O
corpora	NOUN	corpus	O
			
#Text=ah			
ah	NOCAT	ah	O
			
#Text=ah è come un pluralia tantum			
ah	NOCAT	ah	O
è	VER:fin	essere	O
come	WH	come	O
un	ART	un	O
pluralia	NOUN	<unknown>	B
tantum	ADJ	<unknown>	I
			
#Text=declinazione			
declinazione	NOUN	declinazione	O
			
#Text=no però vabbé			
no	ADV	no	O
però	ADV	però	O
vabbé	VER:fin	<unknown>	O
			
#Text=' na sega			
'	PUN	'	B
na	VER:fin	<unknown>	I
sega	NOUN	sega	I
			
#Text=registra ' na sega			
registra	VER:fin	registrare	O
'	PUN	'	B
na	VER:fin	<unknown>	I
sega	NOUN	sega	I
			
#Text=vabbé no comunque c' è un corpus			
vabbé	VER:fin	<unknown>	O
no	ADV	no	O
comunque	WH	comunque	O
c'	CLI	c'	O
è	VER:fin	essere	O
un	ART	un	O
corpus	NOUN	corpus	O
			
#Text=castra castrorum			
castra	VER:fin	castrare	O
castrorum	NOUN	<unknown>	O
			
#Text=no			
no	ADV	no	O
			
#Text=praticamente i linguisti che sono quelli che hanno studiato quello che sto studiando io ma poi sono diventati qualcuno			
praticamente	ADV:mente	praticamente	O
i	ART	il	O
linguisti	NOUN	linguista	O
che	CHE	che	O
sono	VER:fin	essere	O
quelli	PRO:demo	quelli	O
che	CHE	che	O
hanno	AUX:fin	avere	O
studiato	VER:ppast	studiare	O
quello	PRO:demo	quello	O
che	CHE	che	O
sto	VER:fin	stare	O
studiando	VER:geru	studiare	O
io	PRO:pers	io	O
ma	CON	ma	O
poi	ADV	poi	O
sono	AUX:fin	essere	O
diventati	VER:ppast	diventare	O
qualcuno	PRO:indef	qualcuno	O
			
#Text=quindi tipo rossi era			
quindi	ADV	quindi	O
tipo	NOUN	tipo	O
rossi	ADJ	rosso	O
era	VER:fin	essere	O
			
#Text=e fa eh se fanno se fa uno studio di sociolinguistica così			
e	CON	e	O
fa	ADV	fa	O
eh	NOCAT	eh	O
se	CLI	se	O
fanno	VER:fin	fare	O
se	CON	se	O
fa	ADV	fa	O
uno	ART	un	O
studio	NOUN	studio	O
di	PRE	di	O
sociolinguistica	ADJ	<unknown>	O
così	ADV	così	O
			
#Text=e sentirà la mia voce			
e	CON	e	O
sentirà	VER:fin	sentire	O
la	ART	la	O
mia	DET:poss	mio	O
voce	NOUN	voce	O
			
#Text=chi			
chi	WH	chi	O
			
#Text=figo			
figo	VER:fin	<unknown>	O
			
#Text=e prende sti dati e li può usare			
e	CON	e	O
prende	VER:fin	prendere	O
sti	ADJ	<unknown>	O
dati	NOUN	dato	O
e	CON	e	O
li	CLI	li	O
può	VER2:fin	potere	O
usare	VER:infi	usare	O
			
#Text=trenta			
trenta	DET:num	trenta	O
			
#Text=trenta cioè			
trenta	DET:num	trenta	O
cioè	ADV	cioè	O
			
#Text=e lode			
e	CON	e	O
lode	NOUN	lode	O
			
#Text=io ho collaborato			
io	PRO:pers	io	O
ho	AUX:fin	avere	O
collaborato	VER:ppast	collaborare	O
			
#Text=ero io quella			
ero	VER:fin	essere	O
io	PRO:pers	io	O
quella	PRO:demo	quella	O
			
#Text=dammi un po' di trenta che mi x			
dammi	VER:fin	<unknown>	O
un	ART	un	O
po'	PRO:indef	po'	O
di	PRE	di	O
trenta	DET:num	trenta	O
che	CHE	che	O
mi	CLI	mi	O
x	NOUN	<unknown>	O
			
#Text=x dici cazzo x			
x	ADJ	<unknown>	O
dici	VER:fin	dire	O
cazzo	NOUN	cazzo	O
x	ADJ	<unknown>	O
			
#Text=vabbé tanto è impossibile risalire alla persona			
vabbé	VER:fin	<unknown>	O
tanto	ADV	tanto	O
è	VER:fin	essere	O
impossibile	ADJ	impossibile	O
risalire	VER:infi	risalire	O
alla	ARTPRE	alla	O
persona	NOUN	persona	O
			
#Text=certo ovvio			
certo	ADJ	certo	O
ovvio	VER:fin	ovviare	O
			
#Text=cioè tipo anche se esce fuori			
cioè	ADV	cioè	O
tipo	NOUN	tipo	O
anche	ADV	anche	O
se	CLI	se	O
esce	VER:fin	uscire	B
fuori	ADV	fuori	I
			
#Text=la via dove abiti o il nome di tua madre cioè si bippa			
la	ART	la	O
via	NOUN	via	O
dove	WH	dove	O
abiti	NOUN	abito	O
o	CON	o	O
il	ART	il	O
nome	NOUN	nome	O
di	PRE	di	O
tua	DET:poss	tuo	O
madre	NOUN	madre	O
cioè	ADV	cioè	O
si	CLI	si	O
bippa	VER:fin	<unknown>	O
			
#Text=bippa bippa			
bippa	VER:fin	<unknown>	O
bippa	VER:fin	<unknown>	O
			
#Text=per forza			
per	PRE	per	B
forza	NOUN	forza	I
			
#Text=però le parolacce no			
però	ADV	però	O
le	ART	la	O
parolacce	NOUN	parolaccia	O
no	ADV	no	O
			
#Text=anche anche perché noi c' abbiamo degli aggressori alle spalle			
anche	ADV	anche	O
anche	ADV	anche	O
perché	WH	perché	O
noi	PRO:pers	noi	O
c'	CLI	c'	O
abbiamo	VER:fin	avere	O
degli	ARTPRE	del	O
aggressori	NOUN	aggressore	O
alle	ARTPRE	alla	B
spalle	NOUN	spalla	I
			
#Text=esatto quindi adesso diciamo tutte cose che si bippano			
esatto	ADJ	esatto	O
quindi	ADV	quindi	O
adesso	ADV	adesso	O
diciamo	VER:fin	dire	O
tutte	DET:indef	tutto	O
cose	NOUN	cosa	O
che	CHE	che	O
si	CLI	si	O
bippano	VER:fin	<unknown>	O
			
#Text=cioè una sera c' hanno aggredito			
cioè	ADV	cioè	O
una	ART	una	O
sera	NOUN	sera	O
c'	CLI	c'	O
hanno	AUX:fin	avere	O
aggredito	VER:ppast	aggredire	O
			
#Text=via rossini			
via	ADV	via	O
rossini	ADJ	<unknown>	O
			
#Text=raccontiamo questa storia tragica che magari andrà al tigì			
raccontiamo	VER:fin	raccontare	O
questa	DET:demo	questo	O
storia	NOUN	storia	O
tragica	ADJ	tragico	O
che	CHE	che	O
magari	ADV	magari	O
andrà	VER:fin	andare	O
al	ARTPRE	al	O
tigì	NOUN	tigì	O
			
#Text=ma davvero			
ma	CON	ma	O
davvero	ADV	davvero	O
			
#Text=sì denunciamo			
sì	ADV	sì	O
denunciamo	VER:fin	denunciare	O
			
#Text=denunciamo davanti a tutti ragazzi diciamo no alla violenza			
denunciamo	VER:fin	denunciare	O
davanti	ADV	davanti	O
a	PRE	a	O
tutti	DET:indef	tutto	O
ragazzi	NOUN	ragazzo	O
diciamo	VER:fin	dire	O
no	ADV	no	O
alla	ARTPRE	alla	O
violenza	NOUN	violenza	O
			
#Text=sì diciamo che in realtà non volevano noi			
sì	ADV	sì	O
diciamo	VER:fin	dire	O
che	CHE	che	O
in	PRE	in	B
realtà	NOUN	realtà	I
non	NEG	non	O
volevano	VER2:fin	volere	O
noi	PRO:pers	noi	O
			
#Text=seriamente			
seriamente	ADV:mente	seriamente	O
			
#Text=però alla fine noi ci siamo ritrovate in mezzo a sta cosa			
però	ADV	però	O
alla	ARTPRE	alla	B
fine	NOUN	fine	I
noi	PRO:pers	noi	O
ci	CLI	ci	O
siamo	AUX:fin	essere	O
ritrovate	VER:ppast	ritrovare	O
in	PRE	in	B
mezzo	NOUN	mezzo	I
a	PRE	a	I
sta	VER:fin	stare	O
cosa	WH	cosa	O
			
#Text=cioè praticamente siamo uscite una sera da abu quello in via rossini			
cioè	ADV	cioè	O
praticamente	ADV:mente	praticamente	O
siamo	AUX:fin	essere	O
uscite	VER:ppast	uscire	O
una	ART	una	O
sera	NOUN	sera	O
da	PRE	da	O
abu	ADJ	<unknown>	O
quello	PRO:demo	quello	O
in	PRE	in	O
via	NOUN	via	O
rossini	ADJ	<unknown>	O
			
#Text=bip bip			
bip	NOUN	bip	O
bip	NOUN	bip	O
			
#Text=dove passa il diciotto			
dove	WH	dove	O
passa	VER:fin	passare	O
il	ART	il	O
diciotto	DET:num	diciotto	O
			
#Text=bip no			
bip	NOUN	bip	O
no	ADV	no	O
			
#Text=io ricordo			
io	PRO:pers	io	O
ricordo	NOUN	ricordo	O
			
#Text=e tipo nulla			
e	CON	e	O
tipo	NOUN	tipo	O
nulla	PRO:indef	nulla	O
			
#Text=mh stavamo bevendo ballando molto scialla			
mh	VER:fin	<unknown>	O
stavamo	VER:fin	stare	O
bevendo	VER:geru	bere	O
ballando	VER:geru	ballare	O
molto	ADV	molto	O
scialla	VER:fin	<unknown>	O
			
#Text=abbiamo conosciuto dei ragazzi sicialiani stavamo tutti là a fà baldoria			
abbiamo	AUX:fin	avere	O
conosciuto	VER:ppast	conoscere	O
dei	ARTPRE	del	O
ragazzi	NOUN	ragazzo	O
sicialiani	ADJ	<unknown>	O
stavamo	VER:fin	stare	O
tutti	PRO:indef	tutti	O
là	ADV	là	O
a	PRE	a	O
fà	NOUN	<unknown>	B
baldoria	NOUN	baldoria	I
			
#Text=insomma ma ci stavamo dentro abbastanza			
insomma	ADV	insomma	O
ma	CON	ma	O
ci	CLI	ci	O
stavamo	VER:fin	stare	O
dentro	ADV	dentro	O
abbastanza	ADV	abbastanza	O
			
#Text=con abu che ballava con noi			
con	PRE	con	O
abu	ADJ	<unknown>	O
che	CHE	che	O
ballava	VER:fin	ballare	O
con	PRE	con	O
noi	PRO:pers	noi	O
			
#Text=esatto ci sono anche foto imbarazzanti			
esatto	ADJ	esatto	O
ci	CLI	ci	O
sono	VER:fin	essere	O
anche	ADV	anche	O
foto	NOUN	foto	O
imbarazzanti	ADJ	imbarazzante	O
			
#Text=una scena epica che mi tatuerò			
una	ART	una	O
scena	NOUN	scena	O
epica	ADJ	epico	O
che	CHE	che	O
mi	CLI	mi	O
tatuerò	VER:fin	tatuare	O
			
#Text=ma cos' è abu			
ma	CON	ma	O
cos'	ADJ	<unknown>	O
è	VER:fin	essere	O
abu	ADJ	<unknown>	O
			
#Text=è un bangladino bar			
è	VER:fin	essere	O
un	ART	un	O
bangladino	ADJ	<unknown>	O
bar	NOUN	bar	O
			
#Text=vedi tu abu abu			
vedi	VER:fin	vedere	O
tu	PRO:pers	tu	O
abu	ADJ	<unknown>	O
abu	ADJ	<unknown>	O
			
#Text=ah un bangla			
ah	NOCAT	ah	O
un	ART	un	O
bangla	NOUN	<unknown>	O
			
#Text=però è bar			
però	ADV	però	O
è	VER:fin	essere	O
bar	NOUN	bar	O
			
#Text=però c' è da ' na parte c' è l' alimentari			
però	ADV	però	O
c'	CLI	c'	O
è	VER:fin	essere	O
da	PRE	da	O
'	PUN	'	O
na	VER:fin	<unknown>	O
parte	NOUN	parte	O
c'	CLI	c'	O
è	VER:fin	essere	O
l'	ART	l'	O
alimentari	ADJ	alimentare	O
			
#Text=banglar sostanzialmente			
banglar	VER:infi	<unknown>	O
sostanzialmente	ADV:mente	sostanzialmente	O
			
#Text=dove c' è proprio la fermata c' è il bangla alimentari			
dove	WH	dove	O
c'	CLI	c'	O
è	VER:fin	essere	O
proprio	ADV	proprio	O
la	ART	la	O
fermata	NOUN	fermata	O
c'	CLI	c'	O
è	VER:fin	essere	O
il	ART	il	O
bangla	NOUN	<unknown>	O
alimentari	ADJ	alimentare	O
			
#Text=ma ce ne sono tantissime raga di fermate in via rossini			
ma	CON	ma	O
ce	CLI	ce	O
ne	CLI	ne	O
sono	VER:fin	essere	O
tantissime	ADJ	tanto	O
raga	NOUN	<unknown>	O
di	PRE	di	O
fermate	NOUN	fermata	O
in	PRE	in	O
via	NOUN	via	O
rossini	ADJ	<unknown>	O
			
#Text=e vicino ha aperto			
e	CON	e	O
vicino	ADJ	vicino	O
ha	AUX:fin	avere	O
aperto	VER:ppast	aprire	O
			
#Text=l' ultima prima di via po			
l'	ART	l'	O
ultima	NOUN	ultima	O
prima	ADJ	primo	O
di	PRE	di	O
via	NOUN	via	O
po	VER:fin	<unknown>	O
			
#Text=quella quando scendi al venturi			
quella	PRO:demo	quella	O
quando	WH	quando	O
scendi	VER:fin	scendere	O
al	ARTPRE	al	O
venturi	ADJ	venturo	O
			
#Text=ah okay			
ah	NOCAT	ah	O
okay	ADV	okay	O
			
#Text=in via po			
in	PRE	in	O
via	NOUN	via	O
po	VER:fin	<unknown>	O
			
#Text=l' ultima che poi arrivi in via po			
l'	ART	l'	O
ultima	NOUN	ultima	O
che	CHE	che	O
poi	ADV	poi	O
arrivi	VER:fin	arrivare	O
in	PRE	in	O
via	NOUN	via	O
po	VER:fin	<unknown>	O
			
#Text=prima di via po			
prima	ADV	prima	O
di	PRE	di	O
via	NOUN	via	O
po	VER:fin	<unknown>	O
			
#Text=prima di girare su via po'			
prima	ADV	prima	O
di	PRE	di	O
girare	VER:infi	girare	O
su	PRE	su	O
via	ADV	via	O
po'	PRO:indef	po'	O
			
#Text=ah okay okay ho capito sì sì			
ah	NOCAT	ah	O
okay	ADV	okay	O
okay	ADV	okay	O
ho	AUX:fin	avere	O
capito	VER:ppast	capire	O
sì	ADV	sì	O
sì	ADV	sì	O
			
#Text=esatto			
esatto	ADJ	esatto	O
			
#Text=ho capito			
ho	AUX:fin	avere	O
capito	VER:ppast	capire	O
			
#Text=grande			
grande	ADJ	grande	O
			
#Text=che figo			
che	CHE	che	O
figo	VER:fin	<unknown>	O
			
#Text=stavamo stavamo là eccetera			
stavamo	VER:fin	stare	O
stavamo	VER:fin	stare	O
là	ADV	là	O
eccetera	ADV	eccetera	O
			
#Text=arrivano due che stavano strafuori			
arrivano	VER:fin	arrivare	O
due	DET:num	due	O
che	CHE	che	O
stavano	VER:fin	stare	O
strafuori	VER:fin	<unknown>	O
			
#Text=e iniziano a dar fastidio a noi però capito quelle cose che ti rompono il cazzo e così			
e	CON	e	O
iniziano	VER:fin	iniziare	O
a	PRE	a	O
dar	VER:infi	dare	B
fastidio	NOUN	fastidio	I
a	PRE	a	O
noi	PRO:pers	noi	O
però	ADV	però	O
capito	VER:ppast	capire	O
quelle	DET:demo	quello	O
cose	NOUN	cosa	O
che	CHE	che	O
ti	CLI	ti	O
rompono	VER:fin	rompere	B
il	ART	il	I
cazzo	NOUN	cazzo	I
e	CON	e	O
così	ADV	così	O
			
#Text=madonna			
madonna	NOUN	madonna	O
			
#Text=sì esatto sti cazzi			
sì	ADV	sì	O
esatto	ADJ	esatto	O
sti	VER:fin	<unknown>	B
cazzi	NOUN	cazzo	I
			
#Text=io			
io	PRO:pers	io	O
			
#Text=poi nulla usciamo fuori			
poi	ADV	poi	O
nulla	PRO:indef	nulla	O
usciamo	VER:fin	uscire	O
fuori	ADV	fuori	O
			
#Text=cioè sti ragazzi erano siciliani quindi parlavano in dialetto questi pensavano li stessero prendendo per il culo quindi tutto è iniziato con			
cioè	ADV	cioè	O
sti	VER:fin	<unknown>	O
ragazzi	NOUN	ragazzo	O
erano	VER:fin	essere	O
siciliani	ADJ	siciliano	O
quindi	ADV	quindi	O
parlavano	VER:fin	parlare	O
in	PRE	in	O
dialetto	NOUN	dialetto	O
questi	PRO:demo	questi	O
pensavano	VER:fin	pensare	O
li	CLI	li	O
stessero	VER:fin	stare	O
prendendo	VER:geru	prendere	B
per	PRE	per	I
il	ART	il	I
culo	NOUN	<unknown>	I
quindi	ADV	quindi	O
tutto	PRO:indef	tutto	O
è	AUX:fin	essere	O
iniziato	VER:ppast	iniziare	O
con	PRE	con	O
			
#Text=che gli ha detto			
che	CHE	che	O
gli	CLI	gli	O
ha	AUX:fin	avere	O
detto	VER:ppast	dire	O
			
#Text=non parlare siciliano in presenza mia			
non	NEG	non	O
parlare	VER:infi	parlare	O
siciliano	ADJ	siciliano	O
in	PRE	in	O
presenza	NOUN	presenza	O
mia	DET:poss	mio	O
			
#Text=non parlare siciliano siamo a torino si parla il torinese			
non	NEG	non	O
parlare	VER:infi	parlare	O
siciliano	ADJ	siciliano	O
siamo	VER:fin	essere	O
a	PRE	a	O
torino	NOUN	<unknown>	O
si	CLI	si	O
parla	VER:fin	parlare	O
il	ART	il	O
torinese	ADJ	torinese	O
			
#Text=io non lo so il torinese			
io	PRO:pers	io	O
non	NEG	non	O
lo	CLI	lo	O
so	VER:fin	sapere	O
il	ART	il	O
torinese	ADJ	torinese	O
			
#Text=la tua lingua di merda la parli giù			
la	ART	la	O
tua	DET:poss	tuo	O
lingua	NOUN	lingua	O
di	PRE	di	O
merda	NOUN	merda	O
la	CLI	la	O
parli	VER:fin	parlare	O
giù	ADV	giù	O
			
#Text=io non lo so come sia il torinese come lo si parla			
io	PRO:pers	io	O
non	NEG	non	O
lo	CLI	lo	O
so	VER:fin	sapere	O
come	WH	come	O
sia	VER:fin	essere	O
il	ART	il	O
torinese	ADJ	torinese	O
come	WH	come	O
lo	CLI	lo	O
si	CLI	si	O
parla	VER:fin	parlare	O
			
#Text=suvvia			
suvvia	VER:fin	<unknown>	O
			
#Text=fatto sta che insomma hanno iniziato a menasse si sono azzuffati			
fatto	NOUN	fatto	O
sta	VER:fin	stare	O
che	CHE	che	O
insomma	ADV	insomma	O
hanno	AUX:fin	avere	O
iniziato	VER:ppast	iniziare	O
a	PRE	a	O
menasse	VER:fin	menare	O
si	CLI	si	O
sono	AUX:fin	essere	O
azzuffati	VER:ppast	azzuffare	O
			
#Text=spaccati tutti			
spaccati	VER:ppast	spaccare	O
tutti	PRO:indef	tutti	O
			
#Text=glie menavano con			
glie	VER:fin	<unknown>	O
menavano	VER:fin	menare	O
con	PRE	con	O
			
#Text=roby che era lì a bloccarli io e marta siamo scappate			
roby	NOUN	<unknown>	O
che	CHE	che	O
era	VER:fin	essere	O
lì	ADV	lì	O
a	PRE	a	O
bloccarli	VER:infi:cli	bloccare	O
io	PRO:pers	io	O
e	CON	e	O
marta	VER:fin	<unknown>	O
siamo	AUX:fin	essere	O
scappate	VER:ppast	scappare	O
			
#Text=io paladina di sto ca			
io	PRO:pers	io	O
paladina	NOUN	<unknown>	O
di	PRE	di	O
sto	VER:fin	stare	B
ca	ADJ	<unknown>	I
			
#Text=col lucchetto della bici una roba così gliela davano in testa			
col	ARTPRE	col	O
lucchetto	NOUN	lucchetto	O
della	ARTPRE	della	O
bici	NOUN	bici	O
una	ART	una	O
roba	NOUN	roba	O
così	ADV	così	O
gliela	CLI	gliela	O
davano	VER:fin	dare	O
in	PRE	in	O
testa	NOUN	testa	O
			
#Text=madonna			
madonna	NOUN	madonna	O
			
#Text=c' ha n' occhio d			
c'	CLI	c'	O
ha	VER:fin	avere	O
n'	ADJ	<unknown>	O
occhio	NOUN	occhio	O
d	VER:fin	<unknown>	O
			
#Text=c' ha 'n occhio de fori ce ne sono riuscita ieri sera cò questo c' ha 'n occhio veramente			
c'	CLI	c'	O
ha	AUX:fin	avere	O
'n	VER:fin	<unknown>	O
occhio	NOUN	occhio	O
de	PRE	de	O
fori	NOUN	foro	O
ce	CLI	ce	O
ne	CLI	ne	O
sono	AUX:fin	essere	O
riuscita	VER:ppast	riuscire	O
ieri	ADV	ieri	O
sera	NOUN	sera	O
cò	VER:fin	<unknown>	O
questo	PRO:demo	questo	O
c'	CLI	c'	O
ha	AUX:fin	avere	O
'n	VER:fin	<unknown>	O
occhio	NOUN	occhio	O
veramente	ADV:mente	veramente	O
			
#Text=tutto iniettato di sangue sembra non so un film dell' orrore			
tutto	PRO:indef	tutto	O
iniettato	VER:ppast	iniettare	O
di	PRE	di	O
sangue	NOUN	sangue	O
sembra	VER:fin	sembrare	O
non	NEG	non	O
so	VER:fin	sapere	O
un	ART	un	O
film	NOUN	film	O
dell'	ARTPRE	dell'	O
orrore	NOUN	orrore	O
			
#Text=esatto quindi nulla			
esatto	ADJ	esatto	O
quindi	ADV	quindi	O
nulla	PRO:indef	nulla	O
			
#Text=che brutta storia			
che	CHE	che	O
brutta	ADJ	brutto	O
storia	NOUN	storia	O
			
#Text=poi noi eh			
poi	ADV	poi	O
noi	PRO:pers	noi	O
eh	NOCAT	eh	O
			
#Text=com' è andata dei lapsus			
com'	WH	come	O
è	AUX:fin	essere	O
andata	VER:ppast	andare	O
dei	ARTPRE	del	O
lapsus	NOUN	lapsus	O
			
#Text=eh niente stavamo andando in questura a denunciare c' hanno fermato			
eh	NOCAT	eh	O
niente	PRO:indef	niente	O
stavamo	VER:fin	stare	O
andando	VER:geru	andare	O
in	PRE	in	O
questura	NOUN	questura	O
a	PRE	a	O
denunciare	VER:infi	denunciare	O
c'	CLI	c'	O
hanno	AUX:fin	avere	O
fermato	VER:ppast	fermare	O
			
#Text=l' hanno presa per i capelli			
l'	ART	l'	O
hanno	AUX:fin	avere	O
presa	VER:ppast	prendere	O
per	PRE	per	O
i	ART	il	O
capelli	NOUN	capello	O
			
#Text=perché sta lì in via verdi			
perché	WH	perché	O
sta	VER:fin	stare	O
lì	ADV	lì	O
in	PRE	in	O
via	NOUN	via	O
verdi	ADJ	verde	O
			
#Text=all' inizio cioè ci stava provando mi faceva dammi il tuo numero			
all'	ARTPRE	all'	O
inizio	NOUN	inizio	O
cioè	ADV	cioè	O
ci	CLI	ci	O
stava	VER:fin	stare	O
provando	VER:geru	provare	O
mi	CLI	mi	O
faceva	VER:fin	fare	O
dammi	VER:fin	<unknown>	O
il	ART	il	O
tuo	DET:poss	tuo	O
numero	NOUN	numero	O
			
#Text=anche secondo me			
anche	ADV	anche	O
secondo	PRE	secondo	O
me	PRO:pers	me	O
			
#Text=sì sì			
sì	ADV	sì	O
sì	ADV	sì	O
			
#Text=ma no voleva perché voleva raggiungere gli altri			
ma	CON	ma	O
no	ADV	no	O
voleva	VER:fin	volere	O
perché	WH	perché	O
voleva	VER2:fin	volere	O
raggiungere	VER:infi	raggiungere	O
gli	ART	il	O
altri	PRO:indef	altri	O
			
#Text=e io gli ho detto no			
e	CON	e	O
io	PRO:pers	io	O
gli	CLI	gli	O
ho	AUX:fin	avere	O
detto	VER:ppast	dire	O
no	ADV	no	O
			
#Text=sì no			
sì	ADV	sì	O
no	ADV	no	O
			
#Text=no secondo me no perché noi gli abbiam detto che non li conoscevamo			
no	ADV	no	O
secondo	PRE	secondo	O
me	PRO:pers	me	O
no	ADV	no	O
perché	WH	perché	O
noi	PRO:pers	noi	O
gli	ART	il	O
abbiam	NOUN	<unknown>	O
detto	VER:ppast	dire	O
che	CHE	che	O
non	NEG	non	O
li	CLI	li	O
conoscevamo	VER:fin	conoscere	O
			
#Text=volev era lì che ammiccava			
volev	NPR	<unknown>	O
era	VER:fin	essere	O
lì	ADV	lì	O
che	CHE	che	O
ammiccava	VER:fin	ammiccare	O
			
#Text=dammi il tuo numero io gli ho detto no			
dammi	VER:fin	<unknown>	O
il	ART	il	O
tuo	DET:poss	tuo	O
numero	NOUN	numero	O
io	PRO:pers	io	O
gli	CLI	gli	O
ho	AUX:fin	avere	O
detto	VER:ppast	dire	O
no	ADV	no	O
			
#Text=ma questi strafatti di coca non sbattevano le palpebre			
ma	CON	ma	O
questi	DET:demo	questo	O
strafatti	VER:ppast	strafare	O
di	PRE	di	O
coca	NOUN	<unknown>	O
non	NEG	non	O
sbattevano	VER:fin	sbattere	O
le	ART	la	O
palpebre	NOUN	palpebra	O
			
#Text=sì			
sì	ADV	sì	O
			
#Text=vabbé queste sono nostre			
vabbé	VER:fin	<unknown>	O
queste	PRO:demo	queste	O
sono	VER:fin	essere	O
nostre	DET:poss	nostro	O
			
#Text=no no erano strafatti di coca			
no	NOUN	no	O
no	ADV	no	O
erano	AUX:fin	essere	O
strafatti	VER:ppast	strafare	O
di	PRE	di	O
coca	NOUN	<unknown>	O
			
#Text=quindi proprio fuori dalla porta dalla questura questo mi prende e mi sbatte al muro			
quindi	ADV	quindi	O
proprio	ADV	proprio	O
fuori	ADV	fuori	O
dalla	ARTPRE	dalla	O
porta	NOUN	porta	O
dalla	ARTPRE	dalla	O
questura	NOUN	questura	O
questo	PRO:demo	questo	O
mi	CLI	mi	O
prende	VER:fin	prendere	O
e	CON	e	O
mi	CLI	mi	O
sbatte	VER:fin	sbattere	O
al	ARTPRE	al	O
muro	NOUN	muro	O
			
#Text=no			
no	ADV	no	O
			
#Text=e tipo io così morta lì			
e	CON	e	O
tipo	NOUN	tipo	O
io	PRO:pers	io	O
così	ADV	così	O
morta	VER:ppast	morire	O
lì	ADV	lì	O
			
#Text=cioè nel senso dico se non c' era lei ero morta			
cioè	ADV	cioè	O
nel	ARTPRE	nel	B
senso	NOUN	senso	I
dico	VER:fin	dire	O
se	CON	se	O
non	NEG	non	O
c'	CLI	c'	O
era	VER:fin	essere	O
lei	PRO:pers	lei	O
ero	AUX:fin	essere	O
morta	VER:ppast	morire	O
			
#Text=madonna che paura			
madonna	NOUN	madonna	O
che	CHE	che	O
paura	NOUN	paura	O
			
#Text=lei me prende pe braccio e me tira andamo			
lei	PRO:pers	lei	O
me	PRO:pers	me	O
prende	VER:fin	prendere	O
pe	ADJ	<unknown>	O
braccio	NOUN	braccio	O
e	CON	e	O
me	PRO:pers	me	O
tira	VER:fin	tirare	O
andamo	VER:fin	<unknown>	O
			
#Text=perché aveva capito l' andazzo			
perché	WH	perché	O
aveva	AUX:fin	avere	O
capito	VER:ppast	capire	O
l'	ART	l'	O
andazzo	NOUN	andazzo	O
			
#Text=e nel frattempo lui urlava che voleva i contatti de sti ragazzi			
e	CON	e	O
nel	ARTPRE	nel	B
frattempo	NOUN	frattempo	I
lui	PRO:pers	lui	O
urlava	VER:fin	urlare	O
che	CHE	che	O
voleva	VER:fin	volere	O
i	ART	il	O
contatti	NOUN	contatto	O
de	PRE	de	O
sti	ADJ	<unknown>	O
ragazzi	NOUN	ragazzo	O
			
#Text=che io non avevo			
che	CHE	che	O
io	PRO:pers	io	O
non	NEG	non	O
avevo	VER:fin	avere	O
			
#Text=cioè in realtà aveva instagram però			
cioè	ADV	cioè	O
in	PRE	in	B
realtà	NOUN	realtà	I
aveva	VER:fin	avere	O
instagram	ADJ	<unknown>	O
però	ADV	però	O
			
#Text=sì capito scusami eh per farli ammazzare			
sì	ADV	sì	O
capito	VER:ppast	capire	O
scusami	VER:fin:cli	scusare	O
eh	NOCAT	eh	O
per	PRE	per	O
farli	VER2:infi:cli	fare	O
ammazzare	VER:infi	ammazzare	O
			
#Text=vabbé ma			
vabbé	NOCAT	<unknown>	O
ma	CON	ma	O
			
#Text=no infatti			
no	ADV	no	O
infatti	ADV	infatti	O
			
#Text=trascrivete bene instangram			
trascrivete	VER:fin	trascrivere	O
bene	ADV	bene	O
instangram	ADJ	<unknown>	O
			
#Text=se no s' offende			
se	CON	se	O
no	ADV	no	O
s'	CLI	si	O
offende	VER:fin	offendere	O
			
#Text=perch' erano umbriachi			
perch'	ADJ	<unknown>	O
erano	VER:fin	essere	O
umbriachi	ADJ	<unknown>	O
			
#Text=scrivi			
scrivi	VER:fin	scrivere	O
			
#Text=lei mi tira per un braccio questo mi riaggancia pé i capelli			
lei	PRO:pers	lei	O
mi	CLI	mi	O
tira	VER:fin	tirare	O
per	PRE	per	O
un	ART	un	O
braccio	NOUN	braccio	O
questo	PRO:demo	questo	O
mi	CLI	mi	O
riaggancia	VER:fin	<unknown>	O
pé	VER:fin	<unknown>	O
i	ART	il	O
capelli	NOUN	capello	O
			
#Text=madonna			
madonna	NOUN	madonna	O
			
#Text=me urlava troia troia ti sparo in faccia se non me dici sti nomi cose di sto tipo			
me	PRO:pers	me	O
urlava	VER:fin	urlare	O
troia	NOUN	<unknown>	O
troia	NOUN	<unknown>	O
ti	CLI	ti	O
sparo	VER:fin	sparare	O
in	PRE	in	O
faccia	NOUN	faccia	O
se	CON	se	O
non	NEG	non	O
me	PRO:pers	me	O
dici	VER:fin	dire	O
sti	ADJ	<unknown>	O
nomi	NOUN	nome	O
cose	NOUN	cosa	O
di	PRE	di	O
sto	VER:fin	stare	O
tipo	NOUN	tipo	O
			
#Text=io ovviamente ero in panico non sapevo che cazzo fare			
io	PRO:pers	io	O
ovviamente	ADV:mente	ovviamente	O
ero	VER:fin	essere	O
in	PRE	in	O
panico	NOUN	panico	O
non	NEG	non	O
sapevo	VER:fin	sapere	O
che	CHE	che	O
cazzo	NOCAT	cazzo	O
fare	VER:infi	fare	O
			
#Text=la puoi smettere di sporcarmi le scarpe gentilmente			
la	ART	la	O
puoi	VER2:fin	potere	O
smettere	VER:infi	smettere	O
di	PRE	di	O
sporcarmi	VER:infi:cli	<unknown>	O
le	ART	la	O
scarpe	NOUN	scarpa	O
gentilmente	ADJ	<unknown>	O
			
#Text=e poi intanto è arrivato un angelo custode			
e	CON	e	O
poi	ADV	poi	O
intanto	ADV	intanto	O
è	AUX:fin	essere	O
arrivato	VER:ppast	arrivare	O
un	ART	un	O
angelo	NOUN	angelo	B
custode	ADJ	custode	I
			
#Text=esatto che ci ha agguantate tipo ci ha prese sotto braccio ci ha fatto			
esatto	ADJ	esatto	O
che	CHE	che	O
ci	CLI	ci	O
ha	AUX:fin	avere	O
agguantate	VER:ppast	agguantare	O
tipo	NOUN	tipo	O
ci	CLI	ci	O
ha	AUX:fin	avere	B
prese	VER:ppast	prendere	I
sotto	PRE	sotto	I
braccio	NOUN	braccio	I
ci	CLI	ci	O
ha	AUX:fin	avere	O
fatto	VER:ppast	fare	O
			
#Text=un ragazzo			
un	ART	un	O
ragazzo	NOUN	ragazzo	O
			
#Text=cioè questo che non ha fatto niente angelo custode			
cioè	ADV	cioè	O
questo	PRO:demo	questo	O
che	CHE	che	O
non	NEG	non	O
ha	AUX:fin	avere	O
fatto	VER:ppast	fare	O
niente	PRO:indef	niente	O
angelo	NOUN	angelo	B
custode	ADJ	custode	I
			
#Text=venite correte andiamo in questura			
venite	AUX:fin	venire	O
correte	VER:fin	correre	O
andiamo	VER:fin	andare	O
in	PRE	in	O
questura	NOUN	questura	O
			
#Text=io che ho salva bah			
io	PRO:pers	io	O
che	CHE	che	O
ho	VER:fin	avere	O
salva	NOUN	salva	O
bah	ADJ	<unknown>	O
			
#Text=davanti alla questura stavano a fà sta cosa capisci			
davanti	PRE	davanti	O
alla	ARTPRE	alla	O
questura	NOUN	questura	O
stavano	VER:fin	stare	O
a	PRE	a	O
fà	NOUN	<unknown>	O
sta	VER:fin	stare	O
cosa	WH	cosa	O
capisci	VER:fin	capire	O
			
#Text=che coglioni			
che	CHE	che	O
coglioni	NOUN	coglione	O
			
#Text=quindi sono usciti i poliziotti e li han beccati			
quindi	ADV	quindi	O
sono	AUX:fin	essere	O
usciti	VER:ppast	uscire	O
i	ART	il	O
poliziotti	NOUN	poliziotto	O
e	CON	e	O
li	CLI	li	O
han	AUX:fin	avere	O
beccati	VER:ppast	beccare	O
			
#Text=ma quindi siete andati			
ma	CON	ma	O
quindi	ADV	quindi	O
siete	AUX:fin	essere	O
andati	VER:ppast	andare	O
			
#Text=avoglia			
avoglia	NOUN	<unknown>	O
			
#Text=eh certo siamo stati dalle tre alle nove della mattina in questura a fare la denuncia			
eh	NOCAT	eh	O
certo	ADV	certo	O
siamo	AUX:fin	essere	O
stati	VER:ppast	essere|stare	O
dalle	ARTPRE	dalla	O
tre	DET:num	tre	O
alle	ARTPRE	alla	O
nove	PRO:num	nove	O
della	ARTPRE	della	O
mattina	NOUN	mattina	O
in	PRE	in	O
questura	NOUN	questura	O
a	PRE	a	O
fare	VER:infi	fare	O
la	ART	la	O
denuncia	NOUN	denuncia	O
			
#Text=ah tanta roba			
ah	NOCAT	ah	O
tanta	DET:indef	tanto	O
roba	NOUN	roba	O
			
#Text=tanto poi sono riusciti eh sono riusciti tanto non ha			
tanto	ADV	tanto	O
poi	ADV	poi	O
sono	AUX:fin	essere	O
riusciti	VER:ppast	riuscire	O
eh	NOCAT	eh	O
sono	AUX:fin	essere	O
riusciti	VER:ppast	riuscire	O
tanto	ADV	tanto	O
non	NEG	non	O
ha	VER:fin	avere	O
			
#Text=e loro erano fuori da prima de noi			
e	CON	e	O
loro	PRO:pers	loro	O
erano	VER:fin	essere	O
fuori	ADV	fuori	O
da	PRE	da	O
prima	ADV	prima	O
de	PRE	de	O
noi	PRO:pers	noi	O
			
#Text=no ti prego			
no	ADV	no	O
ti	CLI	ti	O
prego	VER:fin	pregare	O
			
#Text=ieri sera siamo riusciti con sti ragazzi			
ieri	ADV	ieri	O
sera	NOUN	sera	O
siamo	AUX:fin	essere	O
riusciti	VER:ppast	riuscire	O
con	PRE	con	O
sti	ADJ	<unknown>	O
ragazzi	NOUN	ragazzo	O
			
#Text=abbiam beccato gli aggressori di nuovo			
abbiam	ADJ	<unknown>	O
beccato	VER:ppast	beccare	O
gli	ART	il	O
aggressori	NOUN	aggressore	O
di	PRE	di	O
nuovo	NOUN	nuovo	O
			
#Text=che si so fermati lì			
che	CHE	che	O
si	CLI	si	O
so	VER:fin	sapere	O
fermati	NOUN	fermato	O
lì	ADV	lì	O
			
#Text=alle panche			
alle	ARTPRE	alla	O
panche	NOUN	panca	O
			
#Text=a guardarci			
a	PRE	a	O
guardarci	VER:infi:cli	guardare	O
			
#Text=perché fra l' altro il buttafuori è un loro amico			
perché	WH	perché	O
fra	PRE	fra	B
l'	ART	l'	I
altro	PRO:indef	altro	I
il	ART	il	O
buttafuori	NOUN	buttafuori	O
è	VER:fin	essere	O
un	ART	un	O
loro	DET:poss	loro	O
amico	NOUN	amico	O
			
#Text=quindi noi barricate in residenza			
quindi	ADV	quindi	O
noi	PRO:pers	noi	O
barricate	NOUN	barricata	O
in	PRE	in	O
residenza	NOUN	residenza	O
			
#Text=sì			
sì	ADV	sì	O
			
#Text=ah vivete in residenza			
ah	NOCAT	ah	O
vivete	VER:fin	vivere	O
in	PRE	in	O
residenza	NOUN	residenza	O
			
#Text=no però sti ragazzi sì			
no	ADV	no	O
però	ADV	però	O
sti	VER:fin	<unknown>	O
ragazzi	NOUN	ragazzo	O
sì	ADV	sì	O
			
#Text=x c' ha salvato perché non sapevamo più dove nasconderci e abbiam detto andiamo su			
x	ADJ	<unknown>	O
c'	CLI	c'	O
ha	AUX:fin	avere	O
salvato	VER:ppast	salvare	O
perché	WH	perché	O
non	NEG	non	O
sapevamo	VER:fin	sapere	O
più	ADV	più	O
dove	WH	dove	O
nasconderci	VER:infi:cli	<unknown>	O
e	CON	e	O
abbiam	ADJ	<unknown>	O
detto	VER:ppast	dire	O
andiamo	VER:fin	andare	O
su	PRE	su	O
			
#Text=ma come sono le stanze in residenza			
ma	CON	ma	O
come	WH	come	O
sono	VER:fin	essere	O
le	ART	la	O
stanze	NOUN	stanza	O
in	PRE	in	O
residenza	NOUN	residenza	O
			
#Text=fighe ma lui c' ha ' na stanza			
fighe	NOUN	<unknown>	O
ma	CON	ma	O
lui	PRO:pers	lui	O
c'	CLI	c'	O
ha	VER:fin	avere	O
'	PUN	'	O
na	VER:fin	<unknown>	O
stanza	NOUN	stanza	O
			
#Text=perché mi sa tanto di collegio			
perché	WH	perché	O
mi	CLI	mi	O
sa	VER:fin	sapere	O
tanto	ADV	tanto	O
di	PRE	di	O
collegio	NOUN	collegio	O
			
#Text=sì sembra n' ospedale psichiatrico come abbiam detto ieri con marta			
sì	ADV	sì	O
sembra	VER:fin	sembrare	O
n'	ADJ	<unknown>	O
ospedale	NOUN	ospedale	O
psichiatrico	ADJ	psichiatrico	O
come	WH	come	O
abbiam	NOUN	<unknown>	O
detto	VER:ppast	dire	O
ieri	ADV	ieri	O
con	PRE	con	O
marta	VER:fin	<unknown>	O
			
#Text=eh esatto			
eh	NOCAT	eh	O
esatto	ADJ	esatto	O
			
#Text=sì però la stanza è figa cioè è grossa			
sì	ADV	sì	O
però	ADV	però	O
la	ART	la	O
stanza	NOUN	stanza	O
è	VER:fin	essere	O
figa	VER:fin	<unknown>	O
cioè	ADV	cioè	O
è	VER:fin	essere	O
grossa	ADJ	grosso	O
			
#Text=sì la camera è grossa			
sì	ADV	sì	O
la	ART	la	O
camera	NOUN	camera	O
è	VER:fin	essere	O
grossa	ADJ	grosso	O
			
#Text=hanno i bagni privati			
hanno	VER:fin	avere	O
i	ART	il	O
bagni	NOUN	bagno	O
privati	ADJ	privato	O
			
#Text=sì			
sì	ADV	sì	O
			
#Text=ah okay			
ah	NOCAT	ah	O
okay	ADV	okay	O
			
#Text=beh allora ci sta			
beh	NOCAT	beh	O
allora	ADV	allora	O
ci	CLI	ci	O
sta	VER:fin	stare	O
			
#Text=solo la cucina in comune			
solo	ADV	solo	O
la	ART	la	O
cucina	NOUN	cucina	O
in	PRE	in	O
comune	NOUN	comune	O
			
#Text=però è un po' triste tutti sti muri bianchi			
però	ADV	però	O
è	VER:fin	essere	O
un	ART	un	B
po'	PRO:indef	po'	I
triste	ADJ	triste	O
tutti	PRO:indef	tutti	O
sti	VER:fin	<unknown>	O
muri	NOUN	muro	O
bianchi	ADJ	bianco	O
			
#Text=no tutte le porte ver cioè sembra proprio un ospedale			
no	ADV	no	O
tutte	DET:indef	tutto	O
le	ART	la	O
porte	NOUN	porta	O
ver	VER:fin	<unknown>	O
cioè	ADV	cioè	O
sembra	VER:fin	sembrare	O
proprio	ADV	proprio	O
un	ART	un	O
ospedale	NOUN	ospedale	O
			
#Text=le porte verdi			
le	ART	la	O
porte	NOUN	porta	O
verdi	ADJ	verde	O
			
#Text=perché quella era della v cioè la residenza verdi			
perché	WH	perché	O
quella	PRO:demo	quella	O
era	VER:fin	essere	O
della	ARTPRE	della	O
v	VER:fin	<unknown>	O
cioè	ADV	cioè	O
la	ART	la	O
residenza	NOUN	residenza	O
verdi	ADJ	verde	O
			
#Text=c' è anche sopra la biblioteca			
c'	CLI	c'	O
è	VER:fin	essere	O
anche	ADV	anche	O
sopra	PRE	sopra	O
la	ART	la	O
biblioteca	NOUN	biblioteca	O
			
#Text=della biblioteca			
della	ARTPRE	della	O
biblioteca	NOUN	biblioteca	O
			
#Text=cioè sotto c' è la biblioteca sopra c' è la residenza			
cioè	ADV	cioè	O
sotto	ADV	sotto	O
c'	CLI	c'	O
è	VER:fin	essere	O
la	ART	la	O
biblioteca	NOUN	biblioteca	O
sopra	ADV	sopra	O
c'	CLI	c'	O
è	VER:fin	essere	O
la	ART	la	O
residenza	NOUN	residenza	O
			
#Text=quella di fronte a curry and co			
quella	PRO:demo	quella	O
di	PRE	di	O
fronte	NOUN	fronte	O
a	PRE	a	O
curry	NOUN	<unknown>	O
and	NPR	<unknown>	O
co	VER:fin	<unknown>	O
			
#Text=curry and roll			
curry	NOUN	<unknown>	O
and	VER:fin	<unknown>	O
roll	NOUN	<unknown>	O
			
#Text=ah okay okay okay			
ah	NOCAT	ah	O
okay	ADV	okay	O
okay	ADV	okay	O
okay	ADV	okay	O
			
#Text=dove fanno i noodles buoni			
dove	WH	dove	O
fanno	VER:fin	fare	O
i	ART	il	O
noodles	NOUN	<unknown>	O
buoni	ADJ	buono	O
			
#Text=che io non ho ancora mangiato d' altronde			
che	CHE	che	O
io	PRO:pers	io	O
non	NEG	non	O
ho	AUX:fin	avere	O
ancora	ADV	ancora	O
mangiato	VER:ppast	mangiare	O
d'	PRE	da|di	O
altronde	ADV	altronde	O
			
#Text=boni boni			
boni	NOUN	<unknown>	O
boni	VER:fin	<unknown>	O
			
#Text=poi comunque quella pazza			
poi	ADV	poi	O
comunque	WH	comunque	O
quella	PRO:demo	quella	O
pazza	ADJ	pazzo	O
			
#Text=ah la barbona			
ah	NOCAT	ah	O
la	ART	la	O
barbona	NOUN	barbona	O
			
#Text=come stanno le tue oche			
come	WH	come	O
stanno	VER:fin	stare	O
le	ART	la	O
tue	DET:poss	tuo	O
oche	NOUN	oca	O
			
#Text=come stanno le tue oche			
come	WH	come	O
stanno	VER:fin	stare	O
le	ART	la	O
tue	DET:poss	tuo	O
oche	NOUN	oca	O
			
#Text=in tutto sto casino noi morte dalla paura e una vecchia pazza poverina mi spiace per lei			
in	PRE	in	O
tutto	PRO:indef	tutto	O
sto	VER:fin	stare	O
casino	NOUN	casino	O
noi	PRO:pers	noi	O
morte	NOUN	morte	O
dalla	ARTPRE	dalla	O
paura	NOUN	paura	O
e	CON	e	O
una	ART	una	O
vecchia	ADJ	vecchio	O
pazza	NOUN	pazza	O
poverina	ADJ	poverino	O
mi	CLI	mi	O
spiace	VER:fin	spiacere	O
per	PRE	per	O
lei	PRO:pers	lei	O
			
#Text=mi guarda intensamente e mi dice			
mi	CLI	mi	O
guarda	VER:fin	guardare	O
intensamente	ADV:mente	intensamente	O
e	CON	e	O
mi	CLI	mi	O
dice	VER:fin	dire	O
			
#Text=ma come stanno le tue oche			
ma	CON	ma	O
come	WH	come	O
stanno	VER:fin	stare	O
le	ART	la	O
tue	DET:poss	tuo	O
oche	NOUN	oca	O
			
#Text=no			
no	ADV	no	O
			
#Text=forse era riferito a noi due			
forse	ADV	forse	O
era	AUX:fin	essere	O
riferito	VER:ppast	riferire	O
a	PRE	a	O
noi	PRO:pers	noi	O
due	DET:num	due	O
			
#Text=forse			
forse	ADV	forse	O
			
#Text=io gli ho detto bene			
io	PRO:pers	io	O
gli	CLI	gli	O
ho	AUX:fin	avere	O
detto	VER:ppast	dire	O
bene	ADV	bene	O
			
#Text=però non ho capito il perché			
però	ADV	però	O
non	NEG	non	O
ho	AUX:fin	avere	O
capito	VER:ppast	capire	O
il	ART	il	O
perché	WH	perché	O
			
#Text=ma vabbé cioè mi sono adattata a lei			
ma	CON	ma	O
vabbé	VER:fin	<unknown>	O
cioè	ADV	cioè	O
mi	CLI	mi	O
sono	AUX:fin	essere	O
adattata	VER:ppast	adattare	O
a	PRE	a	O
lei	PRO:pers	lei	O
			
#Text=e nel frattempo questo povero cristo che stava tornando a casa dal ragazzo ci agguantate e ci ha detto			
e	CON	e	O
nel	ARTPRE	nel	O
frattempo	NOUN	frattempo	O
questo	DET:demo	questo	O
povero	ADJ	povero	B
cristo	NOUN	cristo	I
che	CHE	che	O
stava	VER:fin	stare	O
tornando	VER:geru	tornare	O
a	PRE	a	O
casa	NOUN	casa	O
dal	ARTPRE	dal	O
ragazzo	NOUN	ragazzo	O
ci	CLI	ci	O
agguantate	VER:fin	agguantare	O
e	CON	e	O
ci	CLI	ci	O
ha	AUX:fin	avere	O
detto	VER:ppast	dire	O
			
#Text=venite con me in questura			
venite	VER:fin	venire	O
con	PRE	con	O
me	PRO:pers	me	O
in	PRE	in	O
questura	NOUN	questura	O
			
#Text=sì tanto angelo più o meno perché non fosse per lui che ci portava in questura noi non li avremmo beccati quelli lì			
sì	ADV	sì	O
tanto	ADV	tanto	O
angelo	NOUN	angelo	O
più	ADV	più	B
o	CON	o	I
meno	ADV	meno	I
perché	WH	perché	O
non	NEG	non	O
fosse	VER:fin	essere	O
per	PRE	per	O
lui	PRO:pers	lui	O
che	CHE	che	O
ci	CLI	ci	O
portava	VER:fin	portare	O
in	PRE	in	O
questura	NOUN	questura	O
noi	PRO:pers	noi	O
non	NEG	non	O
li	CLI	li	O
avremmo	AUX:fin	avere	O
beccati	VER:ppast	beccare	O
quelli	PRO:demo	quelli	O
lì	ADV	lì	O
			
#Text=vabbé ho capito ma lui dove ci doveva portà poretto			
vabbé	VER:fin	<unknown>	O
ho	AUX:fin	avere	O
capito	VER:ppast	capire	O
ma	CON	ma	O
lui	PRO:pers	lui	O
dove	WH	dove	O
ci	CLI	ci	O
doveva	VER2:fin	dovere	O
portà	NOUN	<unknown>	O
poretto	ADJ	<unknown>	O
			
#Text=fossimo andate dritte			
fossimo	AUX:fin	essere	O
andate	VER:ppast	andare	O
dritte	ADJ	dritto	O
			
#Text=eh ci sta			
eh	NOCAT	eh	O
ci	CLI	ci	O
sta	VER:fin	stare	O
			
#Text=lui angelo			
lui	PRO:pers	lui	O
angelo	NOUN	angelo	O
			
#Text=e quindi non gli hanno fatto niente a sti qua			
e	CON	e	O
quindi	ADV	quindi	O
non	NEG	non	O
gli	CLI	gli	O
hanno	AUX:fin	avere	O
fatto	VER:ppast	fare	O
niente	ADV	niente	O
a	PRE	a	O
sti	VER:fin	<unknown>	O
qua	ADV	qua	O
			
#Text=no sono usciti			
no	ADV	no	O
sono	AUX:fin	essere	O
usciti	VER:ppast	uscire	O
			
#Text=no perché anche loro			
no	ADV	no	O
perché	WH	perché	O
anche	ADV	anche	O
loro	PRO:pers	loro	O
			
#Text=però erano messi male perché			
però	ADV	però	O
erano	AUX:fin	essere	O
messi	VER:ppast	mettere	O
male	ADV	male	O
perché	WH	perché	O
			
#Text=anche loro abbiamo scoperto che comunque le avevano prese eh			
anche	ADV	anche	O
loro	PRO:pers	loro	O
abbiamo	AUX:fin	avere	O
scoperto	VER:ppast	scoprire	O
che	CHE	che	O
comunque	WH	comunque	O
le	CLI	le	O
avevano	AUX:fin	avere	O
prese	VER:ppast	prendere	O
eh	NOCAT	eh	O
			
#Text=sì perché uno c' aveva un braccio rotto			
sì	ADV	sì	O
perché	WH	perché	O
uno	PRO:indef	uno	O
c'	CLI	c'	O
aveva	VER:fin	avere	O
un	ART	un	O
braccio	NOUN	braccio	O
rotto	VER:ppast	rompere	O
			
#Text=quell' altro con la testa bollata			
quell'	DET:demo	quello	O
altro	PRO:indef	altro	O
con	PRE	con	O
la	ART	la	O
testa	NOUN	testa	O
bollata	ADJ	bollato	O
			
#Text=madonna raga			
madonna	NOUN	madonna	O
raga	NOUN	<unknown>	O
			
#Text=uno braccio rotto e l' altro aveva cos' è che aveva			
uno	ART	un	O
braccio	NOUN	braccio	O
rotto	ADJ	rotto	O
e	CON	e	O
l'	ART	l'	O
altro	PRO:indef	altro	O
aveva	VER:fin	avere	O
cos'	ADJ	<unknown>	O
è	VER:fin	essere	O
che	CHE	che	O
aveva	VER:fin	avere	O
			
#Text=sì però dicono che non sia la prima volta che succede			
sì	ADV	sì	O
però	ADV	però	O
dicono	VER:fin	dire	O
che	CHE	che	O
non	NEG	non	O
sia	VER:fin	essere	O
la	ART	la	O
prima	ADJ	primo	O
volta	NOUN	volta	O
che	CHE	che	O
succede	VER:fin	succedere	O
			
#Text=l' occhio livido			
l'	ART	l'	O
occhio	NOUN	occhio	O
livido	ADJ	livido	O
			
#Text=questi qua non è la prima volta che fanno casino e menano di qua e di là			
questi	DET:demo	questo	O
qua	ADV	qua	O
non	NEG	non	O
è	VER:fin	essere	O
la	ART	la	O
prima	ADJ	primo	O
volta	NOUN	volta	O
che	CHE	che	O
fanno	VER:fin	fare	O
casino	NOUN	casino	O
e	CON	e	O
menano	VER:fin	menare	O
di	PRE	di	B
qua	ADV	qua	I
e	CON	e	I
di	PRE	di	I
là	ADV	là	I
			
#Text=esatto e sono degli ultra del toro se vogliamo dirla tutta			
esatto	ADJ	esatto	O
e	CON	e	O
sono	VER:fin	essere	O
degli	ARTPRE	del	O
ultra	NOUN	ultra	O
del	ARTPRE	del	O
toro	NOUN	toro	O
se	CLI	se	O
vogliamo	VER2:fin	volere	B
dirla	VER:infi:cli	dire	I
tutta	DET:indef	tutto	I
			
#Text=sì			
sì	ADV	sì	O
			
#Text=c' hanno detto			
c'	CLI	c'	O
hanno	AUX:fin	avere	O
detto	VER:ppast	dire	O
			
#Text=ma perché sti ragazzi poi se so informati dice che c' hanno amici comunque grossi			
ma	CON	ma	O
perché	WH	perché	O
sti	VER:fin	<unknown>	O
ragazzi	NOUN	ragazzo	O
poi	ADV	poi	O
se	CLI	se	O
so	VER:fin	sapere	O
informati	VER:ppast	informare	O
dice	VER:fin	dire	O
che	CHE	che	O
c'	CLI	c'	O
hanno	VER:fin	avere	O
amici	ADJ	amico	O
comunque	WH	comunque	O
grossi	ADJ	grosso	O
			
#Text=poi quando ammazzeranno qualcuno			
poi	ADV	poi	O
quando	WH	quando	O
ammazzeranno	VER:fin	ammazzare	O
qualcuno	PRO:indef	qualcuno	O
			
#Text=dice che per loro non è finita lì c' è dice loro li vogliono arbeccà sti ragazzi			
dice	VER:fin	dire	O
che	CHE	che	O
per	PRE	per	O
loro	PRO:pers	loro	O
non	NEG	non	O
è	AUX:fin	essere	O
finita	VER:ppast	finire	O
lì	ADV	lì	O
c'	CLI	c'	O
è	VER:fin	essere	O
dice	VER:fin	dire	O
loro	PRO:pers	loro	O
li	CLI	li	O
vogliono	VER2:fin	volere	O
arbeccà	NOUN	<unknown>	O
sti	VER:fin	<unknown>	O
ragazzi	NOUN	ragazzo	O
			
#Text=sì			
sì	ADV	sì	O
			
#Text=ah l' ha detto non ho sentito			
ah	NOCAT	ah	O
l'	CLI	l'	O
ha	AUX:fin	avere	O
detto	VER:ppast	dire	O
non	NEG	non	O
ho	AUX:fin	avere	O
sentito	VER:ppast	sentire	O
			
#Text=eh ieri giulio diceva questo			
eh	NOCAT	eh	O
ieri	ADV	ieri	O
giulio	ADJ	<unknown>	O
diceva	VER:fin	dire	O
questo	PRO:demo	questo	O
			
#Text=eh io ero allo stadio ieri			
eh	NOCAT	eh	O
io	PRO:pers	io	O
ero	VER:fin	essere	O
allo	ARTPRE	al	O
stadio	NOUN	stadio	O
ieri	ADV	ieri	O
			
#Text=poi quan m' ha dettoson degli ultrà			
poi	ADV	poi	O
quan	VER:fin	<unknown>	O
m'	CLI	mi	O
ha	AUX:fin	avere	O
dettoson	VER:fin	<unknown>	O
degli	ARTPRE	del	O
ultrà	ADJ	ultrà	O
			
#Text=eh come			
eh	NOCAT	eh	O
come	WH	come	O
			
#Text=perché saliamo sul pullman c' erano loro che salivano e noi scesi cioè cose de sto tipo			
perché	WH	perché	O
saliamo	VER:fin	salare|salire	O
sul	ARTPRE	sul	O
pullman	NOUN	pullman	O
c'	CLI	c'	O
erano	VER:fin	essere	O
loro	PRO:pers	loro	O
che	CHE	che	O
salivano	VER:fin	salire|salivare	O
e	CON	e	O
noi	PRO:pers	noi	O
scesi	VER:ppast	scendere	O
cioè	ADV	cioè	O
cose	NOUN	cosa	O
de	PRE	de	O
sto	VER:fin	stare	O
tipo	NOUN	tipo	O
			
#Text=era sì era destino che dovessi incrociarli			
era	VER:fin	essere	O
sì	ADV	sì	O
era	VER:fin	essere	O
destino	NOUN	destino	O
che	CHE	che	O
dovessi	VER2:fin	dovere	O
incrociarli	VER:infi:cli	<unknown>	O
			
#Text=che proprio u			
che	CHE	che	O
proprio	ADV	proprio	O
u	ADJ	<unknown>	O
			
#Text=sì aver paura di girare			
sì	ADV	sì	O
aver	AUX:infi	avere	O
paura	NOUN	paura	O
di	PRE	di	O
girare	VER:infi	girare	O
			
#Text=sì però non per questo non andremo più alle panche			
sì	ADV	sì	O
però	ADV	però	O
non	NEG	non	O
per	PRE	per	O
questo	PRO:demo	questo	O
non	NEG	non	O
andremo	VER:fin	andare	O
più	ADV	più	O
alle	ARTPRE	alla	O
panche	NOUN	panca	O
			
#Text=ci sono io ragazze che vi proteggo			
ci	CLI	ci	O
sono	VER:fin	essere	O
io	PRO:pers	io	O
ragazze	NOUN	ragazza	O
che	CHE	che	O
vi	CLI	vi	O
proteggo	VER:fin	proteggere	O
			
#Text=infatti come l' ultima volta			
infatti	ADV	infatti	O
come	WH	come	O
l'	ART	l'	O
ultima	ADJ	ultimo	O
volta	NOUN	volta	O
			
#Text=voglio dì na mia amica			
voglio	VER2:fin	volere	O
dì	NOUN	dì	O
na	VER:fin	<unknown>	O
mia	DET:poss	mio	O
amica	NOUN	amica	O
			
#Text=ma io appena ho vis ma chiedi a marta			
ma	CON	ma	O
io	PRO:pers	io	O
appena	ADV	appena	O
ho	VER:fin	avere	O
vis	NOUN	vis	O
ma	CON	ma	O
chiedi	VER:fin	chiedere	O
a	PRE	a	O
marta	VER:fin	<unknown>	O
			
#Text=io appena ho visto il tipo che l' ha presa per i capelli mi sono messa dietro così la tene			
io	PRO:pers	io	O
appena	ADV	appena	O
ho	VER:fin	avere	O
visto	NOUN	visto	O
il	ART	il	O
tipo	NOUN	tipo	O
che	CHE	che	O
l'	CLI	l'	O
ha	AUX:fin	avere	O
presa	VER:ppast	prendere	O
per	PRE	per	O
i	ART	il	O
capelli	NOUN	capello	O
mi	CLI	mi	O
sono	AUX:fin	essere	O
messa	VER:ppast	mettere	O
dietro	ADV	dietro	O
così	ADV	così	O
la	CLI	la	O
tene	VER:fin	<unknown>	O
			
#Text=me teneva così			
me	PRO:pers	me	O
teneva	VER:fin	tenere	O
così	ADV	così	O
			
#Text=ma non avevo paura di lu avevo paura che le tirasse di nuovoi capelli pensa quanto sono stupida però io			
ma	CON	ma	O
non	NEG	non	O
avevo	VER:fin	avere	O
paura	NOUN	paura	O
di	PRE	di	O
lu	ADJ	<unknown>	O
avevo	VER:fin	avere	O
paura	NOUN	paura	O
che	CHE	che	O
le	CLI	le	O
tirasse	VER:fin	tirare	O
di	PRE	di	O
nuovoi	ADJ	<unknown>	O
capelli	NOUN	capello	O
pensa	VER:fin	pensare	O
quanto	WH	quanto	O
sono	VER:fin	essere	O
stupida	ADJ	stupido	O
però	ADV	però	O
io	PRO:pers	io	O
			
#Text=cioè proprio istintivamente l' ho pres cioè l' ho coperto i caperti			
cioè	ADV	cioè	O
proprio	ADV	proprio	O
istintivamente	ADV:mente	<unknown>	O
l'	CLI	l'	O
ho	VER:fin	avere	O
pres	NOUN	<unknown>	O
cioè	ADV	cioè	O
l'	ART	l'	O
ho	AUX:fin	avere	O
coperto	VER:ppast	coprire	O
i	ART	il	O
caperti	VER:fin	<unknown>	O
			
#Text=sì vabbé ma anche a me m' è preso il panico quando l' ho visto			
sì	ADV	sì	O
vabbé	VER:fin	<unknown>	O
ma	CON	ma	O
anche	ADV	anche	O
a	PRE	a	O
me	PRO:pers	me	O
m'	CLI	mi	O
è	AUX:fin	essere	O
preso	VER:ppast	prendere	O
il	ART	il	O
panico	NOUN	panico	O
quando	WH	quando	O
l'	CLI	l'	O
ho	VER:fin	avere	O
visto	NOUN	visto	O
			
#Text=i caperti			
i	ART	il	O
caperti	VER:fin	<unknown>	O
			
#Text=i caperti			
i	ART	il	O
caperti	VER:fin	<unknown>	O
			
#Text=olé			
olé	NOUN	<unknown>	O
			
#Text=i capelli ho detto scema poteva prendere anche me			
i	ART	il	O
capelli	NOUN	capello	O
ho	AUX:fin	avere	O
detto	VER:ppast	dire	O
scema	ADJ	scemo	O
poteva	VER2:fin	potere	O
prendere	VER:infi	prendere	O
anche	ADV	anche	O
me	PRO:pers	me	O
			
#Text=però io ho pensato ai suoi capelli ma chissà perché			
però	ADV	però	O
io	PRO:pers	io	O
ho	AUX:fin	avere	O
pensato	VER:ppast	pensare	O
ai	ARTPRE	al	O
suoi	DET:poss	suo	O
capelli	NOUN	capello	O
ma	CON	ma	O
chissà	ADV	chissà	O
perché	WH	perché	O
			
#Text=ma perché sei un' altriusta			
ma	CON	ma	O
perché	WH	perché	O
sei	DET:num	sei	O
un'	ART	un'	O
altriusta	ADJ	<unknown>	O
			
#Text=ma perché han visto me ieri sera			
ma	CON	ma	O
perché	WH	perché	O
han	VER:fin	avere	O
visto	NOUN	visto	O
me	PRO:pers	me	O
ieri	ADV	ieri	O
sera	NOUN	sera	O
			
#Text=sono altruista			
sono	VER:fin	essere	O
altruista	ADJ	altruista	O
			
#Text=è vero è vero ti riconoscono			
è	VER:fin	essere	O
vero	ADJ	vero	O
è	VER:fin	essere	O
vero	ADJ	vero	O
ti	CLI	ti	O
riconoscono	VER:fin	riconoscere	O
			
#Text=quello è il problema			
quello	PRO:demo	quello	O
è	VER:fin	essere	O
il	ART	il	O
problema	NOUN	problema	O
			
#Text=ma potrebbe			
ma	CON	ma	O
potrebbe	VER2:fin	potere	O
			
#Text=è vero io da quando ti conosco se vedo una coi capelli azzurri			
è	VER:fin	essere	O
vero	ADJ	vero	O
io	PRO:pers	io	O
da	PRE	da	O
quando	WH	quando	O
ti	CLI	ti	O
conosco	VER:fin	conoscere	O
se	CON	se	O
vedo	VER:fin	vedere	O
una	ART	una	O
coi	ARTPRE	col	O
capelli	NOUN	capello	O
azzurri	ADJ	azzurro	O
			
#Text=cioè o sei tu o raramente qualcun' altro			
cioè	ADV	cioè	O
o	CON	o	O
sei	DET:num	sei	O
tu	PRO:pers	tu	O
o	CON	o	O
raramente	ADV:mente	raramente	O
qualcun'	ADJ	<unknown>	O
altro	PRO:indef	altro	O
			
#Text=prima ne ho vista n' altra			
prima	ADV	prima	O
ne	CLI	ne	O
ho	VER:fin	avere	O
vista	NOUN	vista	O
n'	ADJ	<unknown>	O
altra	PRO:indef	altra	O
			
#Text=infatti è quello il problema			
infatti	ADV	infatti	O
è	VER:fin	essere	O
quello	PRO:demo	quello	O
il	ART	il	O
problema	NOUN	problema	O
			
#Text=però ce ne sono tante ultimamente			
però	ADV	però	O
ce	CLI	ce	O
ne	CLI	ne	O
sono	VER:fin	essere	O
tante	PRO:indef	tante	O
ultimamente	ADV:mente	ultimamente	O
			
#Text=perché poi era la stessa situazione dell' altra sera eravamo tre ragazze e tre ragazzi			
perché	WH	perché	O
poi	ADV	poi	O
era	VER:fin	essere	O
la	ART	la	O
stessa	ADJ	stesso	O
situazione	NOUN	situazione	O
dell'	ARTPRE	dell'	O
altra	DET:indef	altro	O
sera	NOUN	sera	O
eravamo	VER:fin	essere	O
tre	DET:num	tre	O
ragazze	NOUN	ragazza	O
e	CON	e	O
tre	DET:num	tre	O
ragazzi	NOUN	ragazzo	O
			
#Text=che poi vabbé erano diversi perché eravamo io e lei e la ilenia			
che	CHE	che	O
poi	ADV	poi	O
vabbé	NOCAT	<unknown>	O
erano	VER:fin	essere	O
diversi	ADJ	diverso	O
perché	WH	perché	O
eravamo	VER:fin	essere	O
io	PRO:pers	io	O
e	CON	e	O
lei	PRO:pers	lei	O
e	CON	e	O
la	CLI	la	O
ilenia	VER:fin	<unknown>	O
			
#Text=infatti potevano anche pensare l' altra volta c' hanno detto che non li conoscevano invece non è vero perché stavolta li abbiam visti insieme			
infatti	ADV	infatti	O
potevano	VER2:fin	potere	O
anche	ADV	anche	O
pensare	VER:infi	pensare	O
l'	ART	l'	O
altra	DET:indef	altro	O
volta	NOUN	volta	O
c'	CLI	c'	O
hanno	AUX:fin	avere	O
detto	VER:ppast	dire	O
che	CHE	che	O
non	NEG	non	O
li	CLI	li	O
conoscevano	VER:fin	conoscere	O
invece	ADV	invece	O
non	NEG	non	O
è	VER:fin	essere	O
vero	ADJ	vero	O
perché	WH	perché	O
stavolta	ADV	stavolta	O
li	CLI	li	O
abbiam	VER:fin	<unknown>	O
visti	VER:fin	vistare	O
insieme	ADV	insieme	O
			
#Text=u madonna			
u	ADJ	<unknown>	O
madonna	NOUN	madonna	O
			
#Text=eh			
eh	NOCAT	eh	O
			
#Text=sì vabbé lascia stare			
sì	ADV	sì	O
vabbé	NOCAT	<unknown>	O
lascia	VER:fin	lasciare	O
stare	VER:infi	stare	O
			
#Text=è vero perché noi gli abbiamo detto che non li conoscevamo sti ragazzi che effettivamente era vero però c' avevano rivisto insieme			
è	VER:fin	essere	O
vero	ADJ	vero	O
perché	WH	perché	O
noi	PRO:pers	noi	O
gli	CLI	gli	O
abbiamo	AUX:fin	avere	O
detto	VER:ppast	dire	O
che	CHE	che	O
non	NEG	non	O
li	CLI	li	O
conoscevamo	VER:fin	conoscere	O
sti	VER:fin	<unknown>	O
ragazzi	NOUN	ragazzo	O
che	CHE	che	O
effettivamente	ADV:mente	effettivamente	O
era	VER:fin	essere	O
vero	ADJ	vero	O
però	ADV	però	O
c'	CLI	c'	O
avevano	VER:fin	avere	O
rivisto	ADJ	rivisto	O
insieme	ADV	insieme	O
			
#Text=c' hanno rivisto nella stessa situazione non hanno visto			
c'	CLI	c'	O
hanno	VER:fin	avere	O
rivisto	ADJ	rivisto	O
nella	ARTPRE	nella	O
stessa	ADJ	stesso	O
situazione	NOUN	situazione	O
non	NEG	non	O
hanno	VER:fin	avere	O
visto	NOUN	visto	O
			
#Text=vabbé ho capito vabbé ma noi anima da crocerossine scusa eh			
vabbé	NOCAT	<unknown>	O
ho	AUX:fin	avere	O
capito	VER:ppast	capire	O
vabbé	VER:fin	<unknown>	O
ma	CON	ma	O
noi	PRO:pers	noi	O
anima	NOUN	anima	O
da	PRE	da	O
crocerossine	NOUN	crocerossina	O
scusa	VER:fin	scusare	O
eh	NOCAT	eh	O
			
#Text=cioè li volevamo rivedé come state come non state			
cioè	ADV	cioè	O
li	CLI	li	O
volevamo	VER2:fin	volere	O
rivedé	VER:fin	<unknown>	O
come	WH	come	O
state	VER:fin	stare	O
come	WH	come	O
non	NEG	non	O
state	AUX:ppast	essere	O
			
#Text=eh vabbé che glie frega a loro			
eh	NOCAT	eh	O
vabbé	NOCAT	<unknown>	O
che	CHE	che	O
glie	VER:fin	<unknown>	O
frega	VER:fin	fregare	O
a	PRE	a	O
loro	PRO:pers	loro	O
			
#Text=io mi son ghiacciata quando ho visto uno dei due tipi aggressori chiamiamoli così che mi ha fissata negli occhi			
io	PRO:pers	io	O
mi	CLI	mi	O
son	AUX:fin	essere	O
ghiacciata	VER:ppast	ghiacciare	O
quando	WH	quando	O
ho	VER:fin	avere	O
visto	NOUN	visto	O
uno	PRO:indef	uno	O
dei	ARTPRE	del	O
due	DET:num	due	O
tipi	NOUN	tipo	O
aggressori	NOUN	aggressore	O
chiamiamoli	VER:fin:cli	chiamare	O
così	ADV	così	O
che	CHE	che	O
mi	CLI	mi	O
ha	AUX:fin	avere	O
fissata	VER:ppast	fissare	O
negli	ARTPRE	nel	O
occhi	NOUN	occhio	O
			
#Text=ma il problema è che se so fermati proprio a guardarci			
ma	CON	ma	O
il	ART	il	O
problema	NOUN	problema	O
è	VER:fin	essere	O
che	CHE	che	O
se	CLI	se	O
so	VER:fin	sapere	O
fermati	NOUN	fermato	O
proprio	ADV	proprio	O
a	PRE	a	O
guardarci	VER:infi:cli	guardare	O
			
#Text=mi si è gelato il sangue nelle vene			
mi	CLI	mi	O
si	CLI	si	B
è	AUX:fin	essere	I
gelato	VER:ppast	gelare	I
il	ART	il	I
sangue	NOUN	sangue	I
nelle	ARTPRE	nella	I
vene	NOUN	vena	I
			
#Text=ma ieri alle panche			
ma	CON	ma	O
ieri	ADV	ieri	O
alle	ARTPRE	alla	O
panche	NOUN	panca	O
			
#Text=sì noi stavamo andando alle panche capito			
sì	ADV	sì	O
noi	PRO:pers	noi	O
stavamo	VER:fin	stare	O
andando	VER:geru	andare	O
alle	ARTPRE	alla	O
panche	NOUN	panca	O
capito	VER:ppast	capire	O
			
#Text=sì eravamo di fronte nelle due sponde del po			
sì	ADV	sì	O
eravamo	VER:fin	essere	O
di	PRE	di	O
fronte	NOUN	fronte	O
nelle	ARTPRE	nella	O
due	DET:num	due	O
sponde	NOUN	sponda	O
del	ARTPRE	del	O
po	ADJ	<unknown>	O
			
#Text=quando siamo arrivati da te era appena successo quella cosa quando ti ho salutato			
quando	WH	quando	O
siamo	AUX:fin	essere	O
arrivati	VER:ppast	arrivare	O
da	PRE	da	O
te	PRO:pers	te	O
era	AUX:fin	essere	O
appena	ADV	appena	O
successo	VER:ppast	succedere	O
quella	DET:demo	quello	O
cosa	NOUN	cosa	O
quando	WH	quando	O
ti	CLI	ti	O
ho	AUX:fin	avere	O
salutato	VER:ppast	salutare	O
			
#Text=ah okay sì sì			
ah	NOCAT	ah	O
okay	ADV	okay	O
sì	ADV	sì	O
sì	ADV	sì	O
			
#Text=quella cosa io stavo lì oddio santo aiuto			
quella	DET:demo	quello	O
cosa	NOUN	cosa	O
io	PRO:pers	io	O
stavo	VER:fin	stare	O
lì	ADV	lì	O
oddio	VER:fin	<unknown>	B
santo	ADJ	santo	I
aiuto	NOUN	aiuto	O
			
#Text=ma infatti chiunque venisse a salutare uno di loro che lo toccava così vedevi tutti che x			
ma	CON	ma	O
infatti	ADV	infatti	O
chiunque	WH	chiunque	O
venisse	VER:fin	venire	O
a	PRE	a	O
salutare	VER:infi	salutare	O
uno	PRO:indef	uno	O
di	PRE	di	O
loro	PRO:pers	loro	O
che	CHE	che	O
lo	CLI	lo	O
toccava	VER:fin	toccare	O
così	ADV	così	O
vedevi	VER:fin	vedere	O
tutti	PRO:indef	tutti	O
che	CHE	che	O
x	ADJ	<unknown>	O
			
#Text=panico			
panico	NOUN	panico	O
			
#Text=però dici che è passato di moda			
però	ADV	però	O
dici	VER:fin	dire	O
che	CHE	che	O
è	AUX:fin	essere	B
passato	VER:ppast	passare	I
di	PRE	di	I
moda	NOUN	moda	I
			
#Text=no meglio se è passato di moda			
no	ADV	no	O
meglio	ADV	meglio	O
se	CLI	se	O
è	AUX:fin	essere	B
passato	VER:ppast	passare	I
di	PRE	di	I
moda	NOUN	moda	I
			
#Text=eh a me piace però			
eh	NOCAT	eh	O
a	PRE	a	O
me	PRO:pers	me	O
piace	VER:fin	piacere	O
però	ADV	però	O
			
#Text=fake lo prendi			
fake	NOUN	<unknown>	O
lo	CLI	lo	O
prendi	VER:fin	prendere	O
			
#Text=però è piccolo			
però	ADV	però	O
è	VER:fin	essere	O
piccolo	ADJ	piccolo	O
			
#Text=no sì beh poi costa			
no	ADV	no	O
sì	ADV	sì	O
beh	NOCAT	beh	O
poi	ADV	poi	O
costa	VER:fin	costare	O
			
#Text=no ci sono anche quelle gra			
no	ADV	no	O
ci	CLI	ci	O
sono	VER:fin	essere	O
anche	ADV	anche	O
quelle	PRO:demo	quelle	O
gra	VER:fin	<unknown>	O
			
#Text=ma no ci sono anche le taglie più grandi			
ma	CON	ma	O
no	ADV	no	O
ci	CLI	ci	O
sono	VER:fin	essere	O
anche	ADV	anche	O
le	ART	la	O
taglie	NOUN	taglia	O
più	ADV	più	O
grandi	ADJ	grande	O
			
#Text=costa l' ira di dio			
costa	VER:fin	costare	B
l'	ART	l'	I
ira	NOUN	ira	I
di	PRE	di	I
dio	NOUN	dio	I
			
#Text=ma cosa			
ma	CON	ma	O
cosa	NOUN	cosa	O
			
#Text=più grande di quello non c' è			
più	ADV	più	O
grande	ADJ	grande	O
di	PRE	di	O
quello	PRO:demo	quello	O
non	NEG	non	O
c'	CLI	c'	O
è	VER:fin	essere	O
			
#Text=lo zaino			
lo	ART	il	O
zaino	NOUN	zaino	O
			
#Text=quello mi sa che è la taglia più grande			
quello	PRO:demo	quello	O
mi	CLI	mi	O
sa	VER:fin	sapere	O
che	CHE	che	O
è	VER:fin	essere	O
la	ART	la	O
taglia	NOUN	taglia	O
più	ADV	più	O
grande	ADJ	grande	O
			
#Text=anche secondo me			
anche	ADV	anche	O
secondo	PRE	secondo	O
me	PRO:pers	me	O
			
#Text=ce n' è uno ancora più piccolo			
ce	CLI	ce	O
n'	ADJ	<unknown>	O
è	VER:fin	essere	O
uno	PRO:indef	uno	O
ancora	ADV	ancora	O
più	ADV	più	O
piccolo	ADJ	piccolo	O
			
#Text=gli altri sono tipo quelli			
gli	ART	il	O
altri	PRO:indef	altri	O
sono	VER:fin	essere	O
tipo	NOUN	tipo	O
quelli	PRO:demo	quelli	O
			
#Text=ma secondo me quelli più grandi sono tipo quelli però diversi			
ma	CON	ma	O
secondo	PRE	secondo	O
me	PRO:pers	me	O
quelli	PRO:demo	quelli	O
più	ADV	più	O
grandi	ADJ	grande	O
sono	VER:fin	essere	O
tipo	NOUN	tipo	O
quelli	PRO:demo	quelli	O
però	ADV	però	O
diversi	ADJ	diverso	O
			
#Text=cioè con una roba davanti e le fibbie			
cioè	ADV	cioè	O
con	PRE	con	O
una	ART	una	O
roba	NOUN	roba	O
davanti	ADV	davanti	O
e	CON	e	O
le	ART	la	O
fibbie	ADJ	<unknown>	O
			
#Text=sei sicura			
sei	DET:num	sei	O
sicura	ADJ	sicuro	O
			
#Text=no			
no	ADV	no	O
			
#Text=quelli da scout			
quelli	PRO:demo	quelli	O
da	PRE	da	O
scout	NOUN	scout	O
			
#Text=ma questi me sa che li fanno solo così			
ma	CON	ma	O
questi	PRO:demo	questi	O
me	PRO:pers	me	O
sa	VER:fin	sapere	O
che	CHE	che	O
li	CLI	li	O
fanno	VER:fin	fare	O
solo	ADV	solo	O
così	ADV	così	O
			
#Text=a me non me fanno impazzì			
a	PRE	a	O
me	PRO:pers	me	O
non	NEG	non	O
me	PRO:pers	me	O
fanno	VER2:fin	fare	O
impazzì	VER:fin	impazzire	O
			
#Text=non mi importa			
non	NEG	non	O
mi	CLI	mi	O
importa	VER:fin	importare	O
			
#Text=ma manco a me te la devi portà tu			
ma	CON	ma	O
manco	ADV	manco	O
a	PRE	a	O
me	PRO:pers	me	O
te	PRO:pers	te	O
la	CLI	la	O
devi	VER2:fin	dovere	O
portà	NOUN	<unknown>	O
tu	PRO:pers	tu	O
			
#Text=ma poi cosa scrivi tipo pernacchia			
ma	CON	ma	O
poi	ADV	poi	O
cosa	WH	cosa	O
scrivi	VER:fin	scrivere	O
tipo	NOUN	tipo	O
pernacchia	NOUN	pernacchia	O
			
#Text=sì			
sì	ADV	sì	O
			
#Text=pernacchia figata			
pernacchia	NOUN	pernacchia	O
figata	VER:ppast	<unknown>	O
			
#Text=sì			
sì	ADV	sì	O
			
#Text=ho capito ma tu sei entrata troppo nella parte stai a fà l' attrice			
ho	AUX:fin	avere	O
capito	VER:ppast	capire	O
ma	CON	ma	O
tu	PRO:pers	tu	O
sei	AUX:fin	essere	B
entrata	VER:ppast	entrare	I
troppo	ADV	troppo	o
nella	ARTPRE	nella	I
parte	NOUN	parte	I
stai	VER:fin	stare	O
a	PRE	a	O
fà	NOUN	<unknown>	O
l'	ART	l'	O
attrice	NOUN	attrice	O
			
#Text=sì			
sì	ADV	sì	O
			
#Text=no non sto a fà l' attrice io parlo così normalmente come potete notare ragazze come si evince x			
no	ADV	no	O
non	NEG	non	O
sto	VER:fin	stare	O
a	PRE	a	O
fà	NOUN	<unknown>	O
l'	ART	l'	O
attrice	NOUN	attrice	O
io	PRO:pers	io	O
parlo	VER:fin	parlare	O
così	ADV	così	O
normalmente	ADV:mente	normalmente	O
come	WH	come	O
potete	VER2:fin	potere	O
notare	VER:infi	notare	O
ragazze	NOUN	ragazza	O
come	WH	come	O
si	CLI	si	O
evince	VER:fin	evincere	O
x	ADJ	<unknown>	O
			
#Text=sono naturalmente così mi pongo e mi			
sono	VER:fin	essere	O
naturalmente	ADV:mente	naturalmente	O
così	ADV	così	O
mi	CLI	mi	O
pongo	VER:fin	porre	O
e	CON	e	O
mi	CLI	mi	O
			
#Text=questa dizione			
questa	DET:demo	questo	O
dizione	NOUN	dizione	O
			
#Text=esatto la dizione aulica ce l' ho sempre avuta			
esatto	ADJ	esatto	O
la	ART	la	O
dizione	NOUN	dizione	O
aulica	ADJ	aulico	O
ce	CLI	ce	O
l'	CLI	l'	O
ho	AUX:fin	avere	O
sempre	ADV	sempre	O
avuta	VER:ppast	avere	O
			
#Text=ma scusa ma c' è voi avete lasciato su le cose			
ma	CON	ma	O
scusa	NOUN	scusa	O
ma	CON	ma	O
c'	CLI	c'	O
è	VER:fin	essere	O
voi	PRO:pers	voi	O
avete	AUX:fin	avere	O
lasciato	VER:ppast	lasciare	O
su	PRE	su	O
le	ART	la	O
cose	NOUN	cosa	O
			
#Text=sì			
sì	ADV	sì	O
			
#Text=sì			
sì	ADV	sì	O
			
#Text=sì			
sì	ADV	sì	O
			
#Text=ma non potevate uscire direttamente			
ma	CON	ma	O
non	NEG	non	O
potevate	VER2:fin	potere	O
uscire	VER:infi	uscire	O
direttamente	ADV:mente	direttamente	O
			
#Text=ma adesso chiude è questo il problema			
ma	CON	ma	O
adesso	ADV	adesso	O
chiude	VER:fin	chiudere	O
è	VER:fin	essere	O
questo	PRO:demo	questo	O
il	ART	il	O
problema	NOUN	problema	O
			
#Text=no			
no	ADV	no	O
			
#Text=dai andate sì no vi saluto vado vado anch' io ciao			
dai	ARTPRE	dal	O
andate	VER:ppast	andare	O
sì	ADV	sì	O
no	ADV	no	O
vi	CLI	vi	O
saluto	NOUN	saluto	O
vado	VER:fin	andare	O
vado	VER:fin	andare	O
anch'	ADV	anch'	O
io	PRO:pers	io	O
ciao	NOCAT	ciao	O
