Conversation: TOC1005

https://search.corpuskiparla.it/corpus/conversations/TOC1005.html

#Text=scusi professoressa se ho chiesto quest' urgenza solo che sto f facendo delle visite devo anche essere operata quindi			
scusi	VER:fin	scusare	O
professoressa	NOUN	professoressa	O
se	CON	se	O
ho	AUX:fin	avere	O
chiesto	VER:ppast	chiedere	O
quest'	DET:demo	questo	O
urgenza	NOUN	urgenza	O
solo	ADV	solo	O
che	CHE	che	O
sto	VER:fin	stare	O
f	NOUN	<unknown>	O
facendo	VER:geru	fare	O
delle	ARTPRE	della	O
visite	NOUN	visita	O
devo	VER2:fin	dovere	O
anche	ADV	anche	O
essere	AUX:infi	essere	O
operata	VER:ppast	operare	O
quindi	ADV	quindi	O
			
#Text=no no certo certo			
no	ADV	no	O
no	ADV	no	O
certo	ADV	certo	O
certo	ADV	certo	O
			
#Text=certo non c' è problema non c' è problema			
certo	ADV	certo	O
non	NEG	non	B
c'	CLI	c'	I
è	VER:fin	essere	I
problema	NOUN	problema	I
non	NEG	non	B
c'	CLI	c'	I
è	VER:fin	essere	I
problema	NOUN	problema	I
			
#Text=è una situazione un attimo			
è	VER:fin	essere	O
una	ART	una	O
situazione	NOUN	situazione	O
un	ART	un	B
attimo	NOUN	attimo	I
			
#Text=senta eh lei è frequentante era presente il giorno fatidico della raccolta firme			
senta	VER:fin	sentire	O
eh	NOCAT	eh	O
lei	PRO:pers	lei	O
è	VER:fin	essere	O
frequentante	VER:ppre	frequentare	O
era	VER:fin	essere	O
presente	ADJ	presente	O
il	ART	il	O
giorno	NOUN	giorno	O
fatidico	ADJ	fatidico	O
della	ARTPRE	della	O
raccolta	NOUN	raccolta	B
firme	NOUN	firma	I
			
#Text=no purtroppo no perché lì da lì da u la settimana prima sono iniziati i miei problemi quindi infatti ho avuto la stessa questione di penale che l' ultimo giorno ha chiesto solo che io ho avuto una serie di visite			
no	ADV	no	O
purtroppo	ADV	purtroppo	O
no	ADV	no	O
perché	WH	perché	O
lì	ADV	lì	O
da	PRE	da	O
lì	ADV	lì	O
da	PRE	da	O
u	ADJ	<unknown>	O
la	ART	la	O
settimana	NOUN	settimana	O
prima	ADJ	primo	O
sono	AUX:fin	essere	O
iniziati	VER:ppast	iniziare	O
i	ART	il	O
miei	DET:poss	mio	O
problemi	NOUN	problema	O
quindi	ADV	quindi	O
infatti	ADV	infatti	O
ho	AUX:fin	avere	O
avuto	VER:ppast	avere	O
la	ART	la	O
stessa	ADJ	stesso	O
questione	NOUN	questione	O
di	PRE	di	O
penale	ADJ	penale	O
che	CHE	che	O
l'	ART	l'	O
ultimo	ADJ	ultimo	O
giorno	NOUN	giorno	O
ha	AUX:fin	avere	O
chiesto	VER:ppast	chiedere	O
solo	ADV	solo	O
che	CHE	che	O
io	PRO:pers	io	O
ho	AUX:fin	avere	O
avuto	VER:ppast	avere	O
una	ART	una	O
serie	NOUN	serie	O
di	PRE	di	O
visite	NOUN	visita	O
			
#Text=ah ho capito			
ah	NOCAT	ah	O
ho	AUX:fin	avere	O
capito	VER:ppast	capire	O
			
#Text=va bene non c' è problema			
va	VER:fin	andare	B
bene	ADV	bene	I
non	NEG	non	B
c'	CLI	c'	I
è	VER:fin	essere	I
problema	NOUN	problema	I
			
#Text=senta			
senta	VER:fin	sentire	O
			
#Text=però se si ricorda io ero in prima fila sì sì sì			
però	ADV	però	O
se	CON	se	O
si	CLI	si	O
ricorda	VER:fin	ricordare	O
io	PRO:pers	io	O
ero	VER:fin	essere	O
in	PRE	in	O
prima	ADJ	primo	O
fila	NOUN	fila|filo	O
sì	ADV	sì	O
sì	ADV	sì	O
sì	ADV	sì	O
			
#Text=no infatti infatti mi ricordo senz' altro non c' è problema			
no	ADV	no	O
infatti	ADV	infatti	O
infatti	ADV	infatti	O
mi	CLI	mi	O
ricordo	VER:fin	ricordare	O
senz'	PRE	senza	B
altro	PRO:indef	altro	I
non	NEG	non	B
c'	CLI	c'	I
è	VER:fin	essere	I
problema	NOUN	problema	I
			
#Text=senta eh mh vediamo un attimo nel eh cor so di sistemi abbiamo dato una certa importanza all' istituto del trust eh			
senta	VER:fin	sentire	O
eh	NOCAT	eh	O
mh	VER:fin	<unknown>	O
vediamo	VER:fin	vedere	O
un	ART	un	B
attimo	NOUN	attimo	I
nel	ARTPRE	nel	O
eh	NOCAT	eh	O
cor	NOUN	<unknown>	O
so	VER:fin	sapere	O
di	PRE	di	O
sistemi	NOUN	sistema	O
abbiamo	AUX:fin	avere	O
dato	VER:ppast	dare	O
una	ART	una	O
certa	ADJ	certo	O
importanza	NOUN	importanza	O
all'	ARTPRE	all'	O
istituto	NOUN	istituto	O
del	ARTPRE	del	O
trust	NOUN	trust	O
eh	NOCAT	eh	O
			
#Text=sicuramente			
sicuramente	ADV:mente	sicuramente	O
			
#Text=allora mi vuol spiegare che cos' è e perché abbiamo dedicato tutto questo spazio al trust			
allora	ADV	allora	O
mi	CLI	mi	O
vuol	VER2:fin	volere	O
spiegare	VER:infi	spiegare	O
che	CHE	che	O
cos'	ADJ	<unknown>	O
è	VER:fin	essere	O
e	CON	e	O
perché	WH	perché	O
abbiamo	AUX:fin	avere	O
dedicato	VER:ppast	dedicare	O
tutto	DET:indef	tutto	O
questo	DET:demo	questo	O
spazio	NOUN	spazio	O
al	ARTPRE	al	O
trust	NOUN	trust	O
			
#Text=allora il trust come ha detto lei è un istituto molto rilevante anche ai giorni d' o ai giorni nostri eh mh nell' ambito del eh del nostro corso però è rilevato dal momento che eh ehm si collega all' utilità di quella che è l' equity			
allora	ADV	allora	O
il	ART	il	O
trust	NOUN	trust	O
come	WH	come	O
ha	AUX:fin	avere	O
detto	VER:ppast	dire	O
lei	PRO:pers	lei	O
è	VER:fin	essere	O
un	ART	un	O
istituto	NOUN	istituto	O
molto	ADV	molto	O
rilevante	ADJ	rilevante	O
anche	ADV	anche	O
ai	ARTPRE	al	O
giorni	NOUN	giorno	O
d'	PRE	da|di	O
o	CON	o	O
ai	ARTPRE	al	B
giorni	NOUN	giorno	I
nostri	DET:poss	nostro	I
eh	NOCAT	eh	O
mh	VER:fin	<unknown>	O
nell'	ARTPRE	nell'	O
ambito	NOUN	ambito	O
del	ARTPRE	del	O
eh	NOCAT	eh	O
del	ARTPRE	del	O
nostro	DET:poss	nostro	O
corso	NOUN	corso	O
però	ADV	però	O
è	AUX:fin	essere	O
rilevato	VER:ppast	rilevare	O
dal	ARTPRE	dal	O
momento	NOUN	momento	O
che	CHE	che	O
eh	NOCAT	eh	O
ehm	ADJ	<unknown>	O
si	CLI	si	O
collega	VER:fin	collegare	O
all'	ARTPRE	all'	O
utilità	NOUN	utilità	O
di	PRE	di	O
quella	PRO:demo	quella	O
che	CHE	che	O
è	VER:fin	essere	O
l'	ART	l'	O
equity	NOUN	<unknown>	O
			
#Text=eh allora il trust è un praticam un metodo attraverso il quale un soggetto che eh decide ma n n che vuole mantenere l' anonimato decide di affidare l' eh mh i propri i propri beni ad un altro soggetto che diventa il trustee			
eh	NOCAT	eh	O
allora	ADV	allora	O
il	ART	il	O
trust	NOUN	trust	O
è	VER:fin	essere	O
un	ART	un	O
praticam	NOUN	<unknown>	O
un	ART	un	O
metodo	NOUN	metodo	O
attraverso	PRE	attraverso	O
il	ART	il	O
quale	WH	quale	O
un	ART	un	O
soggetto	NOUN	soggetto	O
che	CHE	che	O
eh	NOCAT	eh	O
decide	VER:fin	decidere	O
ma	CON	ma	O
n	VER:fin	<unknown>	O
n	VER:fin	<unknown>	O
che	CHE	che	O
vuole	VER2:fin	volere	O
mantenere	VER:infi	mantenere	O
l'	ART	l'	O
anonimato	ADJ	<unknown>	O
decide	VER:fin	decidere	O
di	PRE	di	O
affidare	VER:infi	affidare	O
l'	ART	l'	O
eh	NOCAT	eh	O
mh	VER:fin	<unknown>	O
i	ART	il	O
propri	DET:poss	proprio	O
i	ART	il	O
propri	DET:poss	proprio	O
beni	NOUN	bene	O
ad	PRE	ad	O
un	ART	un	O
altro	DET:indef	altro	O
soggetto	NOUN	soggetto	O
che	CHE	che	O
diventa	VER:fin	diventare	O
il	ART	il	O
trustee	ADJ	<unknown>	O
			
#Text=questo soggetto si deve comportare secondo appunto si deve comportare come trustee ovvero non come vero e proprio proprietario bensì come eh un curatore di questi beni			
questo	DET:demo	questo	O
soggetto	NOUN	soggetto	O
si	CLI	si	O
deve	VER2:fin	dovere	O
comportare	VER:infi	comportare	O
secondo	PRE	secondo	O
appunto	ADV	appunto	O
si	CLI	si	O
deve	VER2:fin	dovere	O
comportare	VER:infi	comportare	O
come	WH	come	O
trustee	ADJ	<unknown>	O
ovvero	CON	ovvero	O
non	NEG	non	O
come	WH	come	O
vero	ADJ	vero	B
e	CON	e	I
proprio	ADV	proprio	I
proprietario	ADJ	proprietario	O
bensì	CON	bensì	O
come	WH	come	O
eh	NOCAT	eh	O
un	ART	un	O
curatore	NOUN	curatore	O
di	PRE	di	O
questi	DET:demo	questo	O
beni	NOUN	bene	O
			
#Text=eh questo s si sviluppa quindi questo istituto il problema è che il eh common law non prevedeva una vera e propria ehm diciamo così			
eh	NOCAT	eh	O
questo	PRO:demo	questo	O
s	VER:fin	<unknown>	O
si	CLI	si	O
sviluppa	VER:fin	sviluppare	O
quindi	ADV	quindi	O
questo	DET:demo	questo	O
istituto	NOUN	istituto	O
il	ART	il	O
problema	NOUN	problema	O
è	VER:fin	essere	O
che	CHE	che	O
il	ART	il	O
eh	NOCAT	eh	O
common	VER:fin	<unknown>	O
law	VER:fin	<unknown>	O
non	NEG	non	O
prevedeva	VER:fin	prevedere	O
una	ART	una	O
vera	ADJ	vero	B
e	CON	e	I
propria	ADJ	proprio	I
ehm	NOUN	<unknown>	O
diciamo	VER:fin	dire	O
così	ADV	così	O
			
#Text=mh			
mh	VER:fin	<unknown>	O
			
#Text=eh non prevedeva una vera e propria ehm			
eh	NOCAT	eh	O
non	NEG	non	O
prevedeva	VER:fin	prevedere	O
una	ART	una	O
vera	ADJ	vero	B
e	CON	e	I
propria	DET:poss	proprio	I
ehm	NOUN	<unknown>	O
			
#Text=una tutela vera e propria diciamo che eh ehm al agli occhi del eh del common law il trustee sarebbe stato semplicemente un vero e proprio proprietario di conseguenza si sviluppa			
una	ART	una	O
tutela	NOUN	tutela	O
vera	ADJ	vero	B
e	CON	e	I
propria	ADJ	proprio	I
diciamo	VER:fin	dire	O
che	CHE	che	O
eh	NOCAT	eh	O
ehm	ADJ	<unknown>	O
al	ARTPRE	al	O
agli	ARTPRE	al	O
occhi	NOUN	occhio	O
del	ARTPRE	del	O
eh	NOCAT	eh	O
del	ARTPRE	del	O
common	VER:fin	<unknown>	O
law	VER:fin	<unknown>	O
il	ART	il	O
trustee	NOUN	<unknown>	O
sarebbe	AUX:fin	essere	O
stato	AUX:ppast	essere	O
semplicemente	ADV:mente	semplicemente	O
un	ART	un	O
vero	ADJ	vero	B
e	CON	e	I
proprio	ADV	proprio	I
proprietario	ADJ	proprietario	O
di	PRE	di	O
conseguenza	NOUN	conseguenza	O
si	CLI	si	O
sviluppa	VER:fin	sviluppare	O
			
#Text=quindi che problema d di tutela c' era			
quindi	ADV	quindi	O
che	CHE	che	O
problema	NOUN	problema	O
d	VER:fin	<unknown>	O
di	PRE	di	O
tutela	NOUN	tutela	O
c'	CLI	c'	O
era	VER:fin	essere	O
			
#Text=cioè			
cioè	ADV	cioè	O
			
#Text=eh il pro			
eh	NOCAT	eh	O
il	ART	il	O
pro	PRE	pro	O
			
#Text=che tipo di conflitti potevano sorgere che non trovavano soluzione equa di fronte alle corti di common law			
che	CHE	che	O
tipo	NOUN	tipo	O
di	PRE	di	O
conflitti	NOUN	conflitto	O
potevano	VER2:fin	potere	O
sorgere	VER:infi	sorgere	O
che	CHE	che	O
non	NEG	non	O
trovavano	VER:fin	trovare	O
soluzione	NOUN	soluzione	O
equa	ADJ	equo	O
di	PRE	di	B
fronte	NOUN	fronte	I
alle	ARTPRE	alla	I
corti	NOUN	corte|corto	O
di	PRE	di	O
common	VER:fin	<unknown>	O
law	VER:fin	<unknown>	O
			
#Text=eh il conflitto che può sorgere è che questo soggetto qualificato come trustee si comportasse in realtà in maniera non non corretta			
eh	NOCAT	eh	O
il	ART	il	O
conflitto	NOUN	conflitto	O
che	CHE	che	O
può	VER2:fin	potere	O
sorgere	VER:infi	sorgere	O
è	VER:fin	essere	O
che	CHE	che	O
questo	DET:demo	questo	O
soggetto	NOUN	soggetto	O
qualificato	VER:ppast	qualificare	O
come	WH	come	O
trustee	ADJ	<unknown>	O
si	CLI	si	O
comportasse	VER:fin	comportare	O
in	PRE	in	B
realtà	NOUN	realtà	I
in	PRE	in	O
maniera	NOUN	maniera	O
non	NEG	non	O
non	NEG	non	O
corretta	VER:ppast	correggere	O
			
#Text=quindi svolgesse l l cioè si comportasse come se fosse il vero e proprio proprietario e di conseguenza il common law non riusciva a trovare un rimedio vero e proprio			
quindi	ADV	quindi	O
svolgesse	VER:fin	svolgere	O
l	ADJ	<unknown>	O
l	VER:fin	<unknown>	O
cioè	ADV	cioè	O
si	CLI	si	O
comportasse	VER:fin	comportare	O
come	WH	come	O
se	CLI	se	O
fosse	VER:fin	essere	O
il	ART	il	O
vero	ADJ	vero	B
e	CON	e	I
proprio	ADV	proprio	I
proprietario	ADJ	proprietario	O
e	CON	e	O
di	PRE	di	B
conseguenza	NOUN	conseguenza	I
il	ART	il	O
common	VER:fin	<unknown>	O
law	VER:fin	<unknown>	O
non	NEG	non	O
riusciva	VER:fin	riuscire	O
a	PRE	a	O
trovare	VER:infi	trovare	O
un	ART	un	O
rimedio	NOUN	rimedio	O
vero	ADJ	vero	B
e	CON	e	I
proprio	ADV	proprio	I
			
#Text=ma a tutela di chi			
ma	CON	ma	O
a	PRE	a	O
tutela	NOUN	tutela	O
di	PRE	di	O
chi	WH	chi	O
			
#Text=a tutela del sogge del eh mh del eh del fiducia cioè di colui che eh aveva mh dato il via al trust cioè del eh del trustier			
a	PRE	a	O
tutela	NOUN	tutela	O
del	ARTPRE	del	O
sogge	NOUN	<unknown>	O
del	ARTPRE	del	O
eh	NOCAT	eh	O
mh	VER:fin	<unknown>	O
del	ARTPRE	del	O
eh	NOCAT	eh	O
del	ARTPRE	del	O
fiducia	NOUN	fiducia	O
cioè	ADV	cioè	O
di	PRE	di	O
colui	PRO:demo	colui	O
che	CHE	che	O
eh	NOCAT	eh	O
aveva	AUX:fin	avere	O
mh	VER:fin	<unknown>	O
dato	VER:ppast	dare	B
il	ART	il	I
via	NOUN	via	I
al	ARTPRE	al	O
trust	NOUN	trust	O
cioè	ADV	cioè	O
del	ARTPRE	del	O
eh	NOCAT	eh	O
del	ARTPRE	del	O
trustier	ADJ	<unknown>	O
			
#Text=no del del setl del setl del trust			
no	NOUN	no	O
del	ARTPRE	del	O
del	ARTPRE	del	O
setl	NOUN	<unknown>	O
del	ARTPRE	del	O
setl	NOUN	<unknown>	O
del	ARTPRE	del	O
trust	NOUN	trust	O
			
#Text=no settlor del trust ma eh			
no	ADV	no	O
settlor	ADJ	<unknown>	O
del	ARTPRE	del	O
trust	NOUN	trust	O
ma	CON	ma	O
eh	NOCAT	eh	O
			
#Text=una volta che il eh settlor fosse morto non c' erano problemi che le corti di common law non potessero risolvere			
una	ART	una	O
volta	NOUN	volta	O
che	CHE	che	O
il	ART	il	O
eh	NOCAT	eh	O
settlor	NOUN	<unknown>	O
fosse	AUX:fin	essere	O
morto	VER:ppast	morire	O
non	NEG	non	O
c'	CLI	c'	O
erano	VER:fin	essere	O
problemi	NOUN	problema	O
che	CHE	che	O
le	ART	la	O
corti	NOUN	corte|corto	O
di	PRE	di	O
common	VER:fin	<unknown>	O
law	VER:fin	<unknown>	O
non	NEG	non	O
potessero	VER2:fin	potere	O
risolvere	VER:infi	risolvere	O
			
#Text=eh però ad esempio il eh il problema che si poneva era nel caso in cui ad esempio un soggetto decidesse di			
eh	NOCAT	eh	O
però	ADV	però	O
ad	PRE	ad	B
esempio	NOUN	esempio	I
il	ART	il	O
eh	NOCAT	eh	O
il	ART	il	O
problema	NOUN	problema	O
che	CHE	che	O
si	CLI	si	O
poneva	VER:fin	porre	O
era	VER:fin	essere	O
nel	ARTPRE	nel	O
caso	NOUN	caso	O
in	PRE	in	O
cui	WH	cui	O
ad	PRE	ad	B
esempio	NOUN	esempio	I
un	ART	un	O
soggetto	NOUN	soggetto	O
decidesse	VER:fin	decidere	O
di	PRE	di	O
			
#Text=lasciare al trustee eh determinati beni eh per evi ad esempio per evitare che li dovesse gestire direttamente il figlio primogenito magari poco eh abile nella gestione ma comunque voleva garantire che il patrimonio si perpetrasse all' interno della sua dinastia			
lasciare	VER:infi	lasciare	O
al	ARTPRE	al	O
trustee	ADJ	<unknown>	O
eh	NOCAT	eh	O
determinati	VER:ppast	determinare	O
beni	NOUN	bene	O
eh	NOCAT	eh	O
per	PRE	per	O
evi	NOUN	evo	O
ad	PRE	ad	B
esempio	NOUN	esempio	I
per	PRE	per	O
evitare	VER:infi	evitare	O
che	CHE	che	O
li	CLI	li	O
dovesse	VER2:fin	dovere	O
gestire	VER:infi	gestire	O
direttamente	ADV:mente	direttamente	O
il	ART	il	O
figlio	NOUN	figlio	O
primogenito	ADJ	primogenito	O
magari	ADV	magari	O
poco	PRO:indef	poco	O
eh	NOCAT	eh	O
abile	ADJ	abile	O
nella	ARTPRE	nella	O
gestione	NOUN	gestione	O
ma	CON	ma	O
comunque	WH	comunque	O
voleva	VER2:fin	volere	O
garantire	VER:infi	garantire	O
che	CHE	che	O
il	ART	il	O
patrimonio	NOUN	patrimonio	O
si	CLI	si	O
perpetrasse	VER:fin	perpetrare	O
all'	ARTPRE	all'	B
interno	NOUN	interno	I
della	ARTPRE	della	I
sua	DET:poss	suo	O
dinastia	NOUN	dinastia	O
			
#Text=perpe			
perpe	NOUN	<unknown>	O
			
#Text=s si si continua cioè eh rimanesse comunque all' interno del eh della propria dinastia di conseguen			
s	VER:fin	<unknown>	O
si	CLI	si	O
si	CLI	si	O
continua	VER:fin	continuare	O
cioè	ADV	cioè	O
eh	NOCAT	eh	O
rimanesse	VER:fin	rimanere	O
comunque	WH	comunque	O
all'	ARTPRE	all'	B
interno	NOUN	interno	I
del	ARTPRE	del	I
eh	NOCAT	eh	O
della	ARTPRE	della	O
propria	DET:poss	proprio	O
dinastia	NOUN	dinastia	O
di	PRE	di	O
conseguen	VER:fin	<unknown>	O
			
#Text=alloraperpetuasse			
alloraperpetuasse	NOUN	<unknown>	O
			
#Text=si perp sì si perpetuasse all' interno della sua			
si	CLI	si	O
perp	VER:fin	<unknown>	O
sì	ADV	sì	O
si	CLI	si	O
perpetuasse	VER:fin	perpetuare	O
all'	ARTPRE	all'	B
interno	NOUN	interno	I
della	ARTPRE	della	I
sua	DET:poss	suo	O
			
#Text=che cos' è una dinastia			
che	CHE	che	O
cos'	ADJ	<unknown>	O
è	VER:fin	essere	O
una	ART	una	O
dinastia	NOUN	dinastia	O
			
#Text=la sua discendenza sì possiamo dire una discendenza nel senso che appunto poteva evitare magari di mh eh			
la	ART	la	O
sua	DET:poss	suo	O
discendenza	NOUN	discendenza	O
sì	ADV	sì	O
possiamo	VER2:fin	potere	O
dire	VER:infi	dire	O
una	ART	una	O
discendenza	NOUN	discendenza	O
nel	ARTPRE	nel	B
senso	NOUN	senso	I
che	CHE	che	O
appunto	ADV	appunto	O
poteva	VER2:fin	potere	O
evitare	VER:infi	evitare	O
magari	ADV	magari	O
di	PRE	di	O
mh	VER:infi:cli	<unknown>	O
eh	NOCAT	eh	O
			
#Text=discendenza			
discendenza	NOUN	discendenza	O
			
#Text=la dinastia è una discendenza di re			
la	ART	la	O
dinastia	NOUN	dinastia	O
è	VER:fin	essere	O
una	ART	una	O
discendenza	NOUN	discendenza	O
di	PRE	di	O
re	NOUN	re	O
			
#Text=di passare il suo i suoi beni al figlio magari li avrebbe voluti passare direttamente al nipote			
di	PRE	di	O
passare	VER:infi	passare	O
il	ART	il	O
suo	DET:poss	suo	O
i	ART	il	O
suoi	DET:poss	suo	O
beni	NOUN	bene	O
al	ARTPRE	al	O
figlio	NOUN	figlio	O
magari	ADV	magari	O
li	CLI	li	O
avrebbe	AUX:fin	avere	O
voluti	VER:ppast	volere	O
passare	VER:infi	passare	O
direttamente	ADV:mente	direttamente	O
al	ARTPRE	al	O
nipote	NOUN	nipote	O
			
#Text=di conseguenza il trustee anche nel momento in cui il of the trust eh eh venisse a m fosse venuto a mancare doveva continuare a comportarsi s secondo quel eh quei canoni eh di rispetto dell' accordo in modo tale che poi anche il nipote potesse rientrare nel eh			
di	PRE	di	O
conseguenza	NOUN	conseguenza	O
il	ART	il	O
trustee	NOUN	<unknown>	O
anche	ADV	anche	O
nel	ARTPRE	nel	O
momento	NOUN	momento	O
in	PRE	in	O
cui	WH	cui	O
il	ART	il	O
of	NOUN	<unknown>	O
the	NOUN	<unknown>	O
trust	NOUN	trust	O
eh	NOCAT	eh	O
eh	NOCAT	eh	O
venisse	VER:fin	venire	O
a	PRE	a	O
m	VER:infi:cli	<unknown>	O
fosse	AUX:fin	essere	B
venuto	VER:ppast	venire	I
a	PRE	a	I
mancare	VER:infi	mancare	I
doveva	VER2:fin	dovere	O
continuare	VER:infi	continuare	O
a	PRE	a	O
comportarsi	VER:infi:cli	comportare	O
s	VER:fin	<unknown>	O
secondo	PRE	secondo	O
quel	DET:demo	quello	O
eh	NOCAT	eh	O
quei	DET:demo	quello	O
canoni	NOUN	canone	O
eh	NOCAT	eh	O
di	PRE	di	O
rispetto	NOUN	rispetto	O
dell'	ARTPRE	dell'	O
accordo	NOUN	accordo	O
in	PRE	in	B
modo	NOUN	modo	I
tale	ADJ	tale	I
che	CHE	che	O
poi	ADV	poi	O
anche	ADV	anche	O
il	ART	il	O
nipote	NOUN	nipote	O
potesse	VER2:fin	potere	O
rientrare	VER:infi	rientrare	O
nel	ARTPRE	nel	O
eh	NOCAT	eh	O
			
#Text=nella mh nella proprietà dei beni di conseguenza si inserisce x favore			
nella	ARTPRE	nella	O
mh	NOUN	<unknown>	O
nella	ARTPRE	nella	O
proprietà	NOUN	proprietà	O
dei	ARTPRE	del	O
beni	NOUN	bene	O
di	PRE	di	B
conseguenza	NOUN	conseguenza	I
si	CLI	si	O
inserisce	VER:fin	inserire	O
x	ADJ	<unknown>	O
favore	NOUN	favore	O
			
#Text=ecco come allora eh chi non riceveva tutela dalle corti di common law era il settlor prima e poi			
ecco	ADV	ecco	O
come	WH	come	O
allora	ADV	allora	O
eh	NOCAT	eh	O
chi	WH	chi	O
non	NEG	non	O
riceveva	VER:fin	ricevere	O
tutela	NOUN	tutela	O
dalle	ARTPRE	dalla	O
corti	NOUN	corte|corto	O
di	PRE	di	O
common	VER:fin	<unknown>	O
law	ADJ	<unknown>	O
era	VER:fin	essere	O
il	ART	il	O
settlor	NOUN	<unknown>	O
prima	ADJ	primo	O
e	CON	e	O
poi	ADV	poi	O
			
#Text=sì			
sì	ADV	sì	O
			
#Text=il settlore prima e anche i suoi d i mh			
il	ART	il	O
settlore	NOUN	<unknown>	O
prima	ADJ	primo	O
e	CON	e	O
anche	ADV	anche	O
i	ART	il	O
suoi	DET:poss	suo	O
d	VER:fin	<unknown>	O
i	ART	il	O
mh	NOUN	<unknown>	O
			
#Text=co			
co	ADJ	<unknown>	O
			
#Text=n nel caso che lei m' ha descritto sono i discendenti però non in quanto discendenti ma in quanto come si chiamano			
n	VER:fin	<unknown>	O
nel	ARTPRE	nel	O
caso	NOUN	caso	O
che	CHE	che	O
lei	PRO:pers	lei	O
m'	CLI	mi	O
ha	AUX:fin	avere	O
descritto	VER:ppast	descrivere	O
sono	VER:fin	essere	O
i	ART	il	O
discendenti	NOUN	discendente	O
però	ADV	però	O
non	NEG	non	O
in	PRE	in	O
quanto	WH	quanto	O
discendenti	NOUN	discendente	O
ma	CON	ma	O
in	PRE	in	O
quanto	WH	quanto	O
come	WH	come	O
si	CLI	si	O
chiamano	VER:fin	chiamare	O
			
#Text=sì i discendenti			
sì	ADV	sì	O
i	ART	il	O
discendenti	NOUN	discendente	O
			
#Text=benefi eh ulteriori beneficiar cioè beneficiari del eh di questo			
benefi	VER:fin	<unknown>	O
eh	NOCAT	eh	O
ulteriori	ADJ	ulteriore	O
beneficiar	VER:infi	beneficiare	O
cioè	ADV	cioè	O
beneficiari	ADJ	beneficiario	O
del	ARTPRE	del	O
eh	NOCAT	eh	O
di	PRE	di	O
questo	PRO:demo	questo	O
			
#Text=ben			
ben	ADV	ben	O
			
#Text=sì i beneficiaries			
sì	ADV	sì	O
i	ART	il	O
beneficiaries	NOUN	<unknown>	O
			
#Text=eh di conseguenza se eh l' equi il eh il tribunale dell' equity eh ha un ruolo molto importante e proprio attraverso il trust eh mh assume cioè ottiene anche il consenso e il favore			
eh	NOCAT	eh	O
di	PRE	di	B
conseguenza	NOUN	conseguenza	I
se	CON	se	O
eh	NOCAT	eh	O
l'	ART	l'	O
equi	ADJ	equo	O
il	ART	il	O
eh	NOCAT	eh	O
il	ART	il	O
tribunale	NOUN	tribunale	O
dell'	ARTPRE	dell'	O
equity	NOUN	<unknown>	O
eh	NOCAT	eh	O
ha	VER:fin	avere	O
un	ART	un	O
ruolo	NOUN	ruolo	O
molto	ADV	molto	O
importante	ADJ	importante	O
e	CON	e	O
proprio	ADV	proprio	O
attraverso	PRE	attraverso	O
il	ART	il	O
trust	NOUN	trust	O
eh	NOCAT	eh	O
mh	VER:fin	<unknown>	O
assume	VER:fin	assumere	O
cioè	ADV	cioè	O
ottiene	VER:fin	ottenere	O
anche	ADV	anche	O
il	ART	il	O
consenso	NOUN	consenso	O
e	CON	e	O
il	ART	il	O
favore	NOUN	favore	O
			
#Text=mh			
mh	VER:fin	<unknown>	O
			
#Text=perché chiaramente il eh mh il tribunale dell' equity ehm giudica attraverso quella che è una morale ed è un' etica			
perché	WH	perché	O
chiaramente	ADV:mente	chiaramente	O
il	ART	il	O
eh	NOCAT	eh	O
mh	VER:fin	<unknown>	O
il	ART	il	O
tribunale	NOUN	tribunale	O
dell'	ARTPRE	dell'	O
equity	NOUN	<unknown>	O
ehm	ADJ	<unknown>	O
giudica	VER:fin	giudicare	O
attraverso	PRE	attraverso	O
quella	PRO:demo	quella	O
che	CHE	che	O
è	VER:fin	essere	O
una	ART	una	O
morale	NOUN	morale	O
ed	CON	ed	O
è	VER:fin	essere	O
un'	ART	un'	O
etica	NOUN	etica	O
			
#Text=infatti il eh il cancelliere è colui che detiene la la mh la moralità del eh del sovrano di conseguenza attraverso questi criteri che possono sembrare comunque vaghi			
infatti	ADV	infatti	O
il	ART	il	O
eh	NOCAT	eh	O
il	ART	il	O
cancelliere	NOUN	cancelliere	O
è	VER:fin	essere	O
colui	PRO:demo	colui	O
che	CHE	che	O
detiene	VER:fin	detenere	O
la	ART	la	O
la	CLI	la	O
mh	VER:fin	<unknown>	O
la	ART	la	O
moralità	NOUN	moralità	O
del	ARTPRE	del	O
eh	NOCAT	eh	O
del	ARTPRE	del	O
sovrano	NOUN	sovrano	O
di	PRE	di	B
conseguenza	NOUN	conseguenza	I
attraverso	PRE	attraverso	O
questi	DET:demo	questo	O
criteri	NOUN	criterio	O
che	CHE	che	O
possono	VER2:fin	potere	O
sembrare	VER:infi	sembrare	O
comunque	WH	comunque	O
vaghi	NOUN	vago	O
			
#Text=si riusciva non a contraddire il common law perché equity follows the law abbiamo detto			
si	CLI	si	O
riusciva	VER:fin	riuscire	O
non	NEG	non	O
a	PRE	a	O
contraddire	VER:infi	contraddire	O
il	ART	il	O
common	VER:fin	<unknown>	O
law	VER:fin	<unknown>	O
perché	WH	perché	O
equity	NOUN	<unknown>	O
follows	ADJ	<unknown>	O
the	NOUN	<unknown>	O
law	ADJ	<unknown>	O
abbiamo	AUX:fin	avere	O
detto	VER:ppast	dire	O
			
#Text=ma eh mh si si cercava di raggirare nel se			
ma	CON	ma	O
eh	NOCAT	eh	O
mh	VER:fin	<unknown>	O
si	CLI	si	O
si	CLI	si	O
cercava	VER:fin	cercare	O
di	PRE	di	O
raggirare	VER:infi	raggirare	O
nel	ARTPRE	nel	O
se	CON	se	O
			
#Text=no raggirare non è un bel termine eh			
no	ADV	no	O
raggirare	VER:infi	raggirare	O
non	NEG	non	O
è	VER:fin	essere	O
un	ART	un	O
bel	ADJ	bel	O
termine	NOUN	termine	O
eh	NOCAT	eh	O
			
#Text=eh ehm no si si cercava di eh trovare una soluzione che non fosse apertamente in contrasto con eh il common law			
eh	NOCAT	eh	O
ehm	ADJ	<unknown>	O
no	ADV	no	O
si	CLI	si	O
si	CLI	si	O
cercava	VER:fin	cercare	O
di	PRE	di	O
eh	NOCAT	eh	O
trovare	VER:infi	trovare	O
una	ART	una	O
soluzione	NOUN	soluzione	O
che	CHE	che	O
non	NEG	non	O
fosse	VER:fin	essere	O
apertamente	ADV:mente	apertamente	O
in	PRE	in	O
contrasto	NOUN	contrasto	O
con	PRE	con	O
eh	NOCAT	eh	O
il	ART	il	O
common	VER:fin	<unknown>	O
law	VER:fin	<unknown>	O
			
#Text=ecco quindi			
ecco	ADV	ecco	O
quindi	ADV	quindi	O
			
#Text=nel caso del trust cosa vuol dire che equity follows the law			
nel	ARTPRE	nel	O
caso	NOUN	caso	O
del	ARTPRE	del	O
trust	NOUN	trust	O
cosa	WH	cosa	O
vuol	VER2:fin	volere	B
dire	VER:infi	dire	I
che	CHE	che	O
equity	NOUN	<unknown>	O
follows	ADJ	<unknown>	O
the	NOUN	<unknown>	O
law	VER:fin	<unknown>	O
			
#Text=vuol dire u un esempio potrebbe essere quello per cui allora se un soggetto contrae un debito con un altro ah			
vuol	VER2:fin	volere	B
dire	VER:infi	dire	I
u	ADJ	<unknown>	O
un	ART	un	O
esempio	NOUN	esempio	O
potrebbe	VER2:fin	potere	O
essere	AUX:infi	essere	O
quello	PRO:demo	quello	O
per	PRE	per	O
cui	WH	cui	O
allora	ADV	allora	O
se	CON	se	O
un	ART	un	O
soggetto	NOUN	soggetto	O
contrae	VER:fin	contrarre	O
un	ART	un	O
debito	NOUN	debito	O
con	PRE	con	O
un	ART	un	O
altro	PRO:indef	altro	O
ah	NOCAT	ah	O
			
#Text=no no facciamo sempre il caso del trust no che ci pone nell' ambito della proprietà			
no	ADV	no	O
no	ADV	no	O
facciamo	VER:fin	fare	O
sempre	ADV	sempre	O
il	ART	il	O
caso	NOUN	caso	O
del	ARTPRE	del	O
trust	NOUN	trust	O
no	ADV	no	O
che	CHE	che	O
ci	CLI	ci	O
pone	VER:fin	porre	O
nell'	ARTPRE	nell'	O
ambito	NOUN	ambito	O
della	ARTPRE	della	O
proprietà	NOUN	proprietà	O
			
#Text=sì			
sì	ADV	sì	O
			
#Text=no			
no	ADV	no	O
			
#Text=eh il eh cancelliere riconosce il diritto di common law in che cosa			
eh	NOCAT	eh	O
il	ART	il	O
eh	NOCAT	eh	O
cancelliere	NOUN	cancelliere	O
riconosce	VER:fin	riconoscere	O
il	ART	il	O
diritto	NOUN	diritto	O
di	PRE	di	O
common	VER:fin	<unknown>	O
law	VER:fin	<unknown>	O
in	PRE	in	O
che	CHE	che	O
cosa	NOUN	cosa	O
			
#Text=ric			
ric	ADJ	<unknown>	O
			
#Text=esatto			
esatto	ADJ	esatto	O
			
#Text=riconosce il diritto			
riconosce	VER:fin	riconoscere	O
il	ART	il	O
diritto	NOUN	diritto	O
			
#Text=rispetto al eh cosa vuol dire tradu tradotto nel caso specifico del trust			
rispetto	PRE	rispetto	O
al	ARTPRE	al	O
eh	NOCAT	eh	O
cosa	WH	cosa	O
vuol	VER2:fin	volere	B
dire	VER:infi	dire	I
tradu	ADJ	<unknown>	O
tradotto	VER:ppast	tradurre	O
nel	ARTPRE	nel	O
caso	NOUN	caso	O
specifico	ADJ	specifico	O
del	ARTPRE	del	O
trust	NOUN	trust	O
			
#Text=riconosce che questo soggetto cioè il trustee			
riconosce	VER:fin	riconoscere	O
che	CHE	che	O
questo	DET:demo	questo	O
soggetto	NOUN	soggetto	O
cioè	ADV	cioè	O
il	ART	il	O
trustee	NOUN	<unknown>	O
			
#Text=ehm			
ehm	ADJ	<unknown>	O
			
#Text=svolge un ruolo che per il common law sarebbe quello di proprietario			
svolge	VER:fin	svolgere	O
un	ART	un	O
ruolo	NOUN	ruolo	O
che	CHE	che	O
per	PRE	per	O
il	ART	il	O
common	VER:fin	<unknown>	O
law	ADJ	<unknown>	O
sarebbe	VER:fin	essere	O
quello	PRO:demo	quello	O
di	PRE	di	O
proprietario	NOUN	proprietario	O
			
#Text=cioè riconosce che il trustee è			
cioè	ADV	cioè	O
riconosce	VER:fin	riconoscere	O
che	CHE	che	O
il	ART	il	O
trustee	NOUN	<unknown>	O
è	VER:fin	essere	O
			
#Text=riconosce che c' è stato un accor ric eh			
riconosce	VER:fin	riconoscere	O
che	CHE	che	O
c'	CLI	c'	O
è	AUX:fin	essere	O
stato	VER:ppast	essere|stare	O
un	ART	un	O
accor	NOUN	<unknown>	O
ric	ADJ	<unknown>	O
eh	NOCAT	eh	O
			
#Text=titolare at law del bene			
titolare	NOUN	titolare	O
at	ADJ	<unknown>	O
law	VER:fin	<unknown>	O
del	ARTPRE	del	O
bene	NOUN	bene	O
			
#Text=esatto			
esatto	ADJ	esatto	O
			
#Text=riconosce il problema è che eh mh capisce che il trustee non si comporta secondo le etiche secondo la morale secondo l' equità			
riconosce	VER:fin	riconoscere	O
il	ART	il	O
problema	NOUN	problema	O
è	VER:fin	essere	O
che	CHE	che	O
eh	NOCAT	eh	O
mh	VER:fin	<unknown>	O
capisce	VER:fin	capire	O
che	CHE	che	O
il	ART	il	O
trustee	NOUN	<unknown>	O
non	NEG	non	O
si	CLI	si	O
comporta	VER:fin	comportare	O
secondo	PRE	secondo	O
le	ART	la	O
etiche	NOUN	etica	O
secondo	PRE	secondo	O
la	ART	la	O
morale	NOUN	morale	O
secondo	PRE	secondo	O
l'	ART	l'	O
equità	NOUN	equità	O
			
#Text=mh			
mh	ADJ	<unknown>	O
			
#Text=mh			
mh	VER:fin	<unknown>	O
			
#Text=di conseguenza decide di ritenere che sia valido quello che dice il common law			
di	PRE	di	B
conseguenza	NOUN	conseguenza	I
decide	VER:fin	decidere	O
di	PRE	di	O
ritenere	VER:infi	ritenere	O
che	CHE	che	O
sia	VER:fin	essere	O
valido	ADJ	valido	O
quello	PRO:demo	quello	O
che	CHE	che	O
dice	VER:fin	dire	O
il	ART	il	O
common	VER:fin	<unknown>	O
law	VER:fin	<unknown>	O
			
#Text=infatti nel caso in cui il trustee venda il bene eh il eh l' equity non richiede la restituzione del bene eh attua un ragionamento per cui pensa che i se il trustee ha venduto quel bene vuol dire che ha cercato di svolgere magari in maniera migliore far fruttare eh in maniera migliore quel b determinato bene			
infatti	ADV	infatti	O
nel	ARTPRE	nel	O
caso	NOUN	caso	O
in	PRE	in	O
cui	WH	cui	O
il	ART	il	O
trustee	NOUN	<unknown>	O
venda	VER:fin	vendere	O
il	ART	il	O
bene	NOUN	bene	O
eh	NOCAT	eh	O
il	ART	il	O
eh	NOCAT	eh	O
l'	ART	l'	O
equity	NOUN	<unknown>	O
non	NEG	non	O
richiede	VER:fin	richiedere	O
la	ART	la	O
restituzione	NOUN	restituzione	O
del	ARTPRE	del	O
bene	NOUN	bene	O
eh	NOCAT	eh	O
attua	VER:fin	attuare	O
un	ART	un	O
ragionamento	NOUN	ragionamento	O
per	PRE	per	O
cui	WH	cui	O
pensa	VER:fin	pensare	O
che	CHE	che	O
i	ART	il	O
se	CON	se	O
il	ART	il	O
trustee	NOUN	<unknown>	O
ha	AUX:fin	avere	O
venduto	VER:ppast	vendere	O
quel	DET:demo	quello	O
bene	NOUN	bene	O
vuol	VER2:fin	volere	O
dire	VER:infi	dire	O
che	CHE	che	O
ha	AUX:fin	avere	O
cercato	VER:ppast	cercare	O
di	PRE	di	O
svolgere	VER:infi	svolgere	O
magari	ADV	magari	O
in	PRE	in	O
maniera	NOUN	maniera	O
migliore	ADJ	migliore	O
far	VER2:infi	fare	O
fruttare	VER:infi	fruttare	O
eh	NOCAT	eh	O
in	PRE	in	O
maniera	NOUN	maniera	O
migliore	ADJ	migliore	O
quel	DET:demo	quello	O
b	NOUN	<unknown>	O
determinato	ADJ	determinato	O
bene	ADV	bene	O
			
#Text=di conseguenza continuerà a essere trustee non dell' oggetto magari materiale ma del suo valore eh eh mh del denaro			
di	PRE	di	B
conseguenza	NOUN	conseguenza	I
continuerà	VER:fin	continuare	O
a	PRE	a	O
essere	AUX:infi	essere	O
trustee	ADJ	<unknown>	O
non	NEG	non	O
dell'	ARTPRE	dell'	O
oggetto	NOUN	oggetto	O
magari	ADV	magari	O
materiale	ADJ	materiale	O
ma	CON	ma	O
del	ARTPRE	del	O
suo	DET:poss	suo	O
valore	NOUN	valore	O
eh	NOCAT	eh	O
eh	NOCAT	eh	O
mh	VER:fin	<unknown>	O
del	ARTPRE	del	O
denaro	NOUN	denaro	O
			
#Text=del denaro o del bene in cui questo denaro è investito			
del	ARTPRE	del	O
denaro	NOUN	denaro	O
o	CON	o	O
del	ARTPRE	del	O
bene	NOUN	bene	O
in	PRE	in	O
cui	WH	cui	O
questo	DET:demo	questo	O
denaro	NOUN	denaro	O
è	AUX:fin	essere	O
investito	VER:ppast	investire	O
			
#Text=o del bene in cui questo denaro è investito sicuramente			
o	CON	o	O
del	ARTPRE	del	O
bene	NOUN	bene	O
in	PRE	in	O
cui	WH	cui	O
questo	DET:demo	questo	O
denaro	NOUN	denaro	O
è	AUX:fin	essere	O
investito	VER:ppast	investire	O
sicuramente	ADV:mente	sicuramente	O
			
#Text=ecco ma come ecco come fa tecnicamente il cancelliere a garantire questo			
ecco	ADV	ecco	O
ma	CON	ma	O
come	WH	come	O
ecco	ADV	ecco	O
come	WH	come	O
fa	VER:fin	fare	O
tecnicamente	ADV:mente	tecnicamente	O
il	ART	il	O
cancelliere	NOUN	cancelliere	O
a	PRE	a	O
garantire	VER:infi	garantire	O
questo	DET:demo	questo	O
			
#Text=cioè si rivolge al trustee e gli dice			
cioè	ADV	cioè	O
si	CLI	si	O
rivolge	VER:fin	rivolgere	O
al	ARTPRE	al	O
trustee	ADJ	<unknown>	O
e	CON	e	O
gli	CLI	gli	O
dice	VER:fin	dire	O
			
#Text=si ricor de al trustee e gli rico cioè gli mh non è che gli rico gli impo eh gli impone di seguire questi criteri di equità e anche nel caso			
si	CLI	si	O
ricor	VER:fin	<unknown>	O
de	PRE	de	O
al	ARTPRE	al	O
trustee	ADJ	<unknown>	O
e	CON	e	O
gli	CLI	gli	O
rico	VER:fin	<unknown>	O
cioè	ADV	cioè	O
gli	CLI	gli	O
mh	VER:fin	<unknown>	O
non	NEG	non	O
è	VER:fin	essere	O
che	CHE	che	O
gli	CLI	gli	O
rico	VER:fin	<unknown>	O
gli	CLI	gli	O
impo	VER:fin	<unknown>	O
eh	NOCAT	eh	O
gli	CLI	gli	O
impone	VER:fin	imporre	O
di	PRE	di	O
seguire	VER:infi	seguire	O
questi	DET:demo	questo	O
criteri	NOUN	criterio	O
di	PRE	di	O
equità	NOUN	equità	O
e	CON	e	O
anche	ADV	anche	O
nel	ARTPRE	nel	O
caso	NOUN	caso	O
			
#Text=eh lei sa come si chiama il rimedio tecnico cioè l' ordine che l' equity rivolge al privato			
eh	NOCAT	eh	O
lei	PRO:pers	lei	O
sa	VER:fin	sapere	O
come	WH	come	O
si	CLI	si	O
chiama	VER:fin	chiamare	O
il	ART	il	O
rimedio	NOUN	rimedio	O
tecnico	ADJ	tecnico	O
cioè	ADV	cioè	O
l'	ART	l'	O
ordine	NOUN	ordine	O
che	CHE	che	O
l'	ART	l'	O
equity	NOUN	<unknown>	O
rivolge	VER:fin	rivolgere	O
al	ARTPRE	al	O
privato	NOUN	privato	O
			
#Text=il eh il de eh mh			
il	ART	il	O
eh	NOCAT	eh	O
il	ART	il	O
de	PRE	de	O
eh	NOCAT	eh	O
mh	VER:fin	<unknown>	O
			
#Text=de mor			
de	PRE	de	O
mor	NOUN	<unknown>	O
			
#Text=no			
no	ADV	no	O
			
#Text=no			
no	ADV	no	O
			
#Text=ehm			
ehm	ADJ	<unknown>	O
			
#Text=inj eh			
inj	NPR	<unknown>	O
eh	NOCAT	eh	O
			
#Text=il pre eh no eh no no no l' injunction giusto			
il	ART	il	O
pre	NOUN	<unknown>	O
eh	NOCAT	eh	O
no	ADV	no	O
eh	NOCAT	eh	O
no	ADV	no	O
no	ADV	no	O
no	ADV	no	O
l'	ART	l'	O
injunction	NOUN	<unknown>	O
giusto	ADJ	giusto	O
			
#Text=è l' injunction			
è	VER:fin	essere	O
l'	ART	l'	O
injunction	NOUN	<unknown>	O
			
#Text=l' injunction quindi gli impone di comportarsi			
l'	ART	l'	O
injunction	NOUN	<unknown>	O
quindi	ADV	quindi	O
gli	CLI	gli	O
impone	VER:fin	imporre	O
di	PRE	di	O
comportarsi	VER:infi:cli	comportare	O
			
#Text=sì			
sì	ADV	sì	O
			
#Text=gli impone di co anche nel caso in cui ad esempio il eh mh si faceva anche riferimento al caso in cui questo questo s trustee vendesse il bene			
gli	CLI	gli	O
impone	VER:fin	imporre	O
di	PRE	di	O
co	VER:fin	<unknown>	O
anche	ADV	anche	O
nel	ARTPRE	nel	O
caso	NOUN	caso	O
in	PRE	in	O
cui	WH	cui	O
ad	PRE	ad	B
esempio	NOUN	esempio	I
il	ART	il	O
eh	NOCAT	eh	O
mh	VER:fin	<unknown>	O
si	CLI	si	O
faceva	VER:fin	fare	B
anche	ADV	anche	o
riferimento	NOUN	riferimento	I
al	ARTPRE	al	O
caso	NOUN	caso	O
in	PRE	in	O
cui	WH	cui	O
questo	PRO:demo	questo	O
questo	PRO:demo	questo	O
s	VER:fin	<unknown>	O
trustee	ADJ	<unknown>	O
vendesse	VER:fin	vendere	O
il	ART	il	O
bene	ADV	bene	O
			
#Text=il bene a titolo gratuito			
il	ART	il	O
bene	NOUN	bene	O
a	PRE	a	B
titolo	NOUN	titolo	I
gratuito	ADJ	gratuito	I
			
#Text=il bene che veniva venduto quindi eh ehm dona eh donasse questo bene quindi attraverso una un lo trasmettesse a titolo gratuito			
il	ART	il	O
bene	NOUN	bene	O
che	CHE	che	O
veniva	AUX:fin	venire	O
venduto	VER:ppast	vendere	O
quindi	ADV	quindi	O
eh	NOCAT	eh	O
ehm	ADJ	<unknown>	O
dona	VER:fin	donare	O
eh	NOCAT	eh	O
donasse	VER:fin	donare	O
questo	PRO:demo	questo	O
bene	ADV	bene	O
quindi	ADV	quindi	O
attraverso	PRE	attraverso	O
una	ART	una	O
un	ART	un	O
lo	CLI	lo	O
trasmettesse	VER:fin	trasmettere	O
a	PRE	a	B
titolo	NOUN	titolo	I
gratuito	ADJ	gratuito	I
			
#Text=cioè quindi vendesse non è venduto			
cioè	ADV	cioè	O
quindi	ADV	quindi	O
vendesse	VER:fin	vendere	O
non	NEG	non	O
è	AUX:fin	essere	O
venduto	VER:ppast	vendere	O
			
#Text=eh			
eh	NOCAT	eh	O
			
#Text=lo trasmettesse a titolo gratuito			
lo	CLI	lo	O
trasmettesse	VER:fin	trasmettere	O
a	PRE	a	B
titolo	NOUN	titolo	I
gratuito	ADJ	gratuito	I
			
#Text=eh la soluzione era che il nuovo acquiren i i il nuovo mh beneficiari in questo c sì diciamo ac titolare acquirente di questa di questa donaz di questa donazione pote eh ri ricoprisse il ruolo di trustee			
eh	NOCAT	eh	O
la	ART	la	O
soluzione	NOUN	soluzione	O
era	VER:fin	essere	O
che	CHE	che	O
il	ART	il	O
nuovo	NOUN	nuovo	O
acquiren	VER:fin	<unknown>	O
i	ART	il	O
i	ART	il	O
il	ART	il	O
nuovo	NOUN	nuovo	O
mh	VER:fin	<unknown>	O
beneficiari	ADJ	beneficiario	O
in	PRE	in	O
questo	DET:demo	questo	O
c	ADJ	<unknown>	O
sì	ADV	sì	O
diciamo	VER:fin	dire	O
ac	ADJ	<unknown>	O
titolare	NOUN	titolare	O
acquirente	ADJ	acquirente	O
di	PRE	di	O
questa	DET:demo	questo	O
di	PRE	di	O
questa	DET:demo	questo	O
donaz	NOUN	<unknown>	O
di	PRE	di	O
questa	DET:demo	questo	O
donazione	NOUN	donazione	O
pote	VER:fin	<unknown>	O
eh	NOCAT	eh	O
ri	NOUN	rio	O
ricoprisse	VER:fin	ricoprire	O
il	ART	il	O
ruolo	NOUN	ruolo	O
di	PRE	di	O
trustee	NOUN	<unknown>	O
			
#Text=no il nuovo titolare titolare non è beneficia			
no	ADV	no	O
il	ART	il	O
nuovo	ADJ	nuovo	O
titolare	NOUN	titolare	O
titolare	NOUN	titolare	O
non	NEG	non	O
è	VER:fin	essere	O
beneficia	VER:fin	beneficiare	O
			
#Text=quindi di conseguenza ehm quella appunto che noi diciam che si dice equity follow the law			
quindi	ADV	quindi	O
di	PRE	di	B
conseguenza	NOUN	conseguenza	I
ehm	ADJ	<unknown>	O
quella	PRO:demo	quella	O
appunto	ADV	appunto	O
che	CHE	che	O
noi	PRO:pers	noi	O
diciam	ADJ	<unknown>	O
che	CHE	che	O
si	CLI	si	O
dice	VER:fin	dire	O
equity	NOUN	<unknown>	O
follow	NOUN	<unknown>	O
the	NOUN	<unknown>	O
law	VER:fin	<unknown>	O
			
#Text=e quindi rivolge l' injunction a chi			
e	CON	e	O
quindi	ADV	quindi	O
rivolge	VER:fin	rivolgere	O
l'	ART	l'	O
injunction	NOUN	<unknown>	O
a	PRE	a	O
chi	WH	chi	O
			
#Text=a c al nuovo al nuovo acquirente			
a	PRE	a	O
c	NOUN	<unknown>	O
al	ARTPRE	al	O
nuovo	NOUN	nuovo	O
al	ARTPRE	al	O
nuovo	ADJ	nuovo	O
acquirente	NOUN	acquirente	O
			
#Text=al nuovo acquirente			
al	ARTPRE	al	O
nuovo	ADJ	nuovo	O
acquirente	NOUN	acquirente	O
			
#Text=assolutamente			
assolutamente	ADV:mente	assolutamente	O
			
#Text=senta tra l' altro eh ques to eh strumento dell' injunction rappresenta una grande novità nel diritto inglese no equity acts in personam			
senta	VER:fin	sentire	O
tra	PRE	tra	B
l'	ART	l'	I
altro	PRO:indef	altro	I
eh	NOCAT	eh	O
ques	NOUN	<unknown>	O
to	VER:fin	<unknown>	O
eh	NOCAT	eh	O
strumento	NOUN	strumento	O
dell'	ARTPRE	dell'	O
injunction	NOUN	<unknown>	O
rappresenta	VER:fin	rappresentare	O
una	ART	una	O
grande	ADJ	grande	O
novità	NOUN	novità	O
nel	ARTPRE	nel	O
diritto	NOUN	diritto	O
inglese	ADJ	inglese	O
no	ADV	no	O
equity	NOUN	<unknown>	O
acts	ADJ	<unknown>	O
in	PRE	in	O
personam	NOUN	<unknown>	O
			
#Text=perché i giudici di common law non possono			
perché	WH	perché	O
i	ART	il	O
giudici	NOUN	giudice	O
di	PRE	di	O
common	VER:fin	<unknown>	O
law	VER:fin	<unknown>	O
non	NEG	non	O
possono	VER2:fin	potere	O
			
#Text=sì sì no eh sì ch eh mh			
sì	ADV	sì	O
sì	ADV	sì	O
no	ADV	no	O
eh	NOCAT	eh	O
sì	ADV	sì	O
ch	VER:fin	<unknown>	O
eh	NOCAT	eh	O
mh	VER:fin	<unknown>	O
			
#Text=possono dare a qualcuno degli ordini di fare i giudici di common law			
possono	VER2:fin	potere	O
dare	VER:infi	dare	B
a	PRE	a	o
qualcuno	PRO:indef	qualcuno	o
degli	ARTPRE	del	o
ordini	NOUN	ordine	I
di	PRE	di	O
fare	VER:infi	fare	O
i	ART	il	O
giudici	NOUN	giudice	O
di	PRE	di	O
common	VER:fin	<unknown>	O
law	VER:fin	<unknown>	O
			
#Text=lei s non so se ha presente qual è il rimedio			
lei	PRO:pers	lei	O
s	VER:fin	<unknown>	O
non	NEG	non	O
so	VER:fin	sapere	O
se	CON	se	O
ha	VER:fin	avere	B
presente	ADJ	presente	I
qual	ADJ	qual	O
è	VER:fin	essere	O
il	ART	il	O
rimedio	NOUN	rimedio	O
			
#Text=con cui il giudice di common law può dare degli ordini			
con	PRE	con	O
cui	WH	cui	O
il	ART	il	O
giudice	NOUN	giudice	O
di	PRE	di	O
common	VER:fin	<unknown>	O
law	ADJ	<unknown>	O
può	VER2:fin	potere	O
dare	VER:infi	dare	B
degli	ARTPRE	del	I
ordini	NOUN	ordine	I
			
#Text=il precip eh			
il	ART	il	O
precip	NOUN	<unknown>	O
eh	NOCAT	eh	O
			
#Text=eh beh questo è un antico writ in capite sì eh però è ormai obsoleto ecco no in eh anche voglio dire oggi			
eh	NOCAT	eh	O
beh	NOCAT	beh	O
questo	PRO:demo	questo	O
è	VER:fin	essere	O
un	ART	un	O
antico	ADJ	antico	O
writ	NOUN	<unknown>	O
in	PRE	in	O
capite	VER:ppast	capire	O
sì	ADV	sì	O
eh	NOCAT	eh	O
però	ADV	però	O
è	VER:fin	essere	O
ormai	ADV	ormai	O
obsoleto	ADJ	obsoleto	O
ecco	ADV	ecco	O
no	ADV	no	O
in	PRE	in	O
eh	NOCAT	eh	O
anche	ADV	anche	O
voglio	VER2:fin	volere	O
dire	VER:infi	dire	O
oggi	ADV	oggi	O
			
#Text=eh il praecipe quod reddat eh			
eh	NOCAT	eh	O
il	ART	il	O
praecipe	ADJ	<unknown>	O
quod	NOUN	<unknown>	O
reddat	ADJ	<unknown>	O
eh	NOCAT	eh	O
			
#Text=è ancora precet sì è ancora s ehm			
è	VER:fin	essere	O
ancora	ADV	ancora	O
precet	ADJ	<unknown>	O
sì	ADV	sì	O
è	VER:fin	essere	O
ancora	ADV	ancora	O
s	VER:fin	<unknown>	O
ehm	ADJ	<unknown>	O
			
#Text=ehm sì abbiam superato la fase dei writ l' abolizione delle forme			
ehm	NOUN	<unknown>	O
sì	ADV	sì	O
abbiam	ADJ	<unknown>	O
superato	VER:ppast	superare	O
la	ART	la	O
fase	NOUN	fase	O
dei	ARTPRE	del	O
writ	NOUN	<unknown>	O
l'	ART	l'	O
abolizione	NOUN	abolizione	O
delle	ARTPRE	della	O
forme	NOUN	forma	O
			
#Text=sì noi stiamo parlando in realtà di un eh prerogative writ			
sì	ADV	sì	O
noi	PRO:pers	noi	O
stiamo	VER:fin	stare	O
parlando	VER:geru	parlare	O
in	PRE	in	B
realtà	NOUN	realtà	I
di	PRE	di	O
un	ART	un	O
eh	NOCAT	eh	O
prerogative	NOUN	prerogativa	O
writ	NOUN	<unknown>	O
			
#Text=uno dei prerogative writ è un ordine			
uno	PRO:indef	uno	O
dei	ARTPRE	del	O
prerogative	NOUN	prerogativa	O
writ	NOUN	<unknown>	O
è	VER:fin	essere	O
un	ART	un	O
ordine	NOUN	ordine	O
			
#Text=ed è l' habe l' eh			
ed	CON	ed	O
è	VER:fin	essere	O
l'	ART	l'	O
habe	NOUN	<unknown>	O
l'	ART	l'	O
eh	NOCAT	eh	O
			
#Text=no beh anche quello se vuole è un ordine specifico invece eh è un ordine generale			
no	ADV	no	O
beh	NOCAT	beh	O
anche	ADV	anche	O
quello	PRO:demo	quello	O
se	CLI	se	O
vuole	VER2:fin	volere	O
è	VER:fin	essere	O
un	ART	un	O
ordine	NOUN	ordine	O
specifico	ADJ	specifico	O
invece	ADV	invece	O
eh	NOCAT	eh	O
è	VER:fin	essere	O
un	ART	un	O
ordine	NOUN	ordine	O
generale	ADJ	generale	O
			
#Text=sì			
sì	ADV	sì	O
			
#Text=sì l' habeas corpu eh			
sì	ADV	sì	O
l'	ART	l'	O
habeas	NOUN	<unknown>	O
corpu	ADJ	<unknown>	O
eh	NOCAT	eh	O
			
#Text=è quello per cui eh sì perché s eh è l' ordine per cui ad esem l' habeas corpus è l' ordine per cui la corte de il eh il common law prevale sull' equi cioè eh			
è	VER:fin	essere	O
quello	PRO:demo	quello	O
per	PRE	per	O
cui	WH	cui	O
eh	NOCAT	eh	O
sì	ADV	sì	O
perché	WH	perché	O
s	VER:fin	<unknown>	O
eh	NOCAT	eh	O
è	VER:fin	essere	O
l'	ART	l'	O
ordine	NOUN	ordine	O
per	PRE	per	O
cui	WH	cui	O
ad	PRE	ad	O
esem	NOUN	<unknown>	O
l'	ART	l'	O
habeas	NOUN	<unknown>	O
corpus	NOUN	corpus	O
è	VER:fin	essere	O
l'	ART	l'	O
ordine	NOUN	ordine	O
per	PRE	per	O
cui	WH	cui	O
la	ART	la	O
corte	NOUN	corte	O
de	PRE	de	O
il	ART	il	O
eh	NOCAT	eh	O
il	ART	il	O
common	VER:fin	<unknown>	O
law	ADJ	<unknown>	O
prevale	VER:fin	prevalere	O
sull'	ARTPRE	sull'	O
equi	ADJ	equo	O
cioè	ADV	cioè	O
eh	NOCAT	eh	O
			
#Text=no cos' è l' habeas corpus			
no	ADV	no	O
cos'	ADJ	<unknown>	O
è	VER:fin	essere	O
l'	ART	l'	O
habeas	NOUN	<unknown>	O
corpus	NOUN	corpus	O
			
#Text=che si prese cioè che mh eh è un ordine rivolto all' eq eh rivolto al common law in caso di l' habeas corpus non è			
che	CHE	che	O
si	CLI	si	O
prese	VER:fin	prendere	O
cioè	ADV	cioè	O
che	CHE	che	O
mh	VER:fin	<unknown>	O
eh	NOCAT	eh	O
è	VER:fin	essere	O
un	ART	un	O
ordine	NOUN	ordine	O
rivolto	VER:ppast	rivolgere	O
all'	ARTPRE	all'	O
eq	ADJ	<unknown>	O
eh	NOCAT	eh	O
rivolto	VER:ppast	rivolgere	O
al	ARTPRE	al	O
common	VER:fin	<unknown>	O
law	VER:fin	<unknown>	O
in	PRE	in	O
caso	NOUN	caso	O
di	PRE	di	O
l'	ART	l'	O
habeas	NOUN	<unknown>	O
corpus	NOUN	corpus	O
non	NEG	non	O
è	VER:fin	essere	O
			
#Text=è un ordine rivolto			
è	VER:fin	essere	O
un	ART	un	O
ordine	NOUN	ordine	O
rivolto	VER:ppast	rivolgere	O
			
#Text=l' habeas corpus è un prerogative writ quindi appartiene ai giudici di common law			
l'	ART	l'	O
habeas	NOUN	<unknown>	O
corpus	NOUN	corpus	O
è	VER:fin	essere	O
un	ART	un	O
prerogative	NOUN	prerogativa	O
writ	NOUN	<unknown>	O
quindi	ADV	quindi	O
appartiene	VER:fin	appartenere	O
ai	ARTPRE	al	O
giudici	NOUN	giudice	O
di	PRE	di	O
common	VER:fin	<unknown>	O
law	ADJ	<unknown>	O
			
#Text=appartiene ai giudici common law			
appartiene	VER:fin	appartenere	O
ai	ARTPRE	al	O
giudici	NOUN	giudice	O
common	VER:fin	<unknown>	O
law	ADJ	<unknown>	O
			
#Text=e i giudici di common law ordinano che cosa a chi			
e	CON	e	O
i	ART	il	O
giudici	NOUN	giudice	O
di	PRE	di	O
common	VER:fin	<unknown>	O
law	ADJ	<unknown>	O
ordinano	VER:fin	ordinare	O
che	CHE	che	O
cosa	NOUN	cosa	O
a	PRE	a	O
chi	WH	chi	O
			
#Text=che si presenti che si presenti il soggetto che è stato incrimin eh			
che	CHE	che	O
si	CLI	si	O
presenti	VER:fin	presentare	O
che	CHE	che	O
si	CLI	si	O
presenti	VER:fin	presentare	O
il	ART	il	O
soggetto	NOUN	soggetto	O
che	CHE	che	O
è	AUX:fin	essere	O
stato	AUX:ppast	essere	O
incrimin	VER:fin	<unknown>	O
eh	NOCAT	eh	O
			
#Text=che è stato t eh imprigiona cioè è imprigionato			
che	CHE	che	O
è	AUX:fin	essere	O
stato	AUX:ppast	essere	O
t	VER:fin	<unknown>	O
eh	NOCAT	eh	O
imprigiona	VER:fin	imprigionare	O
cioè	ADV	cioè	O
è	AUX:fin	essere	O
imprigionato	VER:ppast	imprigionare	O
			
#Text=imprigionato cioè che è detenuto che è privato della della libertà ecco ma eh è un eh mi scusi è un ordine che viene dato al soggetto imprigionato a chi viene dato			
imprigionato	VER:ppast	imprigionare	O
cioè	ADV	cioè	O
che	CHE	che	O
è	AUX:fin	essere	O
detenuto	VER:ppast	detenere	O
che	CHE	che	O
è	AUX:fin	essere	O
privato	VER:ppast	privare	O
della	ARTPRE	della	O
della	ARTPRE	della	O
libertà	NOUN	libertà	O
ecco	ADV	ecco	O
ma	CON	ma	O
eh	NOCAT	eh	O
è	VER:fin	essere	O
un	ART	un	O
eh	NOCAT	eh	O
mi	CLI	mi	O
scusi	VER:fin	scusare	O
è	VER:fin	essere	O
un	ART	un	O
ordine	NOUN	ordine	O
che	CHE	che	O
viene	AUX:fin	venire	O
dato	VER:ppast	dare	O
al	ARTPRE	al	O
soggetto	NOUN	soggetto	O
imprigionato	VER:ppast	imprigionare	O
a	PRE	a	O
chi	WH	chi	O
viene	AUX:fin	venire	O
dato	VER:ppast	dare	O
			
#Text=sì			
sì	ADV	sì	O
			
#Text=della propria libertà			
della	ARTPRE	della	O
propria	DET:poss	proprio	O
libertà	NOUN	libertà	O
			
#Text=sì			
sì	ADV	sì	O
			
#Text=no no no assolutame all' e al eh all' eq a			
no	ADV	no	O
no	ADV	no	O
no	ADV	no	O
assolutame	ADJ	<unknown>	O
all'	ARTPRE	all'	O
e	CON	e	O
al	ARTPRE	al	O
eh	NOCAT	eh	O
all'	ARTPRE	all'	O
eq	ADJ	<unknown>	O
a	PRE	a	O
			
#Text=ma no a chi verrà dato cioè			
ma	CON	ma	O
no	ADV	no	O
a	PRE	a	O
chi	WH	chi	O
verrà	AUX:fin	venire	O
dato	VER:ppast	dare	O
cioè	ADV	cioè	O
			
#Text=a chi ha imprigionato il s			
a	PRE	a	O
chi	WH	chi	O
ha	AUX:fin	avere	O
imprigionato	VER:ppast	imprigionare	O
il	ART	il	O
s	NOUN	<unknown>	O
			
#Text=eh certo a quel autorità pubblica che toglie che che ha in detenzione il soggetto mh			
eh	NOCAT	eh	O
certo	ADV	certo	O
a	PRE	a	O
quel	DET:demo	quello	O
autorità	NOUN	autorità	O
pubblica	ADJ	pubblico	O
che	CHE	che	O
toglie	VER:fin	togliere	O
che	CHE	che	O
che	CHE	che	O
ha	VER:fin	avere	O
in	PRE	in	O
detenzione	NOUN	detenzione	O
il	ART	il	O
soggetto	NOUN	soggetto	O
mh	VER:fin	<unknown>	O
			
#Text=che ha deciso di imprigionare che toglie quindi il eh			
che	CHE	che	O
ha	AUX:fin	avere	O
deciso	VER:ppast	decidere	O
di	PRE	di	O
imprigionare	VER:infi	imprigionare	O
che	CHE	che	O
toglie	VER:fin	togliere	O
quindi	ADV	quindi	O
il	ART	il	O
eh	NOCAT	eh	O
			
#Text=sì			
sì	ADV	sì	O
			
#Text=in invece quindi questo è un ordine lei ha ragione però è un ordine dal contenuto predeterminato ordino che venga fatto comparire di fronte a me un soggetto privato della libertà perché io possa verificare			
in	PRE	in	O
invece	ADV	invece	O
quindi	ADV	quindi	O
questo	PRO:demo	questo	O
è	VER:fin	essere	O
un	ART	un	O
ordine	NOUN	ordine	O
lei	PRO:pers	lei	O
ha	VER:fin	avere	B
ragione	NOUN	ragione	I
però	ADV	però	O
è	VER:fin	essere	O
un	ART	un	O
ordine	NOUN	ordine	O
dal	ARTPRE	dal	O
contenuto	NOUN	contenuto	O
predeterminato	VER:ppast	predeterminare	O
ordino	VER:fin	ordinare	O
che	CHE	che	O
venga	AUX:fin	venire	O
fatto	VER2:ppast	fare	O
comparire	VER:infi	comparire	O
di	PRE	di	B
fronte	NOUN	fronte	I
a	PRE	a	I
me	PRO:pers	me	O
un	ART	un	O
soggetto	NOUN	soggetto	O
privato	ADJ	privato	O
della	ARTPRE	della	O
libertà	NOUN	libertà	O
perché	WH	perché	O
io	PRO:pers	io	O
possa	VER2:fin	potere	O
verificare	VER:infi	verificare	O
			
#Text=sì			
sì	ADV	sì	O
			
#Text=sì di un			
sì	ADV	sì	O
di	PRE	di	O
un	ART	un	O
			
#Text=eh mh			
eh	NOCAT	eh	O
mh	VER:fin	<unknown>	O
			
#Text=sì			
sì	ADV	sì	O
			
#Text=perché io possa verificare che effettivamente ci siano i requisiti per privare il soggetto della libertà			
perché	WH	perché	O
io	PRO:pers	io	O
possa	VER2:fin	potere	O
verificare	VER:infi	verificare	O
che	CHE	che	O
effettivamente	ADV:mente	effettivamente	O
ci	CLI	ci	O
siano	VER:fin	essere	O
i	ART	il	O
requisiti	NOUN	requisito	O
per	PRE	per	O
privare	VER:infi	privare	O
il	ART	il	O
soggetto	NOUN	soggetto	O
della	ARTPRE	della	O
libertà	NOUN	libertà	O
			
#Text=esatto invece un ordine generale di fare che di volta in volta avrà un contenuto il contenuto appropriato quello della corte suprema per esempio nel caso marbury contro madison			
esatto	ADJ	esatto	O
invece	ADV	invece	O
un	ART	un	O
ordine	NOUN	ordine	O
generale	ADJ	generale	O
di	PRE	di	O
fare	VER:infi	fare	O
che	CHE	che	O
di	PRE	di	B
volta	NOUN	volta	I
in	PRE	in	I
volta	NOUN	volta	I
avrà	VER:fin	avere	O
un	ART	un	O
contenuto	NOUN	contenuto	O
il	ART	il	O
contenuto	NOUN	contenuto	O
appropriato	VER:ppast	appropriare	O
quello	PRO:demo	quello	O
della	ARTPRE	della	O
corte	NOUN	corte	B
suprema	ADJ	supremo	I
per	PRE	per	B
esempio	NOUN	esempio	I
nel	ARTPRE	nel	O
caso	NOUN	caso	O
marbury	NOUN	<unknown>	O
contro	PRE	contro	O
madison	NOUN	<unknown>	O
			
#Text=no certo			
no	ADV	no	O
certo	ADJ	certo	O
			
#Text=ma eh			
ma	CON	ma	O
eh	NOCAT	eh	O
			
#Text=ah beh sì il caso			
ah	NOCAT	ah	O
beh	NOCAT	beh	O
sì	ADV	sì	O
il	ART	il	O
caso	NOUN	caso	O
			
#Text=il manda il mandamus			
il	ART	il	O
manda	VER:fin	mandare	O
il	ART	il	O
mandamus	NOUN	<unknown>	O
			
#Text=il mandamus ecco quindi è un ordine di fare che però che differenza tra l' injunction e il mandamus l' injunction l' ordine di fare del cancelliere			
il	ART	il	O
mandamus	NOUN	<unknown>	O
ecco	ADV	ecco	O
quindi	ADV	quindi	O
è	VER:fin	essere	O
un	ART	un	O
ordine	NOUN	ordine	O
di	PRE	di	O
fare	VER:infi	fare	O
che	CHE	che	O
però	ADV	però	O
che	CHE	che	O
differenza	NOUN	differenza	O
tra	PRE	tra	O
l'	ART	l'	O
injunction	NOUN	<unknown>	O
e	CON	e	O
il	ART	il	O
mandamus	NOUN	<unknown>	O
l'	ART	l'	O
injunction	NOUN	<unknown>	O
l'	ART	l'	O
ordine	NOUN	ordine	O
di	PRE	di	O
fare	VER:infi	fare	O
del	ARTPRE	del	O
cancelliere	NOUN	cancelliere	O
			
#Text=sì			
sì	ADV	sì	O
			
#Text=di fare qualcosa			
di	PRE	di	O
fare	VER:infi	fare	O
qualcosa	PRO:indef	qualcosa	O
			
#Text=eh t innanzitutto è del cancelliere e il eh mh			
eh	NOCAT	eh	O
t	VER:fin	<unknown>	O
innanzitutto	ADV	innanzitutto	O
è	VER:fin	essere	O
del	ARTPRE	del	O
cancelliere	NOUN	cancelliere	O
e	CON	e	O
il	ART	il	O
eh	NOCAT	eh	O
mh	VER:fin	<unknown>	O
			
#Text=sì			
sì	ADV	sì	O
			
#Text=e e poi			
e	CON	e	O
e	CON	e	O
poi	ADV	poi	O
			
#Text=il mandamus a chi è rivolto			
il	ART	il	O
mandamus	NOUN	<unknown>	O
a	PRE	a	O
chi	WH	chi	O
è	AUX:fin	essere	O
rivolto	VER:ppast	rivolgere	O
			
#Text=eh il mandamus a chi è rivolto			
eh	NOCAT	eh	O
il	ART	il	O
mandamus	NOUN	<unknown>	O
a	PRE	a	O
chi	WH	chi	O
è	AUX:fin	essere	O
rivolto	VER:ppast	rivolgere	O
			
#Text=no all' autori all' autorità alla pubblica autorità invece in quell' altro cas no certo			
no	ADV	no	O
all'	ARTPRE	all'	O
autori	NOUN	autore	O
all'	ARTPRE	all'	O
autorità	NOUN	autorità	O
alla	ARTPRE	alla	O
pubblica	ADJ	pubblico	O
autorità	NOUN	autorità	O
invece	ADV	invece	O
in	PRE	in	O
quell'	DET:demo	quello	O
altro	DET:indef	altro	O
cas	NOUN	<unknown>	O
no	ADV	no	O
certo	ADJ	certo	O
			
#Text=a una pubblica autorità			
a	PRE	a	O
una	ART	una	O
pubblica	ADJ	pubblico	O
autorità	NOUN	autorità	O
			
#Text=eh cioè i giudici di common law non possono ordinare niente ai privati solo			
eh	NOCAT	eh	O
cioè	ADV	cioè	O
i	ART	il	O
giudici	NOUN	giudice	O
di	PRE	di	O
common	VER:fin	<unknown>	O
law	VER:fin	<unknown>	O
non	NEG	non	O
possono	VER2:fin	potere	O
ordinare	VER:infi	ordinare	O
niente	PRO:indef	niente	O
ai	ARTPRE	al	O
privati	NOUN	privato	O
solo	ADV	solo	O
			
#Text=sì			
sì	ADV	sì	O
			
#Text=ai priva ai soggetti ai singoli soggetti no è chiaro			
ai	ARTPRE	al	O
priva	ADJ	privo	O
ai	ARTPRE	al	O
soggetti	NOUN	soggetto	O
ai	ARTPRE	al	O
singoli	ADJ	singolo	O
soggetti	NOUN	soggetto	O
no	ADV	no	O
è	VER:fin	essere	B
chiaro	ADJ	chiaro	I
			
#Text=mh			
mh	VER:fin	<unknown>	O
			
#Text=eh senta e quindi eh benissimo abbiamo parlato del trust eh eh perché nel corso di sistemi il trust ha tutto questo spazio quindi			
eh	NOCAT	eh	O
senta	VER:fin	sentire	O
e	CON	e	O
quindi	ADV	quindi	O
eh	NOCAT	eh	O
benissimo	ADV	benissimo	O
abbiamo	AUX:fin	avere	O
parlato	VER:ppast	parlare	O
del	ARTPRE	del	O
trust	NOUN	trust	O
eh	NOCAT	eh	O
eh	NOCAT	eh	O
perché	WH	perché	O
nel	ARTPRE	nel	B
corso	NOUN	corso	I
di	PRE	di	I
sistemi	NOUN	sistema	O
il	ART	il	O
trust	NOUN	trust	O
ha	VER:fin	avere	O
tutto	DET:indef	tutto	O
questo	DET:demo	questo	O
spazio	NOUN	spazio	O
quindi	ADV	quindi	O
			
#Text=perché innanzi vabbé eh in generale			
perché	WH	perché	O
innanzi	PRE	innanzi	O
vabbé	NOCAT	<unknown>	O
eh	NOCAT	eh	O
in	PRE	in	B
generale	NOUN	generale	I
			
#Text=cioè che motivi didattici ci sono secondo lei			
cioè	ADV	cioè	O
che	CHE	che	O
motivi	NOUN	motivo	O
didattici	ADJ	didattico	O
ci	CLI	ci	O
sono	VER:fin	essere	O
secondo	PRE	secondo	O
lei	PRO:pers	lei	O
			
#Text=eh il motivo didat eh probabilmen te e il eh poi l' interes cioè eh il la il favore che il trust eh ha suscitato nei confronti dell' equity perché l' equity l' equity si rivela come un metodo che poi verrà contrastato perché viola quella che è la certezza del diritto che chiaramente eh i criteri della morale e dell' etica sono dei criteri molto labili e vaghi			
eh	NOCAT	eh	O
il	ART	il	O
motivo	NOUN	motivo	O
didat	ADJ	<unknown>	O
eh	NOCAT	eh	O
probabilmen	VER:fin	<unknown>	O
te	PRO:pers	te	O
e	CON	e	O
il	ART	il	O
eh	NOCAT	eh	O
poi	ADV	poi	O
l'	ART	l'	O
interes	NOUN	<unknown>	O
cioè	ADV	cioè	O
eh	NOCAT	eh	O
il	ART	il	O
la	ART	la	O
il	ART	il	O
favore	NOUN	favore	O
che	CHE	che	O
il	ART	il	O
trust	NOUN	trust	O
eh	NOCAT	eh	O
ha	AUX:fin	avere	O
suscitato	VER:ppast	suscitare	O
nei	ARTPRE	nel	O
confronti	NOUN	confronto	O
dell'	ARTPRE	dell'	O
equity	NOUN	<unknown>	O
perché	WH	perché	O
l'	ART	l'	O
equity	NOUN	<unknown>	O
l'	ART	l'	O
equity	NOUN	<unknown>	O
si	CLI	si	O
rivela	VER:fin	rivelare	O
come	WH	come	O
un	ART	un	O
metodo	NOUN	metodo	O
che	CHE	che	O
poi	ADV	poi	O
verrà	AUX:fin	venire	O
contrastato	VER:ppast	contrastare	O
perché	WH	perché	O
viola	VER:fin	violare	O
quella	PRO:demo	quella	O
che	CHE	che	O
è	VER:fin	essere	O
la	ART	la	O
certezza	NOUN	certezza	O
del	ARTPRE	del	O
diritto	NOUN	diritto	O
che	CHE	che	O
chiaramente	ADV:mente	chiaramente	O
eh	NOCAT	eh	O
i	ART	il	O
criteri	NOUN	criterio	O
della	ARTPRE	della	O
morale	NOUN	morale	O
e	CON	e	O
dell'	ARTPRE	dell'	O
etica	NOUN	etica	O
sono	VER:fin	essere	O
dei	ARTPRE	del	O
criteri	NOUN	criterio	O
molto	ADV	molto	O
labili	ADJ	labile	O
e	CON	e	O
vaghi	ADJ	vago	O
			
#Text=mh			
mh	VER:fin	<unknown>	O
			
#Text=però indubbiamente introduce appunto un concetto per cui n non ci si ferma al eh semplice contra al eh semplice contratto bensì si fa riferimento anche a quello che c' è sotto cioè che ci può essere un accordo basato anche su dei rapporti appunto come il trust			
però	ADV	però	O
indubbiamente	ADV:mente	indubbiamente	O
introduce	VER:fin	introdurre	O
appunto	ADV	appunto	O
un	ART	un	O
concetto	NOUN	concetto	O
per	PRE	per	O
cui	WH	cui	O
n	VER:fin	<unknown>	O
non	NEG	non	O
ci	CLI	ci	O
si	CLI	si	O
ferma	VER:fin	fermare	O
al	ARTPRE	al	O
eh	NOCAT	eh	O
semplice	ADJ	semplice	O
contra	VER:fin	<unknown>	O
al	ARTPRE	al	O
eh	NOCAT	eh	O
semplice	ADJ	semplice	O
contratto	NOUN	contratto	O
bensì	CON	bensì	O
si	CLI	si	O
fa	VER:fin	fare	O
riferimento	NOUN	riferimento	O
anche	ADV	anche	O
a	PRE	a	O
quello	PRO:demo	quello	O
che	CHE	che	O
c'	CLI	c'	O
è	VER:fin	essere	O
sotto	ADV	sotto	O
cioè	ADV	cioè	O
che	CHE	che	O
ci	CLI	ci	O
può	VER2:fin	potere	O
essere	VER:infi	essere	O
un	ART	un	O
accordo	NOUN	accordo	O
basato	VER:ppast	basare	O
anche	ADV	anche	O
su	PRE	su	O
dei	ARTPRE	del	O
rapporti	NOUN	rapporto	O
appunto	ADV	appunto	O
come	WH	come	O
il	ART	il	O
trust	NOUN	trust	O
			
#Text=sì diciamo che il trust ha determinato il successo della corte di equity giustissimo			
sì	ADV	sì	O
diciamo	VER:fin	dire	O
che	CHE	che	O
il	ART	il	O
trust	NOUN	trust	O
ha	AUX:fin	avere	O
determinato	VER:ppast	determinare	O
il	ART	il	O
successo	NOUN	successo	O
della	ARTPRE	della	O
corte	NOUN	corte	O
di	PRE	di	O
equity	NOUN	<unknown>	O
giustissimo	ADJ	giusto	O
			
#Text=e poi ancora ai giorni d' oggi il truste è molto u è è un eh è un istituto molto usato che ha preso piede appunto un istituto non ovviamente di tradizione ehm			
e	CON	e	O
poi	ADV	poi	O
ancora	ADV	ancora	O
ai	ARTPRE	al	B
giorni	NOUN	giorno	I
d'	PRE	da|di	I
oggi	ADV	oggi	I
il	ART	il	O
truste	NOUN	<unknown>	O
è	VER:fin	essere	O
molto	ADV	molto	O
u	ADJ	<unknown>	O
è	VER:fin	essere	O
è	VER:fin	essere	O
un	ART	un	O
eh	NOCAT	eh	O
è	VER:fin	essere	O
un	ART	un	O
istituto	NOUN	istituto	O
molto	ADV	molto	O
usato	VER:ppast	usare	O
che	CHE	che	O
ha	AUX:fin	avere	B
preso	VER:ppast	prendere	I
piede	NOUN	piede	I
appunto	ADV	appunto	O
un	ART	un	O
istituto	NOUN	istituto	O
non	NEG	non	O
ovviamente	ADV:mente	ovviamente	O
di	PRE	di	O
tradizione	NOUN	tradizione	O
ehm	ADJ	<unknown>	O
			
#Text=eh e e di cosa cosa viene per cosa viene usato			
eh	NOCAT	eh	O
e	CON	e	O
e	CON	e	O
di	PRE	di	O
cosa	NOUN	cosa	O
cosa	WH	cosa	O
viene	VER:fin	venire	O
per	PRE	per	O
cosa	NOUN	cosa	O
viene	AUX:fin	venire	O
usato	VER:ppast	usare	O
			
#Text=eh nel caso in cui i soggetti non vogliano comparire eh quindi vogliano mantenere una sorta di anonimato ehm			
eh	NOCAT	eh	O
nel	ARTPRE	nel	O
caso	NOUN	caso	O
in	PRE	in	O
cui	WH	cui	O
i	ART	il	O
soggetti	NOUN	soggetto	O
non	NEG	non	O
vogliano	VER2:fin	volere	O
comparire	VER:infi	comparire	O
eh	NOCAT	eh	O
quindi	ADV	quindi	O
vogliano	VER2:fin	volere	O
mantenere	VER:infi	mantenere	O
una	ART	una	B
sorta	NOUN	sorta	I
di	PRE	di	I
anonimato	ADJ	<unknown>	O
ehm	NOUN	<unknown>	O
			
#Text=oppure			
oppure	CON	oppure	O
			
#Text=o sono delle concessioni ap sono			
o	CON	o	O
sono	VER:fin	essere	O
delle	ARTPRE	della	O
concessioni	NOUN	concessione	O
ap	ADJ	<unknown>	O
sono	VER:fin	essere	O
			
#Text=o anche per la difesa dei soggetti eh incapaci			
o	CON	o	O
anche	ADV	anche	O
per	PRE	per	O
la	ART	la	O
difesa	NOUN	difesa	O
dei	ARTPRE	del	O
soggetti	NOUN	soggetto	O
eh	NOCAT	eh	O
incapaci	ADJ	incapace	O
			
#Text=difesa dei sog degli incapaci quindi come nel caso mh l' esempio poteva essere quello di questo padre che vuole evitare che			
difesa	NOUN	difesa	O
dei	ARTPRE	del	O
sog	NOUN	<unknown>	O
degli	ARTPRE	del	O
incapaci	NOUN	incapace	O
quindi	ADV	quindi	O
come	WH	come	O
nel	ARTPRE	nel	O
caso	NOUN	caso	O
mh	VER:fin	<unknown>	O
l'	ART	l'	O
esempio	NOUN	esempio	O
poteva	VER2:fin	potere	O
essere	AUX:infi	essere	O
quello	PRO:demo	quello	O
di	PRE	di	O
questo	DET:demo	questo	O
padre	NOUN	padre	O
che	CHE	che	O
vuole	VER2:fin	volere	O
evitare	VER:infi	evitare	O
che	CHE	che	O
			
#Text=sì beh quello è e non era incapace tecnicamente parlando era inaffidabile però invece proprio			
sì	ADV	sì	O
beh	NOCAT	beh	O
quello	PRO:demo	quello	O
è	VER:fin	essere	O
e	CON	e	O
non	NEG	non	O
era	VER:fin	essere	O
incapace	ADJ	incapace	O
tecnicamente	ADV:mente	tecnicamente	O
parlando	VER:geru	parlare	O
era	VER:fin	essere	O
inaffidabile	ADJ	inaffidabile	O
però	ADV	però	O
invece	ADV	invece	O
proprio	ADV	proprio	O
			
#Text=no certo però un esempio potrebbe esatto potrebbe essere il sog i il eh caso di un soggetto di un genitore che ha un figlio incapace e vorrebbe evitare certo come			
no	ADV	no	O
certo	ADV	certo	O
però	ADV	però	O
un	ART	un	O
esempio	NOUN	esempio	O
potrebbe	VER2:fin	potere	O
esatto	ADJ	esatto	O
potrebbe	VER2:fin	potere	O
essere	VER:infi	essere	O
il	ART	il	O
sog	VER:fin	<unknown>	O
i	ART	il	O
il	ART	il	O
eh	NOCAT	eh	O
caso	NOUN	caso	O
di	PRE	di	O
un	ART	un	O
soggetto	NOUN	soggetto	O
di	PRE	di	O
un	ART	un	O
genitore	NOUN	genitore	O
che	CHE	che	O
ha	VER:fin	avere	O
un	ART	un	O
figlio	NOUN	figlio	O
incapace	ADJ	incapace	O
e	CON	e	O
vorrebbe	VER2:fin	volere	O
evitare	VER:infi	evitare	O
certo	ADV	certo	O
come	WH	come	O
			
#Text=incapace quindi è una m			
incapace	NOUN	incapace	O
quindi	ADV	quindi	O
è	VER:fin	essere	O
una	ART	una	O
m	VER:fin	<unknown>	O
			
#Text=una misura di protezione oppure è un eh un per eh si usa nella successione			
una	ART	una	O
misura	NOUN	misura	O
di	PRE	di	O
protezione	NOUN	protezione	O
oppure	CON	oppure	O
è	VER:fin	essere	O
un	ART	un	O
eh	NOCAT	eh	O
un	ART	un	O
per	PRE	per	O
eh	NOCAT	eh	O
si	CLI	si	O
usa	VER:fin	usare	O
nella	ARTPRE	nella	O
successione	NOUN	successione	O
			
#Text=nelle s anche nel caso di successioni no comunque è un istituto molto importante			
nelle	ARTPRE	nella	O
s	VER:fin	<unknown>	O
anche	ADV	anche	O
nel	ARTPRE	nel	O
caso	NOUN	caso	O
di	PRE	di	O
successioni	NOUN	successione	O
no	ADV	no	O
comunque	WH	comunque	O
è	VER:fin	essere	O
un	ART	un	O
istituto	NOUN	istituto	O
molto	ADV	molto	O
importante	ADJ	importante	O
			
#Text=e senta in italiano si dice no normativa antitrust			
e	CON	e	O
senta	VER:fin	sentire	O
in	PRE	in	O
italiano	ADJ	italiano	O
si	CLI	si	O
dice	VER:fin	dire	O
no	ADV	no	O
normativa	ADJ	normativo	O
antitrust	NOUN	antitrust	O
			
#Text=quello è un ulteriore uso del trust eh			
quello	PRO:demo	quello	O
è	VER:fin	essere	O
un	ART	un	O
ulteriore	ADJ	ulteriore	O
uso	NOUN	uso	O
del	ARTPRE	del	O
trust	NOUN	trust	O
eh	NOCAT	eh	O
			
#Text=ma			
ma	CON	ma	O
			
#Text=si vuole evitare il l' uso del trust eh			
si	CLI	si	O
vuole	VER2:fin	volere	O
evitare	VER:infi	evitare	O
il	ART	il	O
l'	ART	l'	O
uso	NOUN	uso	O
del	ARTPRE	del	O
trust	NOUN	trust	O
eh	NOCAT	eh	O
			
#Text=però trust è cartel è in materia economica			
però	ADV	però	O
trust	NOUN	trust	O
è	VER:fin	essere	O
cartel	NOUN	<unknown>	O
è	VER:fin	essere	O
in	PRE	in	O
materia	NOUN	materia	O
economica	ADJ	economico	O
			
#Text=è cartello in materia societaria ecco quindi è un eh istituto che uno deve sapere almeno che cos' è ecco			
è	VER:fin	essere	O
cartello	NOUN	cartello	O
in	PRE	in	O
materia	NOUN	materia	O
societaria	ADJ	societario	O
ecco	ADV	ecco	O
quindi	ADV	quindi	O
è	VER:fin	essere	O
un	ART	un	O
eh	NOCAT	eh	O
istituto	NOUN	istituto	O
che	CHE	che	O
uno	PRO:indef	uno	O
deve	VER2:fin	dovere	O
sapere	VER:infi	sapere	O
almeno	ADV	almeno	O
che	CHE	che	O
cos'	ADJ	<unknown>	O
è	VER:fin	essere	O
ecco	ADV	ecco	O
			
#Text=sì in materia s sì societaria economica sì è una			
sì	ADV	sì	O
in	PRE	in	O
materia	NOUN	materia	O
s	VER:fin	<unknown>	O
sì	ADV	sì	O
societaria	ADJ	societario	O
economica	ADJ	economico	O
sì	ADV	sì	O
è	VER:fin	essere	O
una	ART	una	O
			
#Text=che			
che	CHE	che	O
			
#Text=sì sì sì sì no assolutamente			
sì	ADV	sì	O
sì	ADV	sì	O
sì	ADV	sì	O
sì	ADV	sì	O
no	ADV	no	O
assolutamente	ADV:mente	assolutamente	O
			
#Text=benissimo e mh invece mi vuole dire qualcosa della scuola storica del diritto passando a un' altra mh tradizione			
benissimo	ADV	benissimo	O
e	CON	e	O
mh	VER:fin	<unknown>	O
invece	ADV	invece	O
mi	CLI	mi	O
vuole	VER2:fin	volere	O
dire	VER:infi	dire	O
qualcosa	PRO:indef	qualcosa	O
della	ARTPRE	della	O
scuola	NOUN	scuola	O
storica	ADJ	storico	O
del	ARTPRE	del	O
diritto	NOUN	diritto	O
passando	VER:geru	passare	O
a	PRE	a	O
un'	ART	un'	O
altra	PRO:indef	altra	O
mh	VER:fin	<unknown>	O
tradizione	NOUN	tradizione	O
			
#Text=giuridica			
giuridica	ADJ	giuridico	O
			
#Text=allora scuola storica del diritto			
allora	ADV	allora	O
scuola	NOUN	scuola	O
storica	ADJ	storico	O
del	ARTPRE	del	O
diritto	NOUN	diritto	O
			
#Text=eh			
eh	NOCAT	eh	O
			
#Text=se non erro ora non vo sono un momento confusa però stavo riflettendo la scuola storica del diritto ehm			
se	CON	se	B
non	NEG	non	I
erro	VER:fin	errare	I
ora	ADV	ora	O
non	NEG	non	O
vo	VER:fin	<unknown>	O
sono	VER:fin	essere	O
un	ART	un	O
momento	NOUN	momento	O
confusa	VER:ppast	confondere	O
però	ADV	però	O
stavo	VER:fin	stare	O
riflettendo	VER:geru	riflettere	O
la	ART	la	O
scuola	NOUN	scuola	O
storica	ADJ	storico	O
del	ARTPRE	del	O
diritto	NOUN	diritto	O
ehm	ADJ	<unknown>	O
			
#Text=sì sì ci pensi pensi un attimo			
sì	ADV	sì	O
sì	ADV	sì	O
ci	CLI	ci	O
pensi	VER:fin	pensare	O
pensi	VER:fin	pensare	O
un	ART	un	B
attimo	NOUN	attimo	I
			
#Text=mi rico è quella che si ricollega anche al eh romanticismo storiografico esatto okay no perché esat			
mi	CLI	mi	O
rico	VER:fin	<unknown>	O
è	VER:fin	essere	O
quella	PRO:demo	quella	O
che	CHE	che	O
si	CLI	si	O
ricollega	VER:fin	ricollegare	O
anche	ADV	anche	O
al	ARTPRE	al	O
eh	NOCAT	eh	O
romanticismo	NOUN	romanticismo	O
storiografico	ADJ	storiografico	O
esatto	ADJ	esatto	O
okay	ADV	okay	O
no	ADV	no	O
perché	WH	perché	O
esat	NOUN	<unknown>	O
			
#Text=certo			
certo	ADV	certo	O
			
#Text=allora ehm noi sappiamo che eh diversi studiosi a partire eh dallo stesso rené david			
allora	ADV	allora	O
ehm	ADJ	<unknown>	O
noi	PRO:pers	noi	O
sappiamo	VER:fin	sapere	O
che	CHE	che	O
eh	NOCAT	eh	O
diversi	ADJ	diverso	O
studiosi	NOUN	studioso	O
a	PRE	a	B
partire	VER:infi	partire	I
eh	NOCAT	eh	O
dallo	ARTPRE	dal	I
stesso	ADJ	stesso	O
rené	NOUN	<unknown>	O
david	VER:fin	<unknown>	O
			
#Text=eh suddividono in grandi famiglie di conseguenza una delle grandi suddivisioni delle grandi tematiche è stata quella della divisione ehm inizialmente netta tra common law e civil law			
eh	NOCAT	eh	O
suddividono	VER:fin	suddividere	O
in	PRE	in	O
grandi	ADJ	grande	O
famiglie	NOUN	famiglia	O
di	PRE	di	B
conseguenza	NOUN	conseguenza	I
una	ART	una	O
delle	ARTPRE	della	O
grandi	ADJ	grande	O
suddivisioni	NOUN	suddivisione	O
delle	ARTPRE	della	O
grandi	ADJ	grande	O
tematiche	NOUN	tematica	O
è	AUX:fin	essere	O
stata	VER:ppast	essere|stare	O
quella	PRO:demo	quella	O
della	ARTPRE	della	O
divisione	NOUN	divisione	O
ehm	ADJ	<unknown>	O
inizialmente	ADV:mente	inizialmente	O
netta	ADJ	netto	O
tra	PRE	tra	O
common	VER:fin	<unknown>	O
law	ADJ	<unknown>	O
e	CON	e	O
civil	NOUN	<unknown>	O
law	VER:fin	<unknown>	O
			
#Text=ehm ovviamente questa divisione al giorno d' oggi non è eh più abbracciata nel senso che eh no cioè non è più			
ehm	ADJ	<unknown>	O
ovviamente	ADV:mente	ovviamente	O
questa	DET:demo	questo	O
divisione	NOUN	divisione	O
al	ARTPRE	al	B
giorno	NOUN	giorno	I
d'	PRE	da|di	I
oggi	ADV	oggi	I
non	NEG	non	O
è	VER:fin	essere	O
eh	NOCAT	eh	O
più	ADV	più	O
abbracciata	VER:ppast	abbracciare	O
nel	ARTPRE	nel	B
senso	NOUN	senso	I
che	CHE	che	O
eh	NOCAT	eh	O
no	ADV	no	O
cioè	ADV	cioè	O
non	NEG	non	O
è	VER:fin	essere	O
più	ADV	più	O
			
#Text=sì ma eh non mi faccia una premessa così ampia se no non arriveremo mai alla scuola storica			
sì	ADV	sì	O
ma	CON	ma	O
eh	NOCAT	eh	O
non	NEG	non	O
mi	CLI	mi	O
faccia	VER:fin	fare	O
una	ART	una	O
premessa	NOUN	premessa	O
così	ADV	così	O
ampia	ADJ	ampio	O
se	CON	se	O
no	ADV	no	O
non	NEG	non	O
arriveremo	VER:fin	arrivare	O
mai	ADV	mai	O
alla	ARTPRE	alla	O
scuola	NOUN	scuola	O
storica	ADJ	storico	O
			
#Text=no diciamo no diciamo che appunto non è una al giorno d' oggi questa premessa non è non è così non è diciamo non è accettata in termini così netti			
no	ADV	no	O
diciamo	VER:fin	dire	O
no	ADV	no	O
diciamo	VER:fin	dire	O
che	CHE	che	O
appunto	ADV	appunto	O
non	NEG	non	O
è	VER:fin	essere	O
una	ART	una	O
al	ARTPRE	al	B
giorno	NOUN	giorno	I
d'	PRE	da|di	I
oggi	ADV	oggi	I
questa	DET:demo	questo	O
premessa	NOUN	premessa	O
non	NEG	non	O
è	VER:fin	essere	O
non	NEG	non	O
è	VER:fin	essere	O
così	ADV	così	O
non	NEG	non	O
è	VER:fin	essere	O
diciamo	VER:fin	dire	O
non	NEG	non	O
è	AUX:fin	essere	O
accettata	VER:ppast	accettare	O
in	PRE	in	O
termini	NOUN	termine	O
così	ADV	così	O
netti	ADJ	netto	O
			
#Text=di conseguenza la scuola storica si inserisce sopratutto nell' ambito degli storici inglesi			
di	PRE	di	O
conseguenza	NOUN	conseguenza	O
la	ART	la	O
scuola	NOUN	scuola	O
storica	ADJ	storico	O
si	CLI	si	O
inserisce	VER:fin	inserire	O
sopratutto	ADJ	<unknown>	O
nell'	ARTPRE	nell'	O
ambito	NOUN	ambito	O
degli	ARTPRE	del	O
storici	NOUN	storico	O
inglesi	ADJ	inglese	O
			
#Text=i quali del romanticismo storiografico			
i	ART	il	O
quali	WH	quali	O
del	ARTPRE	del	O
romanticismo	NOUN	romanticismo	O
storiografico	ADJ	storiografico	O
			
#Text=no			
no	ADV	no	O
			
#Text=guardi che il romanticismo sì c' è il romanticismo inglese ma i campioni del romanticismo sono i tedeschi			
guardi	VER:fin	guardare	O
che	CHE	che	O
il	ART	il	O
romanticismo	NOUN	romanticismo	O
sì	ADV	sì	O
c'	CLI	c'	O
è	VER:fin	essere	O
il	ART	il	O
romanticismo	NOUN	romanticismo	O
inglese	ADJ	inglese	O
ma	CON	ma	O
i	ART	il	O
campioni	NOUN	campione	O
del	ARTPRE	del	O
romanticismo	NOUN	romanticismo	O
sono	VER:fin	essere	O
i	ART	il	O
tedeschi	NOUN	tedesco	O
			
#Text=ah perché eh mh io mi ricordo ah un riferimento al romanticismo storiografico per cui ad esempio il eh il common law e ci ehm gli storici inglesi sottolineavano nettamente la profonda divisione tra quella che è il common law e il civil law eh proprio eh partendo dalla storia cioè ritendendo che gli ven gli eventi storici			
ah	NOCAT	ah	O
perché	WH	perché	O
eh	NOCAT	eh	O
mh	VER:fin	<unknown>	O
io	PRO:pers	io	O
mi	CLI	mi	O
ricordo	VER:fin	ricordare	O
ah	NOCAT	ah	O
un	ART	un	O
riferimento	NOUN	riferimento	O
al	ARTPRE	al	O
romanticismo	NOUN	romanticismo	O
storiografico	ADJ	storiografico	O
per	PRE	per	O
cui	WH	cui	O
ad	PRE	ad	B
esempio	NOUN	esempio	I
il	ART	il	O
eh	NOCAT	eh	O
il	ART	il	O
common	VER:fin	<unknown>	O
law	ADJ	<unknown>	O
e	CON	e	O
ci	CLI	ci	O
ehm	VER:fin	<unknown>	O
gli	ART	il	O
storici	NOUN	storico	O
inglesi	ADJ	inglese	O
sottolineavano	VER:fin	sottolineare	O
nettamente	ADV:mente	nettamente	O
la	ART	la	O
profonda	ADJ	profondo	O
divisione	NOUN	divisione	O
tra	PRE	tra	O
quella	PRO:demo	quella	O
che	CHE	che	O
è	VER:fin	essere	O
il	ART	il	O
common	VER:fin	<unknown>	O
law	ADJ	<unknown>	O
e	CON	e	O
il	ART	il	O
civil	NOUN	<unknown>	O
law	VER:fin	<unknown>	O
eh	NOCAT	eh	O
proprio	ADV	proprio	O
eh	NOCAT	eh	O
partendo	VER:geru	partire	O
dalla	ARTPRE	dalla	O
storia	NOUN	storia	O
cioè	ADV	cioè	O
ritendendo	VER:geru	<unknown>	O
che	CHE	che	O
gli	CLI	gli	O
ven	VER:fin	<unknown>	O
gli	ART	il	O
eventi	NOUN	evento	O
storici	ADJ	storico	O
			
#Text=eh mh che avevano dato il via appunto a a tutto ciò che riguarda l' inghilterra erano nettamente differenti rispetto a tutti gli altri eh l l rispetto a tutta l' altre concezioni			
eh	NOCAT	eh	O
mh	VER:fin	<unknown>	O
che	CHE	che	O
avevano	AUX:fin	avere	B
dato	VER:ppast	dare	I
il	ART	il	I
via	NOUN	via	I
appunto	ADV	appunto	O
a	PRE	a	O
a	PRE	a	O
tutto	DET:indef	tutto	O
ciò	PRO:demo	ciò	O
che	CHE	che	O
riguarda	VER:fin	riguardare	O
l'	ART	l'	O
inghilterra	VER:fin	<unknown>	O
erano	VER:fin	essere	O
nettamente	ADV:mente	nettamente	O
differenti	ADJ	differente	O
rispetto	NOUN	rispetto	O
a	PRE	a	O
tutti	DET:indef	tutto	O
gli	ART	il	O
altri	PRO:indef	altri	O
eh	NOCAT	eh	O
l	VER:fin	<unknown>	O
l	ADJ	<unknown>	O
rispetto	NOUN	rispetto	O
a	PRE	a	O
tutta	DET:indef	tutto	O
l'	ART	l'	O
altre	DET:indef	altro	O
concezioni	NOUN	concezione	O
			
#Text=a volte lo pensano anche i francesi dei tedeschi i tedeschi dei francesi gli italiani degli inglesi certo			
a	PRE	a	O
volte	NOUN	volta	O
lo	CLI	lo	O
pensano	VER:fin	pensare	O
anche	ADV	anche	O
i	ART	il	O
francesi	NOUN	francese	O
dei	ARTPRE	del	O
tedeschi	NOUN	tedesco	O
i	ART	il	O
tedeschi	NOUN	tedesco	O
dei	ARTPRE	del	O
francesi	NOUN	francese	O
gli	ART	il	O
italiani	NOUN	italiano	O
degli	ARTPRE	del	O
inglesi	NOUN	inglese	O
certo	ADV	certo	O
			
#Text=sì esatto sì esatto ehm			
sì	ADV	sì	O
esatto	ADJ	esatto	O
sì	ADV	sì	O
esatto	ADJ	esatto	O
ehm	NOUN	<unknown>	O
			
#Text=sì no però avevo fatto riferimento a quello scusi eh			
sì	ADV	sì	O
no	ADV	no	O
però	ADV	però	O
avevo	AUX:fin	avere	B
fatto	VER:ppast	fare	I
riferimento	NOUN	riferimento	I
a	PRE	a	O
quello	PRO:demo	quello	O
scusi	VER:fin	scusare	O
eh	NOCAT	eh	O
			
#Text=certo certamente c' è un rife cioè questo legame tra la storia e il diritto			
certo	ADV	certo	O
certamente	ADV:mente	certamente	O
c'	CLI	c'	O
è	VER:fin	essere	O
un	ART	un	O
rife	VER:fin	<unknown>	O
cioè	ADV	cioè	O
questo	DET:demo	questo	O
legame	NOUN	legame	O
tra	PRE	tra	O
la	ART	la	O
storia	NOUN	storia	O
e	CON	e	O
il	ART	il	O
diritto	NOUN	diritto	O
			
#Text=cioè il riferimento per cui ques esatto gli inglesi in particolare mi ricordo cercavano di sottolineare particolarmente questa dis questa netta distinzione			
cioè	ADV	cioè	O
il	ART	il	O
riferimento	NOUN	riferimento	O
per	PRE	per	O
cui	WH	cui	O
ques	NOUN	<unknown>	O
esatto	ADJ	esatto	O
gli	ART	il	O
inglesi	NOUN	inglese	O
in	PRE	in	O
particolare	NOUN	particolare	O
mi	CLI	mi	O
ricordo	VER:fin	ricordare	O
cercavano	VER:fin	cercare	O
di	PRE	di	O
sottolineare	VER:infi	sottolineare	O
particolarmente	ADV:mente	particolarmente	O
questa	DET:demo	questo	O
dis	NOUN	<unknown>	O
questa	DET:demo	questo	O
netta	ADJ	netto	O
distinzione	NOUN	distinzione	O
			
#Text=che poi è una distinzione ovvia nel senso che se da un eh da un evento storico da un particolare evento storico può discendere una conseguenza è ovvio che un evento successo in inghilterra potrà essere diverso da uno di quello da uno successo in n in francia			
che	CHE	che	O
poi	ADV	poi	O
è	VER:fin	essere	O
una	ART	una	O
distinzione	NOUN	distinzione	O
ovvia	ADJ	ovvio	O
nel	ARTPRE	nel	B
senso	NOUN	senso	I
che	CHE	che	O
se	CON	se	O
da	PRE	da	O
un	ART	un	O
eh	NOCAT	eh	O
da	PRE	da	O
un	ART	un	O
evento	NOUN	evento	O
storico	ADJ	storico	O
da	PRE	da	O
un	ART	un	O
particolare	ADJ	particolare	O
evento	NOUN	evento	O
storico	ADJ	storico	O
può	VER2:fin	potere	O
discendere	VER:infi	discendere	O
una	ART	una	O
conseguenza	NOUN	conseguenza	O
è	VER:fin	essere	O
ovvio	ADJ	ovvio	O
che	CHE	che	O
un	ART	un	O
evento	NOUN	evento	O
successo	VER:ppast	succedere	O
in	PRE	in	O
inghilterra	VER:fin	<unknown>	O
potrà	VER2:fin	potere	O
essere	AUX:infi	essere	O
diverso	ADJ	diverso	O
da	PRE	da	O
uno	PRO:indef	uno	O
di	PRE	di	O
quello	PRO:demo	quello	O
da	PRE	da	O
uno	ART	un	O
successo	NOUN	successo	O
in	PRE	in	O
n	VER:fin	<unknown>	O
in	PRE	in	O
francia	VER:fin	<unknown>	O
			
#Text=sì è talmente ovvio che può essere insignifcante cioè bisogna trovare gli eventi significativi			
sì	ADV	sì	O
è	VER:fin	essere	O
talmente	ADV:mente	talmente	O
ovvio	ADJ	ovvio	O
che	CHE	che	O
può	VER2:fin	potere	O
essere	AUX:infi	essere	O
insignifcante	VER:ppre	<unknown>	O
cioè	ADV	cioè	O
bisogna	VER:fin	bisognare	O
trovare	VER:infi	trovare	O
gli	ART	il	O
eventi	NOUN	evento	O
significativi	ADJ	significativo	O
			
#Text=esatto			
esatto	ADJ	esatto	O
			
#Text=di trovare degli eventi significativi sì			
di	PRE	di	O
trovare	VER:infi	trovare	O
degli	ARTPRE	del	O
eventi	NOUN	evento	O
significativi	ADJ	significativo	O
sì	ADV	sì	O
			
#Text=però la s quando si parla di scuola storica si fa riferimento a eh quel eh momento del pensiero giuridico tedesco che è segnato dalla personalità di von savigny			
però	ADV	però	O
la	CLI	la	O
s	VER:fin	<unknown>	O
quando	WH	quando	O
si	CLI	si	O
parla	VER:fin	parlare	O
di	PRE	di	O
scuola	NOUN	scuola	O
storica	ADJ	storico	O
si	CLI	si	O
fa	VER:fin	fare	B
riferimento	NOUN	riferimento	I
a	PRE	a	O
eh	NOCAT	eh	O
quel	DET:demo	quello	O
eh	NOCAT	eh	O
momento	NOUN	momento	O
del	ARTPRE	del	O
pensiero	NOUN	pensiero	O
giuridico	ADJ	giuridico	O
tedesco	ADJ	tedesco	O
che	CHE	che	O
è	AUX:fin	essere	O
segnato	VER:ppast	segnare	O
dalla	ARTPRE	dalla	O
personalità	NOUN	personalità	O
di	PRE	di	O
von	NOUN	von	O
savigny	NPR	<unknown>	O
			
#Text=ah s eh allora			
ah	NOCAT	ah	O
s	VER:fin	<unknown>	O
eh	NOCAT	eh	O
allora	ADV	allora	O
			
#Text=eh von savigny per a nche la ricerca dello spirito del po			
eh	NOCAT	eh	O
von	NOUN	von	O
savigny	ADJ	<unknown>	O
per	PRE	per	O
a	PRE	a	O
nche	NOUN	<unknown>	O
la	ART	la	O
ricerca	NOUN	ricerca	O
dello	ARTPRE	del	O
spirito	NOUN	spirito	O
del	ARTPRE	del	O
po	VER:fin	<unknown>	O
			
#Text=certo			
certo	ADV	certo	O
			
#Text=sì allora von savigny emerge come come figura sicuramente molto importante nell' ambito della dottrina tedesca innanzitutto perché contrasta la concezione di thubaut il quale riteneva mosso anche da un sentimento patrio patriottico di eh voler eh subito eh			
sì	ADV	sì	O
allora	ADV	allora	O
von	NOUN	von	O
savigny	ADJ	<unknown>	O
emerge	VER:fin	emergere	O
come	WH	come	O
come	WH	come	O
figura	VER:fin	figurare	O
sicuramente	ADV:mente	sicuramente	O
molto	ADV	molto	O
importante	ADJ	importante	O
nell'	ARTPRE	nell'	O
ambito	NOUN	ambito	O
della	ARTPRE	della	O
dottrina	NOUN	dottrina	O
tedesca	ADJ	tedesco	O
innanzitutto	ADV	innanzitutto	O
perché	WH	perché	O
contrasta	VER:fin	contrastare	O
la	ART	la	O
concezione	NOUN	concezione	O
di	PRE	di	O
thubaut	NOUN	<unknown>	O
il	ART	il	O
quale	WH	quale	O
riteneva	VER:fin	ritenere	O
mosso	VER:ppast	muovere	O
anche	ADV	anche	O
da	PRE	da	O
un	ART	un	O
sentimento	NOUN	sentimento	O
patrio	ADJ	patrio	O
patriottico	ADJ	patriottico	O
di	PRE	di	O
eh	NOCAT	eh	O
voler	VER2:infi	volere	O
eh	NOCAT	eh	O
subito	ADV	subito	O
eh	NOCAT	eh	O
			
#Text=di dover fornire subito la la germania di di una codificazione di un codice e in realtà von savigny			
di	PRE	di	O
dover	VER2:infi	dovere	O
fornire	VER:infi	fornire	O
subito	ADV	subito	O
la	ART	la	O
la	ART	la	O
germania	NOUN	<unknown>	O
di	PRE	di	O
di	PRE	di	O
una	ART	una	O
codificazione	NOUN	codificazione	O
di	PRE	di	O
un	ART	un	O
codice	NOUN	codice	O
e	CON	e	O
in	PRE	in	O
realtà	NOUN	realtà	O
von	NOUN	von	O
savigny	ADJ	<unknown>	O
			
#Text=in che epoca siamo perc per capire bene il eh le implicazioni di queste proposte			
in	PRE	in	O
che	CHE	che	O
epoca	NOUN	epoca	O
siamo	VER:fin	essere	O
perc	ADJ	<unknown>	O
per	PRE	per	O
capire	VER:infi	capire	O
bene	ADV	bene	O
il	ART	il	O
eh	NOCAT	eh	O
le	ART	la	O
implicazioni	NOUN	implicazione	O
di	PRE	di	O
queste	DET:demo	questo	O
proposte	NOUN	proposta	O
			
#Text=siamo nel eh			
siamo	VER:fin	essere	O
nel	ARTPRE	nel	O
eh	NOCAT	eh	O
			
#Text=grande epoca eh non è che chieda le date di pubblicazione dei delle opere			
grande	ADJ	grande	O
epoca	NOUN	epoca	O
eh	NOCAT	eh	O
non	NEG	non	O
è	VER:fin	essere	O
che	CHE	che	O
chieda	VER:fin	chiedere	O
le	ART	la	O
date	NOUN	data	O
di	PRE	di	O
pubblicazione	NOUN	pubblicazione	O
dei	ARTPRE	del	O
delle	ARTPRE	della	O
opere	NOUN	opera	O
			
#Text=dicias eh diciassettesimo sec			
dicias	ADJ	<unknown>	O
eh	NOCAT	eh	O
diciassettesimo	ADJ	diciassettesimo	O
sec	ADJ	<unknown>	O
			
#Text=eh diciassettesimo secolo sarebbero stati come dei preveggenti a accapigliarsi sui codici			
eh	NOCAT	eh	O
diciassettesimo	ADJ	diciassettesimo	O
secolo	NOUN	secolo	O
sarebbero	AUX:fin	essere	O
stati	VER:ppast	essere|stare	O
come	WH	come	O
dei	ARTPRE	del	O
preveggenti	ADJ	preveggente	O
a	PRE	a	O
accapigliarsi	VER:infi:cli	<unknown>	O
sui	ARTPRE	sul	O
codici	NOUN	codice	O
			
#Text=ah no perché poi se			
ah	NOCAT	ah	O
no	ADV	no	O
perché	WH	perché	O
poi	ADV	poi	O
se	CON	se	O
			
#Text=eh perché sì abbiamo già gli esperim a milleottocentoquatto x mille al eh all' inizio del q dell' ottocento perché abbiamo già l' influenza francese del codice			
eh	NOCAT	eh	O
perché	WH	perché	O
sì	ADV	sì	O
abbiamo	VER:fin	avere	O
già	ADV	già	O
gli	ART	il	O
esperim	NOUN	<unknown>	O
a	PRE	a	O
milleottocentoquatto	ADJ	<unknown>	O
x	ADJ	<unknown>	O
mille	NOUN	mille	O
al	ARTPRE	al	O
eh	NOCAT	eh	O
all'	ARTPRE	all'	O
inizio	NOUN	inizio	O
del	ARTPRE	del	O
q	ADJ	<unknown>	O
dell'	ARTPRE	dell'	O
ottocento	DET:num	ottocento	O
perché	WH	perché	O
abbiamo	VER:fin	avere	O
già	ADV	già	O
l'	ART	l'	O
influenza	NOUN	influenza	O
francese	ADJ	francese	O
del	ARTPRE	del	O
codice	NOUN	codice	O
			
#Text=sì all' inizio del quattro dell' ottocento			
sì	ADV	sì	O
all'	ARTPRE	all'	O
inizio	NOUN	inizio	O
del	ARTPRE	del	O
quattro	PRO:num	quattro	O
dell'	ARTPRE	dell'	O
ottocento	DET:num	ottocento	O
			
#Text=il problema in pratica è se aderire alla eh mitologia francese a tutta l' idologia francese del codice oppure no			
il	ART	il	O
problema	NOUN	problema	O
in	PRE	in	B
pratica	NOUN	pratica	I
è	VER:fin	essere	O
se	CON	se	O
aderire	VER:infi	aderire	O
alla	ARTPRE	alla	O
eh	NOCAT	eh	O
mitologia	NOUN	mitologia	O
francese	ADJ	francese	O
a	PRE	a	O
tutta	DET:indef	tutto	O
l'	ART	l'	O
idologia	NOUN	<unknown>	O
francese	ADJ	francese	O
del	ARTPRE	del	O
codice	NOUN	codice	O
oppure	CON	oppure	O
no	ADV	no	O
			
#Text=sì se aderire alla grande			
sì	ADV	sì	O
se	CON	se	O
aderire	VER:infi	aderire	O
alla	ARTPRE	alla	O
grande	ADJ	grande	O
			
#Text=esatto che la cui data significativa è il milleottocentoquattro con l' introduzione del eh code del codice napoleonico			
esatto	ADJ	esatto	O
che	CHE	che	O
la	ART	la	O
cui	WH	cui	O
data	NOUN	data	O
significativa	ADJ	significativo	O
è	VER:fin	essere	O
il	ART	il	O
milleottocentoquattro	NOUN	<unknown>	O
con	PRE	con	O
l'	ART	l'	O
introduzione	NOUN	introduzione	O
del	ARTPRE	del	O
eh	NOCAT	eh	O
code	NOUN	coda	O
del	ARTPRE	del	O
codice	NOUN	codice	O
napoleonico	ADJ	napoleonico	O
			
#Text=mh			
mh	VER:fin	<unknown>	O
			
#Text=o oppure no e in quasto caso thibaut ehm si ri si rivelò essere mosso da un profondo sentimento diciamo così patriottico ma si può dire che in realtà questo non era supportato da delle basi poli cioè diciamo da una struttura politica non eh non c' erano le basi appunto per dare il via ad una codificazione			
o	CON	o	O
oppure	CON	oppure	O
no	ADV	no	O
e	CON	e	O
in	PRE	in	O
quasto	ADJ	<unknown>	O
caso	NOUN	caso	O
thibaut	NOUN	<unknown>	O
ehm	ADJ	<unknown>	O
si	CLI	si	O
ri	NOUN	rio	O
si	CLI	si	O
rivelò	VER:fin	rivelare	O
essere	AUX:infi	essere	O
mosso	VER:ppast	muovere	O
da	PRE	da	O
un	ART	un	O
profondo	ADJ	profondo	O
sentimento	NOUN	sentimento	O
diciamo	VER:fin	dire	O
così	ADV	così	O
patriottico	ADJ	patriottico	O
ma	CON	ma	O
si	CLI	si	O
può	VER2:fin	potere	O
dire	VER:infi	dire	O
che	CHE	che	O
in	PRE	in	B
realtà	NOUN	realtà	I
questo	PRO:demo	questo	O
non	NEG	non	O
era	AUX:fin	essere	O
supportato	VER:ppast	supportare	O
da	PRE	da	O
delle	ARTPRE	della	O
basi	NOUN	base	O
poli	VER:fin	polire	O
cioè	ADV	cioè	O
diciamo	VER:fin	dire	O
da	PRE	da	O
una	ART	una	O
struttura	NOUN	struttura	O
politica	ADJ	politico	O
non	NEG	non	O
eh	NOCAT	eh	O
non	NEG	non	O
c'	CLI	c'	O
erano	VER:fin	essere	O
le	ART	la	O
basi	NOUN	base	O
appunto	ADV	appunto	O
per	PRE	per	O
dare	VER:infi	dare	B
il	ART	il	I
via	NOUN	via	I
ad	PRE	ad	O
una	ART	una	O
codificazione	NOUN	codificazione	O
			
#Text=e infatti viene profondamente criticato da von savigny eh il quale ritiene che prima di una codificazione è necessario che si ricerchino quei criteri e quelle me eh quei criteri sistematici e metodologici e si ricerchi lo spirito del eh del popolo il eh volksgeist			
e	CON	e	O
infatti	ADV	infatti	O
viene	AUX:fin	venire	O
profondamente	ADV:mente	profondamente	O
criticato	VER:ppast	criticare	O
da	PRE	da	O
von	NOUN	von	O
savigny	NPR	<unknown>	O
eh	NOCAT	eh	O
il	ART	il	O
quale	WH	quale	O
ritiene	VER:fin	ritenere	O
che	CHE	che	O
prima	ADV	prima	O
di	PRE	di	O
una	ART	una	O
codificazione	NOUN	codificazione	O
è	VER:fin	essere	O
necessario	ADJ	necessario	O
che	CHE	che	O
si	CLI	si	O
ricerchino	VER:fin	ricercare	O
quei	DET:demo	quello	O
criteri	NOUN	criterio	O
e	CON	e	O
quelle	PRO:demo	quelle	O
me	PRO:pers	me	O
eh	NOCAT	eh	O
quei	DET:demo	quello	O
criteri	NOUN	criterio	O
sistematici	ADJ	sistematico	O
e	CON	e	O
metodologici	ADJ	metodologico	O
e	CON	e	O
si	CLI	si	O
ricerchi	VER:fin	ricercare	O
lo	ART	il	O
spirito	NOUN	spirito	O
del	ARTPRE	del	O
eh	NOCAT	eh	O
del	ARTPRE	del	O
popolo	NOUN	popolo	O
il	ART	il	O
eh	NOCAT	eh	O
volksgeist	NOUN	<unknown>	O
			
#Text=senta eh il eh eh e effettivamente e esistevano dei problemi di tipo istituzionale all' adozione di un codice per tutta la germania però			
senta	VER:fin	sentire	O
eh	NOCAT	eh	O
il	ART	il	O
eh	NOCAT	eh	O
eh	NOCAT	eh	O
e	CON	e	O
effettivamente	ADV:mente	effettivamente	O
e	CON	e	O
esistevano	VER:fin	esistere	O
dei	ARTPRE	del	O
problemi	NOUN	problema	O
di	PRE	di	O
tipo	NOUN	tipo	O
istituzionale	ADJ	istituzionale	O
all'	ARTPRE	all'	O
adozione	NOUN	adozione	O
di	PRE	di	O
un	ART	un	O
codice	NOUN	codice	O
per	PRE	per	O
tutta	DET:indef	tutto	O
la	ART	la	O
germania	NOUN	<unknown>	O
però	ADV	però	O
			
#Text=eh mh nel la prospettiva del eh ideologia codicistica non era nemmeno un eh ostacolo insormontabile sarebbe bastato che tutti o quasi gli stati tedeschi adottassero un codice perché il codice di per sé			
eh	NOCAT	eh	O
mh	VER:fin	<unknown>	O
nel	ARTPRE	nel	O
la	ART	la	O
prospettiva	NOUN	prospettiva	O
del	ARTPRE	del	O
eh	NOCAT	eh	O
ideologia	NOUN	ideologia	O
codicistica	NOUN	<unknown>	O
non	NEG	non	O
era	VER:fin	essere	O
nemmeno	ADV	nemmeno	O
un	ART	un	O
eh	NOCAT	eh	O
ostacolo	NOUN	ostacolo	O
insormontabile	ADJ	insormontabile	O
sarebbe	AUX:fin	essere	O
bastato	VER:ppast	bastare	O
che	CHE	che	O
tutti	PRO:indef	tutti	O
o	CON	o	O
quasi	ADV	quasi	O
gli	ART	il	O
stati	NOUN	stato	O
tedeschi	ADJ	tedesco	O
adottassero	VER:fin	adottare	O
un	ART	un	O
codice	NOUN	codice	O
perché	WH	perché	O
il	ART	il	O
codice	NOUN	codice	O
di	PRE	di	B
per	PRE	per	I
sé	PRO:pers	sé	I
			
#Text=sì riuscissero			
sì	ADV	sì	O
riuscissero	VER:fin	riuscire	O
			
#Text=eh sì p eh mh			
eh	NOCAT	eh	O
sì	ADV	sì	O
p	VER:fin	<unknown>	O
eh	NOCAT	eh	O
mh	VER:fin	<unknown>	O
			
#Text=eh a a rispondeva a queste caratteristiche che erano tanto lodate in francia			
eh	NOCAT	eh	O
a	PRE	a	O
a	PRE	a	O
rispondeva	VER:fin	rispondere	O
a	PRE	a	O
queste	DET:demo	questo	O
caratteristiche	NOUN	caratteristica	O
che	CHE	che	O
erano	AUX:fin	essere	O
tanto	ADV	tanto	O
lodate	VER:ppast	lodare	O
in	PRE	in	O
francia	VER:fin	<unknown>	O
			
#Text=cioè			
cioè	ADV	cioè	O
			
#Text=eh una una razionalizzazione una sis mh un metodo sistematico attraverso cui ordinare			
eh	NOCAT	eh	O
una	ART	una	O
una	ART	una	O
razionalizzazione	NOUN	razionalizzazione	O
una	ART	una	O
sis	NOUN	<unknown>	O
mh	VER:fin	<unknown>	O
un	ART	un	O
metodo	NOUN	metodo	O
sistematico	ADJ	sistematico	O
attraverso	PRE	attraverso	O
cui	WH	cui	O
ordinare	VER:infi	ordinare	O
			
#Text=più che sistematico razionale e universale			
più	ADV	più	O
che	CHE	che	O
sistematico	ADJ	sistematico	O
razionale	ADJ	razionale	O
e	CON	e	O
universale	ADJ	universale	O
			
#Text=ehm			
ehm	NOUN	<unknown>	O
			
#Text=ra sì razionale e universale			
ra	VER:fin	<unknown>	O
sì	ADV	sì	O
razionale	ADJ	razionale	O
e	CON	e	O
universale	ADJ	universale	O
			
#Text=che sicuramente diventa cioè in francia è reso possibile da quella che è la rivoluzione francese			
che	CHE	che	O
sicuramente	ADV:mente	sicuramente	O
diventa	VER:fin	diventare	O
cioè	ADV	cioè	O
in	PRE	in	O
francia	VER:infi:cli	<unknown>	O
è	AUX:fin	essere	O
reso	VER:ppast	rendere	O
possibile	ADJ	possibile	O
da	PRE	da	O
quella	PRO:demo	quella	O
che	CHE	che	O
è	VER:fin	essere	O
la	ART	la	O
rivoluzione	NOUN	rivoluzione	O
francese	ADJ	francese	O
			
#Text=quindi la rivoluzione francese che ha delle spinte eh mh verso			
quindi	ADV	quindi	O
la	ART	la	O
rivoluzione	NOUN	rivoluzione	O
francese	ADJ	francese	O
che	CHE	che	O
ha	VER:fin	avere	O
delle	ARTPRE	della	O
spinte	NOUN	spinta	O
eh	NOCAT	eh	O
mh	VER:fin	<unknown>	O
verso	PRE	verso	O
			
#Text=scusi un at			
scusi	VER:fin	scusare	O
un	ART	un	O
at	NOUN	<unknown>	O
			
#Text=sì eh non eh bisogna segnare tutto sulla carta perché non riesco a entrare nel eh computer			
sì	ADV	sì	O
eh	NOCAT	eh	O
non	NEG	non	O
eh	NOCAT	eh	O
bisogna	VER:fin	bisognare	O
segnare	VER:infi	segnare	O
tutto	PRO:indef	tutto	O
sulla	ARTPRE	sulla	O
carta	NOUN	carta	O
perché	WH	perché	O
non	NEG	non	O
riesco	VER:fin	riuscire	O
a	PRE	a	O
entrare	VER:infi	entrare	O
nel	ARTPRE	nel	O
eh	NOCAT	eh	O
computer	NOUN	computer	O
			
#Text=intanto la prossima o il prossimo sono questi			
intanto	ADV	intanto	O
la	ART	la	O
prossima	ADJ	prossimo	O
o	CON	o	O
il	ART	il	O
prossimo	ADJ	prossimo	O
sono	VER:fin	essere	O
questi	PRO:demo	questi	O
			
#Text=di eh mh ma poten ah no aspetta p quindi è eh rossi giulia			
di	PRE	di	O
eh	NOCAT	eh	O
mh	VER:fin	<unknown>	O
ma	CON	ma	O
poten	VER:fin	<unknown>	O
ah	NOCAT	ah	O
no	ADV	no	O
aspetta	VER:fin	aspettare	O
p	VER:fin	<unknown>	O
quindi	ADV	quindi	O
è	VER:fin	essere	O
eh	NOCAT	eh	O
rossi	NOUN	rosso	O
giulia	ADJ	<unknown>	O
			
#Text=ti fai dire cosa portano questo qua è una specie di musulmano sì ti fai dire se portano diritto penale o la sharia quella della donnini			
ti	CLI	ti	O
fai	VER2:fin	fare	O
dire	VER:infi	dire	O
cosa	WH	cosa	O
portano	VER:fin	portare	O
questo	PRO:demo	questo	O
qua	ADV	qua	O
è	VER:fin	essere	O
una	ART	una	O
specie	NOUN	specie	O
di	PRE	di	O
musulmano	ADJ	musulmano	O
sì	ADV	sì	O
ti	CLI	ti	O
fai	VER2:fin	fare	O
dire	VER:infi	dire	O
se	CON	se	O
portano	VER:fin	portare	O
diritto	NOUN	diritto	O
penale	ADJ	penale	O
o	CON	o	O
la	ART	la	O
sharia	NOUN	sharia	O
quella	PRO:demo	quella	O
della	ARTPRE	della	O
donnini	NOUN	<unknown>	O
			
#Text=fattelo dire da loro ma saranno onesti			
fattelo	VER:fin	<unknown>	O
dire	VER:infi	dire	O
da	PRE	da	O
loro	PRO:pers	loro	O
ma	CON	ma	O
saranno	VER:fin	essere	O
onesti	ADJ	onesto	O
			
#Text=quindi chiami poi questa			
quindi	ADV	quindi	O
chiami	VER:fin	chiamare	O
poi	ADV	poi	O
questa	PRO:demo	questa	O
			
#Text=mi dica			
mi	CLI	mi	O
dica	VER:fin	dire	O
			
#Text=eh			
eh	NOCAT	eh	O
			
#Text=eh sì eh stavamo dicendo appunto eh su mode cioè se essere influenzati da un modello milleottocentoquattro			
eh	NOCAT	eh	O
sì	ADV	sì	O
eh	NOCAT	eh	O
stavamo	VER:fin	stare	O
dicendo	VER:geru	dire	O
appunto	ADV	appunto	O
eh	NOCAT	eh	O
su	PRE	su	O
mode	NOUN	moda	O
cioè	ADV	cioè	O
se	CON	se	O
essere	AUX:infi	essere	O
influenzati	VER:ppast	influenzare	O
da	PRE	da	O
un	ART	un	O
modello	NOUN	modello	O
milleottocentoquattro	ADJ	<unknown>	O
			
#Text=ecco quindi questa idea del codice universale e razionale			
ecco	ADV	ecco	O
quindi	ADV	quindi	O
questa	DET:demo	questo	O
idea	NOUN	idea	O
del	ARTPRE	del	O
codice	NOUN	codice	O
universale	ADJ	universale	O
e	CON	e	O
razionale	ADJ	razionale	O
			
#Text=quindi la razionalizzazione di un codice universale che ma anche l' idea di un codice che sia comple cioè che sia completo			
quindi	ADV	quindi	O
la	ART	la	O
razionalizzazione	NOUN	razionalizzazione	O
di	PRE	di	O
un	ART	un	O
codice	NOUN	codice	O
universale	ADJ	universale	O
che	CHE	che	O
ma	CON	ma	O
anche	ADV	anche	O
l'	ART	l'	O
idea	NOUN	idea	O
di	PRE	di	O
un	ART	un	O
codice	NOUN	codice	O
che	CHE	che	O
sia	VER:fin	essere	O
comple	ADJ	<unknown>	O
cioè	ADV	cioè	O
che	CHE	che	O
sia	VER:fin	essere	O
completo	ADJ	completo	O
			
#Text=eh mh che non abbia lacune cosa che in realtà si si veda e è un' operazione praticamente impossibile come nel caso			
eh	NOCAT	eh	O
mh	VER:fin	<unknown>	O
che	CHE	che	O
non	NEG	non	O
abbia	VER:fin	avere	O
lacune	NOUN	lacuna	O
cosa	NOUN	cosa	O
che	CHE	che	O
in	PRE	in	B
realtà	NOUN	realtà	I
si	CLI	si	O
si	CLI	si	O
veda	VER:fin	vedere	O
e	CON	e	O
è	VER:fin	essere	O
un'	ART	un'	O
operazione	NOUN	operazione	O
praticamente	ADV:mente	praticamente	O
impossibile	ADJ	impossibile	O
come	WH	come	O
nel	ARTPRE	nel	O
caso	NOUN	caso	O
			
#Text=sì questo lo vedono in certo			
sì	ADV	sì	O
questo	PRO:demo	questo	O
lo	CLI	lo	O
vedono	VER:fin	vedere	O
in	PRE	in	O
certo	ADV	certo	O
			
#Text=nel caso del code napoléon per quanto venga eh mh ostentata la sua completezza in realtà sono evidenti lacune in merito di colpa in merito del buon costume dell' ordine			
nel	ARTPRE	nel	O
caso	NOUN	caso	O
del	ARTPRE	del	O
code	NOUN	coda	O
napoléon	ADJ	<unknown>	O
per	PRE	per	O
quanto	WH	quanto	O
venga	VER:fin	venire	O
eh	NOCAT	eh	O
mh	VER:fin	<unknown>	O
ostentata	VER:ppast	ostentare	O
la	ART	la	O
sua	DET:poss	suo	O
completezza	NOUN	completezza	O
in	PRE	in	B
realtà	NOUN	realtà	I
sono	VER:fin	essere	O
evidenti	ADJ	evidente	O
lacune	NOUN	lacuna	O
in	PRE	in	O
merito	NOUN	merito	O
di	PRE	di	O
colpa	NOUN	colpa	O
in	PRE	in	O
merito	NOUN	merito	O
del	ARTPRE	del	O
buon	ADJ	buon	B
costume	NOUN	costume	I
dell'	ARTPRE	dell'	O
ordine	NOUN	ordine	O
			
#Text=però diciamo che questo difetto von savigny non lo enfatizza			
però	ADV	però	O
diciamo	VER:fin	dire	O
che	CHE	che	O
questo	DET:demo	questo	O
difetto	NOUN	difetto	O
von	NOUN	von	O
savigny	ADJ	<unknown>	O
non	NEG	non	O
lo	CLI	lo	O
enfatizza	VER:fin	enfatizzare	O
			
#Text=cioè non è che dice no non facciamo il codice perché tanto il codice è per sua natura incompleto e così via no dice no non facciamo il codice perché quello che si dice del codice cioè che sia lo strumento per eh come dire eh cristallizzare un diritto razionale universale è falso			
cioè	ADV	cioè	O
non	NEG	non	O
è	VER:fin	essere	O
che	CHE	che	O
dice	VER:fin	dire	O
no	ADV	no	O
non	NEG	non	O
facciamo	VER:fin	fare	O
il	ART	il	O
codice	NOUN	codice	O
perché	WH	perché	O
tanto	ADV	tanto	O
il	ART	il	O
codice	NOUN	codice	O
è	VER:fin	essere	O
per	PRE	per	O
sua	DET:poss	suo	O
natura	NOUN	natura	O
incompleto	ADJ	incompleto	O
e	CON	e	O
così	ADV	così	O
via	ADV	via	O
no	ADV	no	O
dice	VER:fin	dire	O
no	ADV	no	O
non	NEG	non	O
facciamo	VER:fin	fare	O
il	ART	il	O
codice	NOUN	codice	O
perché	WH	perché	O
quello	PRO:demo	quello	O
che	CHE	che	O
si	CLI	si	O
dice	VER:fin	dire	O
del	ARTPRE	del	O
codice	NOUN	codice	O
cioè	ADV	cioè	O
che	CHE	che	O
sia	VER:fin	essere	O
lo	ART	il	O
strumento	NOUN	strumento	O
per	PRE	per	O
eh	NOCAT	eh	O
come	WH	come	O
dire	VER:infi	dire	O
eh	NOCAT	eh	O
cristallizzare	VER:infi	cristallizzare	O
un	ART	un	O
diritto	NOUN	diritto	O
razionale	ADJ	razionale	O
universale	ADJ	universale	O
è	VER:fin	essere	O
falso	NOUN	falso	O
			
#Text=eh sì			
eh	NOCAT	eh	O
sì	ADV	sì	O
			
#Text=cos' è il diritto per von savigny			
cos'	ADJ	<unknown>	O
è	VER:fin	essere	O
il	ART	il	O
diritto	NOUN	diritto	O
per	PRE	per	O
von	NOUN	von	O
savigny	NPR	<unknown>	O
			
#Text=eh il diritto per v abbiamo detto von savigny			
eh	NOCAT	eh	O
il	ART	il	O
diritto	NOUN	diritto	O
per	PRE	per	O
v	NOUN	<unknown>	O
abbiamo	AUX:fin	avere	O
detto	VER:ppast	dire	O
von	NOUN	von	O
savigny	ADJ	<unknown>	O
			
#Text=von savigny s i s si si occupa della ricerca di una di un metodo di una sistemazione dello spirito del popolo eh mh			
von	NOUN	von	O
savigny	ADJ	<unknown>	O
s	VER:fin	<unknown>	O
i	ART	il	O
s	NOUN	<unknown>	O
si	CLI	si	O
si	CLI	si	O
occupa	VER:fin	occupare	O
della	ARTPRE	della	O
ricerca	NOUN	ricerca	O
di	PRE	di	O
una	ART	una	O
di	PRE	di	O
un	ART	un	O
metodo	NOUN	metodo	O
di	PRE	di	O
una	ART	una	O
sistemazione	NOUN	sistemazione	O
dello	ARTPRE	del	O
spirito	NOUN	spirito	O
del	ARTPRE	del	O
popolo	NOUN	popolo	O
eh	NOCAT	eh	O
mh	VER:fin	<unknown>	O
			
#Text=va bene ventisei			
va	VER:fin	andare	B
bene	ADV	bene	I
ventisei	DET:num	ventisei	O
			
#Text=ah grazie			
ah	NOCAT	ah	O
grazie	ADV	grazie	O
			
#Text=il trust era molto meglio che la scuola storica eh			
il	ART	il	O
trust	NOUN	trust	O
era	VER:fin	essere	O
molto	ADV	molto	O
meglio	ADV	meglio	O
che	CHE	che	O
la	ART	la	O
scuola	NOUN	scuola	O
storica	ADJ	storico	O
eh	NOCAT	eh	O
			
#Text=eh il trust mi era part mi era interessato particolarmen cioè come tutto però mi era rimasto particolarmente impresso			
eh	NOCAT	eh	O
il	ART	il	O
trust	NOUN	trust	O
mi	CLI	mi	O
era	VER:fin	essere	O
part	NOUN	<unknown>	O
mi	CLI	mi	O
era	AUX:fin	essere	O
interessato	VER:ppast	interessare	O
particolarmen	VER:fin	<unknown>	O
cioè	ADV	cioè	O
come	WH	come	O
tutto	PRO:indef	tutto	O
però	ADV	però	O
mi	CLI	mi	O
era	AUX:fin	essere	O
rimasto	VER:ppast	rimanere	B
particolarmente	ADV:mente	particolarmente	o
impresso	ADJ	impresso	I
			
#Text=eh			
eh	NOCAT	eh	O
			
#Text=lei è verdi giuliana vero sì metta la firma e poi io li devo oggi non funziona il eh la registrazione elettronica comunque sp cercherò di concentrarmi			
lei	PRO:pers	lei	O
è	VER:fin	essere	O
verdi	NOUN	verde	O
giuliana	ADJ	giuliano	O
vero	ADJ	vero	O
sì	ADV	sì	O
metta	VER:fin	mettere	B
la	ART	la	I
firma	NOUN	firma	I
e	CON	e	O
poi	ADV	poi	O
io	PRO:pers	io	O
li	CLI	li	O
devo	VER2:fin	dovere	O
oggi	ADV	oggi	O
non	NEG	non	O
funziona	VER:fin	funzionare	O
il	ART	il	O
eh	NOCAT	eh	O
la	ART	la	O
registrazione	NOUN	registrazione	O
elettronica	ADJ	elettronico	O
comunque	WH	comunque	O
sp	NOUN	<unknown>	O
cercherò	VER:fin	cercare	O
di	PRE	di	O
concentrarmi	VER:infi:cli	concentrare	O
			
#Text=sì ehm qua mh			
sì	ADV	sì	O
ehm	ADJ	<unknown>	O
qua	ADV	qua	O
mh	VER:fin	<unknown>	O
			
#Text=ah okay			
ah	NOCAT	ah	O
okay	ADV	okay	O
			
#Text=vabbé grazie mille			
vabbé	VER:fin	<unknown>	O
grazie	ADV	grazie	B
mille	DET:num	mille	I
			
#Text=auguri allora per eh le i suoi esami			
auguri	NOUN	augurio	O
allora	ADV	allora	O
per	PRE	per	O
eh	NOCAT	eh	O
le	ART	la	O
i	ART	il	O
suoi	DET:poss	suo	O
esami	NOUN	esame	O
			
#Text=eh no ma infatti era l era l' ultimo esame e proprio per eh sì no sì sono riuscita a dare tutto oltretutto la scorsa settimana ho dato penale e av ho dov cioè essendo martedì ho tutti questi controlli ho dovuto di nuovo chiedere se potevo passare sì sì			
eh	NOCAT	eh	O
no	ADV	no	O
ma	CON	ma	O
infatti	ADV	infatti	O
era	VER:fin	essere	O
l	ADJ	<unknown>	O
era	VER:fin	essere	O
l'	ART	l'	O
ultimo	ADJ	ultimo	O
esame	NOUN	esame	O
e	CON	e	O
proprio	ADV	proprio	O
per	PRE	per	O
eh	NOCAT	eh	O
sì	ADV	sì	O
no	ADV	no	O
sì	ADV	sì	O
sono	AUX:fin	essere	O
riuscita	VER:ppast	riuscire	O
a	PRE	a	O
dare	VER:infi	dare	O
tutto	PRO:indef	tutto	O
oltretutto	ADV	oltretutto	O
la	ART	la	O
scorsa	ADJ	scorso	O
settimana	NOUN	settimana	O
ho	AUX:fin	avere	O
dato	VER:ppast	dare	O
penale	ADJ	penale	O
e	CON	e	O
av	ADJ	<unknown>	O
ho	VER:fin	avere	O
dov	ADJ	<unknown>	O
cioè	ADV	cioè	O
essendo	VER:geru	essere	O
martedì	NOUN	martedì	O
ho	VER:fin	avere	O
tutti	DET:indef	tutto	O
questi	DET:demo	questo	O
controlli	NOUN	controllo	O
ho	AUX:fin	avere	O
dovuto	VER:ppast	dovere	O
di	PRE	di	O
nuovo	ADJ	nuovo	O
chiedere	VER:infi	chiedere	O
se	CON	se	O
potevo	VER2:fin	potere	O
passare	VER:infi	passare	O
sì	ADV	sì	O
sì	ADV	sì	O
			
#Text=ah bene è riuscita a dare tutto			
ah	NOCAT	ah	O
bene	ADV	bene	O
è	AUX:fin	essere	O
riuscita	VER:ppast	riuscire	O
a	PRE	a	O
dare	VER:infi	dare	O
tutto	PRO:indef	tutto	O
			
#Text=vabbé adesso eh complimenti ecco			
vabbé	VER:fin	<unknown>	O
adesso	ADV	adesso	O
eh	NOCAT	eh	O
complimenti	NOUN	complimento	O
ecco	ADV	ecco	O
			
#Text=grazie arrivederci			
grazie	ADV	grazie	O
arrivederci	NOCAT	arrivederci	O
			
#Text=arrivederci			
arrivederci	NOCAT	arrivederci	O
